feature,n_cc18,n_outside,missing_total,mean_cc18,mean_outside,median_cc18,median_outside,smd_cc18_minus_outside,wasserstein,wasserstein_std,ks_ecdf_distance,ks_p,robust_5_95_overlap,ks_q_bh,abs_smd
f__pymfe.landmarking.linear_discr.sd,39,47,18,0.03518430436108969,0.07721661318409656,0.031963134968440846,0.07472208301857794,-1.1465727260174232,0.042037359283570636,1.1467104943318078,0.46372067648663395,0.0001015997208510639,0.4527318400640857,0.006510510112136174,1.1465727260174232
f__pymfe.relative.linear_discr.sd,39,47,18,0.03518430436108969,0.07721661318409656,0.031963134968440846,0.07472208301857794,-1.1465727260174232,0.042037359283570636,1.1467104943318078,0.46372067648663395,0.0001015997208510639,0.4527318400640857,0.006510510112136174,1.1465727260174232
f__pymfe.landmarking.linear_discr.range,39,47,18,0.11138015673574654,0.23747885509706004,0.10112336666475223,0.21299999999999994,-1.0864496065231255,0.12613171525206068,1.0867340756606112,0.44244408074195307,0.00025012050340468865,0.46454965169272294,0.013356434881810373,1.0864496065231255
f__pymfe.relative.linear_discr.range,39,47,18,0.11138015673574654,0.23747885509706004,0.10112336666475223,0.21299999999999994,-1.0864496065231255,0.12613171525206068,1.0867340756606112,0.44244408074195307,0.00025012050340468865,0.46454965169272294,0.013356434881810373,1.0864496065231255
f__pymfe.landmarking.linear_discr.iq_range,39,47,18,0.04144768641758381,0.09095801137489937,0.038540086138770316,0.08499999999999991,-1.0833842339027964,0.04953747105218166,1.0839782443685997,0.5019094380796508,1.7874400101458673e-05,0.41783819090849084,0.0017896743101585497,1.0833842339027964
f__pymfe.relative.linear_discr.iq_range,39,47,18,0.04144768641758381,0.09095801137489937,0.038540086138770316,0.08499999999999991,-1.0833842339027964,0.04953747105218166,1.0839782443685997,0.5019094380796508,1.7874400101458673e-05,0.41783819090849084,0.0017896743101585497,1.0833842339027964
f__pymfe.landmarking.one_nn.sd,39,47,18,0.04045544980763246,0.08060946519043856,0.04079816414842627,0.08377727531470884,-1.0812091560605506,0.04022030097280372,1.082993998401648,0.5444626295690126,2.118889740003342e-06,0.45190268828839647,0.0002828717802904462,1.0812091560605506
f__pymfe.relative.one_nn.sd,39,47,18,0.04045544980763246,0.08060946519043856,0.04079816414842627,0.08377727531470884,-1.0812091560605506,0.04022030097280372,1.082993998401648,0.5444626295690126,2.118889740003342e-06,0.45190268828839647,0.0002828717802904462,1.0812091560605506
f__pymfe.landmarking.one_nn.range,39,47,18,0.1260750629994186,0.24491556275753437,0.12915004298411173,0.26212918660287077,-1.074486521233401,0.11903867809091105,1.0762783341912936,0.5188216039279869,7.920539204344464e-06,0.48043226281290097,0.0009063359860971308,1.074486521233401
f__pymfe.relative.one_nn.range,39,47,18,0.1260750629994186,0.24491556275753437,0.12915004298411173,0.26212918660287077,-1.074486521233401,0.11903867809091105,1.0762783341912936,0.5188216039279869,7.920539204344464e-06,0.48043226281290097,0.0009063359860971308,1.074486521233401
f__pymfe.landmarking.naive_bayes.range,39,47,18,0.12129484494826326,0.24375651282433403,0.12312499999999997,0.23335412953060014,-1.0555235498140139,0.12421250578465007,1.070614399681278,0.5488270594653574,1.6739424360550414e-06,0.34617922903374476,0.0002681655782560176,1.0555235498140139
f__pymfe.relative.naive_bayes.range,39,47,18,0.12129484494826326,0.24375651282433403,0.12312499999999997,0.23335412953060014,-1.0555235498140139,0.12421250578465007,1.070614399681278,0.5488270594653574,1.6739424360550414e-06,0.34617922903374476,0.0002681655782560176,1.0555235498140139
f__pymfe.landmarking.one_nn.iq_range,39,47,18,0.05023768789880352,0.0989330390728003,0.04500301932367145,0.09753676470588234,-1.053409107768438,0.04876949836506768,1.0550131074215148,0.5488270594653574,1.6739424360550414e-06,0.38318282329563247,0.0002681655782560176,1.053409107768438
f__pymfe.relative.one_nn.iq_range,39,47,18,0.05023768789880352,0.0989330390728003,0.04500301932367145,0.09753676470588234,-1.053409107768438,0.04876949836506768,1.0550131074215148,0.5488270594653574,1.6739424360550414e-06,0.38318282329563247,0.0002681655782560176,1.053409107768438
f__pymfe.landmarking.naive_bayes.sd,39,47,18,0.03919788061789514,0.07917869090903283,0.04013324374485085,0.07864910541454002,-1.0514780902619667,0.04054969657615614,1.0664395545292384,0.5488270594653574,1.6739424360550414e-06,0.3525255818289893,0.0002681655782560176,1.0514780902619667
f__pymfe.relative.naive_bayes.sd,39,47,18,0.03919788061789514,0.07917869090903283,0.04013324374485085,0.07864910541454002,-1.0514780902619667,0.04054969657615614,1.0664395545292384,0.5488270594653574,1.6739424360550414e-06,0.3525255818289893,0.0002681655782560176,1.0514780902619667
f__pymfe.statistical.mad.skewness,36,42,26,2.319108640182115,0.8703098048552385,1.907363302198412,0.48461401072565413,0.9568113456832752,1.4487988353268761,0.9568113456832751,0.42857142857142855,0.0010164255000996553,0.6183639351566563,0.03539812285129669,0.9568113456832752
f__pymfe.info-theory.class_conc.quantiles.3,17,36,51,0.02849941651252626,0.1598924163612955,0.02217933953207919,0.08222946332635028,-0.9403096914060418,0.131816013155408,0.9433369722526924,0.6013071895424836,0.0002069754805395428,0.13995329514171237,0.011841954279440986,0.9403096914060418
f__pymfe.info-theory.class_conc.iq_range,17,36,51,0.019541821230241393,0.10688302628764346,0.01568116240162155,0.04755737456784949,-0.9187246756028711,0.08742291270249648,0.9195841419874293,0.5179738562091504,0.0022512739068576244,0.14855346976354028,0.06010901331309857,0.9187246756028711
f__pymfe.statistical.median.skewness,37,43,24,2.2096855735425023,0.6425120829268951,1.7747617200997141,0.27440109063101475,0.9160848315289666,1.567173490615607,0.9160848315289665,0.4544311753614079,0.0003062365651833539,0.5949954393354592,0.015560162422907782,0.9160848315289666
f__pymfe.statistical.iq_range.skewness,37,44,23,2.1466434386889746,0.7063378279484797,1.7039421113282294,0.34605347734375524,0.9091496606678423,1.4590140527868267,0.920958802846565,0.4342751842751843,0.0006077710749179367,0.6407548059860806,0.02340952454194611,0.9091496606678423
f__pymfe.landmarking.naive_bayes.iq_range,39,47,18,0.048596416834651386,0.09263394559698146,0.0490845959595959,0.09097213203463202,-0.905609898234616,0.04485493867924701,0.9224195270325954,0.48063284233497,4.8044563382948125e-05,0.3599302629719414,0.0033464082843253436,0.905609898234616
f__pymfe.relative.naive_bayes.iq_range,39,47,18,0.048596416834651386,0.09263394559698146,0.0490845959595959,0.09097213203463202,-0.905609898234616,0.04485493867924701,0.9224195270325954,0.48063284233497,4.8044563382948125e-05,0.3599302629719414,0.0033464082843253436,0.905609898234616
f__pymfe.statistical.iq_range.kurtosis,37,44,23,7.098437394504496,0.324608071867008,2.591528666369147,-1.2938284062631489,0.8229310613507835,6.773829322637486,0.8229310613507832,0.4342751842751843,0.0006077710749179367,0.39434548201121894,0.02340952454194611,0.8229310613507835
f__pymfe.info-theory.class_conc.mean,17,36,51,0.031561644663721695,0.11527381488372182,0.02561739122704454,0.07242935663044753,-0.8204787544770368,0.08409160979730482,0.8241977132732079,0.4591503267973856,0.00994457538338305,0.23832205203638765,0.11063340114013644,0.8204787544770368
f__pymfe.statistical.t_mean.skewness,38,44,22,2.068313181823385,0.6763351864822598,1.409942652916771,0.29457259909304173,0.819817750588743,1.3929874176030657,0.820412258756938,0.4485645933014354,0.00031098484256911457,0.6087663879247528,0.015560162422907782,0.819817750588743
f__pymfe.landmarking.elite_nn.iq_range,39,47,18,0.0625196458244409,0.10197654173820284,0.0633217757230915,0.09560551163812028,-0.8178070205656552,0.04395211341514084,0.9109775639259875,0.45499181669394434,0.00014870924957945749,0.34231753784678887,0.008823415475047811,0.8178070205656552
f__pymfe.relative.elite_nn.iq_range,39,47,18,0.0625196458244409,0.10197654173820284,0.0633217757230915,0.09560551163812028,-0.8178070205656552,0.04395211341514084,0.9109775639259875,0.45499181669394434,0.00014870924957945749,0.34231753784678887,0.008823415475047811,0.8178070205656552
f__pymfe.landmarking.elite_nn.sd,39,47,18,0.052618731664948404,0.08494805868964084,0.0501285048491366,0.07883500258323925,-0.808197290008571,0.03516382984315735,0.8790567141671781,0.48063284233497,4.8044563382948125e-05,0.3352615090515508,0.0033464082843253436,0.808197290008571
f__pymfe.relative.elite_nn.sd,39,47,18,0.052618731664948404,0.08494805868964084,0.0501285048491366,0.07883500258323925,-0.808197290008571,0.03516382984315735,0.8790567141671781,0.48063284233497,4.8044563382948125e-05,0.3352615090515508,0.0033464082843253436,0.808197290008571
f__pymfe.statistical.mad.kurtosis,36,42,26,7.564913233704827,0.6584051725096612,4.117980359852989,-1.0853553163104626,0.8049209063573745,6.906508061195166,0.8049209063573745,0.4246031746031746,0.0011693272484990937,0.4272578196967035,0.03822984187950098,0.8049209063573745
f__pymfe.landmarking.elite_nn.range,39,47,18,0.16478928878380456,0.2653926944833119,0.1556944444444444,0.23974537037037033,-0.8035759598935808,0.10918620301636535,0.872131587255409,0.4337152209492635,0.00035838401824213334,0.38596339243618716,0.015948088811774935,0.8035759598935808
f__pymfe.relative.elite_nn.range,39,47,18,0.16478928878380456,0.2653926944833119,0.1556944444444444,0.23974537037037033,-0.8035759598935808,0.10918620301636535,0.872131587255409,0.4337152209492635,0.00035838401824213334,0.38596339243618716,0.015948088811774935,0.8035759598935808
f__pymfe.landmarking.best_node.sd,39,47,18,0.021387977621985795,0.05202277606400462,0.010443843081370311,0.04104668558359562,-0.8028785790169328,0.030634798442018822,0.8028785790169328,0.3698854337152209,0.003801635992772769,0.4675146608166969,0.0790937774080776,0.8028785790169328
f__pymfe.relative.best_node.sd,39,47,18,0.021387977621985795,0.05202277606400462,0.010443843081370311,0.04104668558359562,-0.8028785790169328,0.030634798442018822,0.8028785790169328,0.3698854337152209,0.003801635992772769,0.4675146608166969,0.0790937774080776,0.8028785790169328
f__pymfe.info-theory.class_conc.median,17,36,51,0.013270133291183562,0.09249437819818761,0.00740340396449622,0.05557538750631287,-0.8010561125383912,0.07963809094937309,0.8052406131578503,0.5800653594771242,0.00033024065067344853,0.12205392366309946,0.015560162422907782,0.8010561125383912
f__pymfe.info-theory.class_conc.quantiles.2,17,36,51,0.013270133291183562,0.09249437819818761,0.00740340396449622,0.05557538750631287,-0.8010561125383912,0.07963809094937309,0.8052406131578503,0.5800653594771242,0.00033024065067344853,0.12205392366309946,0.015560162422907782,0.8010561125383912
f__pymfe.statistical.max.skewness,35,42,27,2.252220317888921,0.5558468910513831,2.242715806169419,0.6400596864613404,0.7964536650438211,1.6963734268375381,0.7964536650438213,0.36666666666666664,0.008601361796307997,0.47710806512648507,0.10206949331618823,0.7964536650438211
f__pymfe.landmarking.best_node.range,39,47,18,0.06574775604387353,0.1575149332313716,0.03395984890202779,0.12113095238095233,-0.7884169149780673,0.09176717718749806,0.7884169149780672,0.3698854337152209,0.003801635992772769,0.4613144684220409,0.0790937774080776,0.7884169149780673
f__pymfe.relative.best_node.range,39,47,18,0.06574775604387353,0.1575149332313716,0.03395984890202779,0.12113095238095233,-0.7884169149780673,0.09176717718749806,0.7884169149780672,0.3698854337152209,0.003801635992772769,0.4613144684220409,0.0790937774080776,0.7884169149780673
f__pymfe.model-based.nodes_repeated.histogram.2,39,47,18,0.09785830447583595,0.04586710167086067,0.11111111111111112,0.025,0.7867424943848935,0.0519912028049753,0.7867424943848939,0.4920894708128751,3.2129440869166054e-05,0.8746876775048104,0.0027090191722317905,0.7867424943848935
f__pymfe.statistical.var.skewness,38,44,22,2.45361405172313,1.0462596436905867,1.9925895404385265,0.5330910192345382,0.7851736525447104,1.442428454357022,0.8047417278674093,0.430622009569378,0.0006137328531596359,0.628959354082151,0.02340952454194611,0.7851736525447104
f__pymfe.statistical.sd.skewness,38,44,22,1.9685746508227815,0.6844671718112549,1.604245783068615,0.2583205326840506,0.7751438966449007,1.2928943526228964,0.7804480410111391,0.4007177033492823,0.0018150979184696795,0.5950116484904657,0.05384790491460049,0.7751438966449007
f__pymfe.statistical.range.skewness,35,43,26,2.100329822393402,0.5413242051931639,1.6711484269759858,0.384052817702255,0.7721901171066576,1.559005617200238,0.7721901171066575,0.40664451827242526,0.002184378950537451,0.5951670384796385,0.06010901331309857,0.7721901171066576
f__pymfe.landmarking.random_node.sd,39,47,18,0.01835883530409313,0.046080257226302324,0.011675822250444359,0.03944312098225624,-0.7663314954518109,0.027721421922209184,0.7663314954518107,0.3486088379705401,0.00763457596776988,0.45036550748308046,0.098188107996023,0.7663314954518109
f__pymfe.relative.random_node.sd,39,47,18,0.01835883530409313,0.046080257226302324,0.011675822250444359,0.03944312098225624,-0.7663314954518109,0.027721421922209184,0.7663314954518107,0.3486088379705401,0.00763457596776988,0.45036550748308046,0.098188107996023,0.7663314954518109
f__pymfe.statistical.var.kurtosis,38,44,22,9.569948884170593,1.6321069955076333,3.6665032627798606,-0.929379830837588,0.7650957605728994,7.937841888662958,0.7650957605728992,0.40789473684210525,0.0014220727731645356,0.3811459220003067,0.04298416193602993,0.7650957605728994
f__pymfe.statistical.sparsity.sd,46,58,0,0.060305721136335436,0.12589264839880548,0.02038160786220368,0.12824042466560553,-0.7560217351858834,0.06558692726247006,0.7560217351858836,0.37256371814092953,0.0010622148086554437,0.7190508864561331,0.03620570475459619,0.7560217351858834
f__pymfe.statistical.median.histogram.0,39,47,18,0.5980456959687341,0.369779543426128,0.6493506493506493,0.3333333333333333,0.747607776042109,0.2282661525426062,0.7476077760421093,0.35624659028914346,0.006232376372616231,0.8117877571561838,0.098188107996023,0.747607776042109
f__pymfe.statistical.mean.skewness,38,44,22,2.019023309280432,0.7417141926881828,1.458528457998824,0.3288504228598163,0.746777360084224,1.2791001679746077,0.7478244962908934,0.37799043062200954,0.003943873838038408,0.6538014084108211,0.07997577074098139,0.746777360084224
f__pymfe.statistical.mad.histogram.4,39,47,18,0.02157038222326109,0.07104572593743495,0.0,0.03333333333333333,-0.7365614839044967,0.04947534371417388,0.7365614839044969,0.32242225859247137,0.01733336870883018,0.5737311385459538,0.15173801459861175,0.7365614839044967
f__pymfe.model-based.leaves_corrob.histogram.0,39,47,18,0.8774831576213916,0.7657789154276013,0.9047148999126801,0.7750547055979993,0.7317201390241213,0.1149178374108205,0.7527708376618076,0.3906164757228587,0.001905895317339866,0.4077357970179611,0.05551353269779028,0.7317201390241213
f__pymfe.landmarking.random_node.range,39,47,18,0.05838416957204478,0.14261175381188831,0.03984158993261547,0.12113095238095233,-0.7276529360108327,0.08422758423984354,0.7276529360108329,0.3393344244408074,0.010525909216551754,0.3963269126021691,0.11093754319023626,0.7276529360108327
f__pymfe.relative.random_node.range,39,47,18,0.05838416957204478,0.14261175381188831,0.03984158993261547,0.12113095238095233,-0.7276529360108327,0.08422758423984354,0.7276529360108329,0.3393344244408074,0.010525909216551754,0.3963269126021691,0.11093754319023626,0.7276529360108327
f__pymfe.landmarking.best_node.iq_range,39,47,18,0.025330361542493938,0.0624119830566195,0.01109375,0.037005050505050444,-0.7266613719147205,0.03708162151412555,0.7266613719147204,0.31860338243316966,0.019034444472838762,0.3921531485646504,0.16049042129204052,0.7266613719147205
f__pymfe.relative.best_node.iq_range,39,47,18,0.025330361542493938,0.0624119830566195,0.01109375,0.037005050505050444,-0.7266613719147205,0.03708162151412555,0.7266613719147204,0.31860338243316966,0.019034444472838762,0.3921531485646504,0.16049042129204052,0.7266613719147205
f__pymfe.statistical.iq_range.histogram.0,39,47,18,0.6029370223352176,0.3872798088963951,0.6666666666666666,0.3333333333333333,0.7227352797749121,0.21565721343882244,0.7227352797749117,0.37752318603382434,0.0030813971988362665,0.8756491054293316,0.07573048009947508,0.7227352797749121
f__pymfe.model-based.nodes_repeated.histogram.3,39,47,18,0.09407045956116743,0.05470904130696556,0.11000000000000001,0.04285714285714284,0.7200132865318252,0.039361418254201856,0.720013286531825,0.348063284233497,0.007936658451906177,0.8750547190969007,0.098188107996023,0.7200132865318252
f__pymfe.statistical.sd.kurtosis,38,44,22,6.5369713328003884,0.8679185065433047,2.3114042921881506,-0.9714977537361418,0.7166589887267759,5.669052826257083,0.7166589887267758,0.35526315789473684,0.008151696856099287,0.4009966950555261,0.098188107996023,0.7166589887267759
f__pymfe.statistical.mad.histogram.0,39,47,18,0.6125293992218509,0.3980938732724137,0.7142857142857143,0.3333333333333333,0.7155902940923996,0.21443552594943704,0.715590294092399,0.3649754500818331,0.0046291806760824115,0.9450316530377252,0.09043838345224418,0.7155902940923996
f__pymfe.statistical.sd.histogram.0,39,47,18,0.5952347374223014,0.372172107912598,0.6666666666666666,0.26,0.7140859583385692,0.22306262950970354,0.7140859583385699,0.3606110201854883,0.005377250513090113,0.9083327252356737,0.09679050923562203,0.7140859583385692
f__pymfe.statistical.iq_range.histogram.8,39,47,18,0.005780596472085829,0.031936844448834684,0.0,0.0,-0.7102099310409543,0.02615624797674886,0.7102099310409544,0.29732678668848883,0.0344135388324372,0.33195429472025223,0.22052195683825762,0.7102099310409543
f__pymfe.model-based.nodes_repeated.histogram.1,39,47,18,0.08619983414603466,0.03774821009969605,0.075,0.0,0.705232190187454,0.048451624046338605,0.7052321901874539,0.32569558101472995,0.016309548274020487,0.7251365029941859,0.1443530184253084,0.705232190187454
f__pymfe.statistical.t_mean.histogram.0,39,47,18,0.5783519552441245,0.367622168639816,0.5555555555555556,0.29999999999999993,0.700007873927836,0.21072978660430855,0.7000078739278361,0.3262411347517731,0.015816756011257996,0.7716984149209015,0.14235080410132195,0.700007873927836
f__pymfe.statistical.var.histogram.0,39,47,18,0.659545447899822,0.43581804067177643,0.8333333333333334,0.3333333333333333,0.6964463572103609,0.2237274072280456,0.6964463572103611,0.3807965084560829,0.002804239819609507,0.9226614618244544,0.07364577362318739,0.6964463572103609
f__pymfe.landmarking.random_node.iq_range,39,47,18,0.02122529280374968,0.0511387326926032,0.013472399829496981,0.026625,-0.681884262605883,0.02991343988885351,0.6818842626058828,0.3142389525368249,0.02163412629175797,0.4983880905006257,0.16906278204583544,0.681884262605883
f__pymfe.relative.random_node.iq_range,39,47,18,0.02122529280374968,0.0511387326926032,0.013472399829496981,0.026625,-0.681884262605883,0.02991343988885351,0.6818842626058828,0.3142389525368249,0.02163412629175797,0.4983880905006257,0.16906278204583544,0.681884262605883
f__pymfe.statistical.cov.skewness,37,42,25,8.20280504799014,3.457580725499201,4.648685916004584,2.016645932237658,0.6747958268723707,4.745224322490936,0.6747958268723702,0.4472329472329472,0.0004411424789530673,0.48620766659105497,0.01910027706169767,0.6747958268723707
f__pymfe.info-theory.mut_inf.mean,17,36,51,0.059837152223801704,0.2370554276441178,0.02939105628395436,0.13272291325324337,-0.6734224883351183,0.17726187266950671,0.6735881561702493,0.5179738562091504,0.0022512739068576244,0.19846135536816095,0.06010901331309857,0.6734224883351183
f__pymfe.info-theory.mut_inf.max,17,36,51,0.19573059405893053,0.5338351654090591,0.08735185877821494,0.3494650979332562,-0.6622913901631631,0.33810457135012856,0.6622913901631632,0.3545751633986928,0.0823509483383644,0.30647012077254404,0.32934050449595786,0.6622913901631631
f__pymfe.info-theory.mut_inf.quantiles.4,17,36,51,0.19573059405893053,0.5338351654090591,0.08735185877821494,0.3494650979332562,-0.6622913901631631,0.33810457135012856,0.6622913901631632,0.3545751633986928,0.0823509483383644,0.30647012077254404,0.32934050449595786,0.6622913901631631
f__pymfe.landmarking.linear_discr.min,39,47,18,0.6557832101747939,0.5346726898646527,0.5984782011704117,0.5743587947999712,0.6598780948957143,0.12111052031014131,0.6598780948957146,0.2722313147845063,0.0653249557728138,0.5658544862925464,0.2820770327440639,0.6598780948957143
f__pymfe.landmarking.linear_discr.quantiles.0,39,47,18,0.6557832101747939,0.5346726898646527,0.5984782011704117,0.5743587947999712,0.6598780948957143,0.12111052031014131,0.6598780948957146,0.2722313147845063,0.0653249557728138,0.5658544862925464,0.2820770327440639,0.6598780948957143
f__pymfe.relative.linear_discr.min,39,47,18,0.6557832101747939,0.5346726898646527,0.5984782011704117,0.5743587947999712,0.6598780948957143,0.12111052031014131,0.6598780948957146,0.2722313147845063,0.0653249557728138,0.5658544862925464,0.2820770327440639,0.6598780948957143
f__pymfe.relative.linear_discr.quantiles.0,39,47,18,0.6557832101747939,0.5346726898646527,0.5984782011704117,0.5743587947999712,0.6598780948957143,0.12111052031014131,0.6598780948957146,0.2722313147845063,0.0653249557728138,0.5658544862925464,0.2820770327440639,0.6598780948957143
f__pymfe.statistical.eigenvalues.histogram.0,38,44,22,0.8100457281295876,0.6488003257021601,0.8891710069444445,0.7083333333333333,0.6580280421401332,0.16228164929532382,0.6622568727758626,0.35047846889952156,0.009519561556145481,0.8630874776461103,0.10739674375313424,0.6580280421401332
f__pymfe.info-theory.mut_inf.quantiles.3,17,36,51,0.07234127946560472,0.3232386134285087,0.03824433369467323,0.17361177538260586,-0.6540110776682215,0.25089733396290403,0.6540110776682216,0.5212418300653595,0.0019462375061721844,0.23121712805691572,0.055676294372997134,0.6540110776682215
f__pymfe.model-based.var_importance.iq_range,39,47,18,0.0455313652439462,0.10062391217926578,0.031332789137329696,0.07640613355746734,-0.6531861464724871,0.05557464740970635,0.6589020076659613,0.3780687397708674,0.002911904513291456,0.5076998638945251,0.07523985532730505,0.6531861464724871
f__pymfe.model-based.nodes_per_level.histogram.4,39,47,18,0.06155593614180132,0.041492077008084445,0.062443363310236345,0.04667669617977964,0.6478683627445437,0.020131636829591546,0.6500569259997119,0.3436988543371522,0.009151657115580249,0.8031838192606723,0.10547449423855798,0.6478683627445437
f__pymfe.statistical.sparsity.range,46,58,0,0.2027675404952694,0.3919773317398017,0.07617280159605794,0.426864976963111,-0.6459775405631005,0.18920979124453233,0.6459775405631006,0.34632683658170915,0.002974783038675158,0.5010435171518888,0.07564448298345401,0.6459775405631005
f__pymfe.model-based.tree_imbalance.histogram.2,39,47,18,0.06685841895405083,0.04803083398620922,0.06166666666666667,0.045157563025210054,0.6453875689346249,0.018827584967841586,0.6453875689346242,0.32187670485542824,0.01803071233549731,0.5880660177806166,0.15364468702907816,0.6453875689346249
f__pymfe.statistical.g_mean.skewness,27,29,48,2.0480146132340526,1.0224004842578456,1.9190490948452321,0.3839020425690025,0.6452865769442047,1.0730606696429268,0.6751385602093277,0.42017879948914433,0.009896303273475867,0.8773770388108721,0.11063340114013644,0.6452865769442047
f__pymfe.statistical.max.histogram.0,39,47,18,0.5909503145088268,0.38427710622071737,0.6666666666666666,0.3,0.6424542953941879,0.2066732082881095,0.6424542953941879,0.31369339879978175,0.02245212739009278,0.9376034462375124,0.1729245580717723,0.6424542953941879
f__pymfe.model-based.nodes_per_inst,39,47,18,0.11963068118248363,0.1770156171945441,0.10727754490826988,0.16999999999999998,-0.6387135752254337,0.058038709053076204,0.6459902883392273,0.29623567921440264,0.036708717087055774,0.6847391777591737,0.22705546244580443,0.6387135752254337
f__pymfe.statistical.mean.histogram.0,39,47,18,0.5699351674190763,0.3717580867982183,0.6233766233766234,0.2857142857142857,0.6384676477371749,0.19817708062085812,0.6384676477371751,0.3262411347517731,0.015816756011257996,0.8315538427111251,0.14235080410132195,0.6384676477371749
f__pymfe.statistical.median.histogram.9,39,47,18,0.09176613014395613,0.19392007896705366,0.0476190476190476,0.1428571428571428,-0.6374640833925445,0.10359513340871694,0.6464574059361721,0.3393344244408074,0.010525909216551754,0.40540540540540615,0.11093754319023626,0.6374640833925445
f__pymfe.statistical.cor.range,38,40,26,0.762679821746354,0.5660294117905765,0.8672058304100244,0.5072898435057985,0.636782863201874,0.19666444631211805,0.6368283149819213,0.36973684210526314,0.006284850945819291,0.7465996041156528,0.098188107996023,0.636782863201874
f__pymfe.statistical.cov.histogram.0,38,44,22,0.771087847877165,0.5800837435565757,0.9097792850990525,0.5952380952380952,0.6362669375689818,0.1910041043205893,0.6362669375689817,0.4150717703349282,0.0011063284295261496,0.7888124539380749,0.03692371133543524,0.6362669375689818
f__pymfe.landmarking.worst_node.range,39,47,18,0.07376598633534438,0.14712678987444194,0.05499999999999995,0.12493055555555554,-0.6358152815699668,0.07336080353909756,0.6358152815699668,0.3993453355155483,0.001367840748004361,0.7437357713551296,0.04214001689044204,0.6358152815699668
f__pymfe.relative.worst_node.range,39,47,18,0.07376598633534438,0.14712678987444194,0.05499999999999995,0.12493055555555554,-0.6358152815699668,0.07336080353909756,0.6358152815699668,0.3993453355155483,0.001367840748004361,0.7437357713551296,0.04214001689044204,0.6358152815699668
f__pymfe.info-theory.mut_inf.iq_range,17,36,51,0.03617326175271791,0.19541945025022783,0.02493662777028675,0.11446046896368103,-0.6322316350622389,0.1592461884975099,0.6322316350622388,0.46895424836601307,0.00730509954213103,0.15566324519849303,0.098188107996023,0.6322316350622389
f__pymfe.landmarking.naive_bayes.min,39,47,18,0.6426612256471157,0.527284922854843,0.6311272060528326,0.5211111111111111,0.6303611605479291,0.11813015724802395,0.645406909533601,0.3524277141298418,0.006866229715464201,0.5617549246045048,0.098188107996023,0.6303611605479291
f__pymfe.landmarking.naive_bayes.quantiles.0,39,47,18,0.6426612256471157,0.527284922854843,0.6311272060528326,0.5211111111111111,0.6303611605479291,0.11813015724802395,0.645406909533601,0.3524277141298418,0.006866229715464201,0.5617549246045048,0.098188107996023,0.6303611605479291
f__pymfe.relative.naive_bayes.min,39,47,18,0.6426612256471157,0.527284922854843,0.6311272060528326,0.5211111111111111,0.6303611605479291,0.11813015724802395,0.645406909533601,0.3524277141298418,0.006866229715464201,0.5617549246045048,0.098188107996023,0.6303611605479291
f__pymfe.relative.naive_bayes.quantiles.0,39,47,18,0.6426612256471157,0.527284922854843,0.6311272060528326,0.5211111111111111,0.6303611605479291,0.11813015724802395,0.645406909533601,0.3524277141298418,0.006866229715464201,0.5617549246045048,0.098188107996023,0.6303611605479291
f__pymfe.landmarking.one_nn.min,39,47,18,0.6483802305404333,0.5211063104256152,0.5787479575163399,0.53,0.6295113835376901,0.1272739201148182,0.6295113835376906,0.303873431533006,0.03006358798048586,0.693666786624784,0.1998417757043085,0.6295113835376901
f__pymfe.landmarking.one_nn.quantiles.0,39,47,18,0.6483802305404333,0.5211063104256152,0.5787479575163399,0.53,0.6295113835376901,0.1272739201148182,0.6295113835376906,0.303873431533006,0.03006358798048586,0.693666786624784,0.1998417757043085,0.6295113835376901
f__pymfe.relative.one_nn.min,39,47,18,0.6483802305404333,0.5211063104256152,0.5787479575163399,0.53,0.6295113835376901,0.1272739201148182,0.6295113835376906,0.303873431533006,0.03006358798048586,0.693666786624784,0.1998417757043085,0.6295113835376901
f__pymfe.relative.one_nn.quantiles.0,39,47,18,0.6483802305404333,0.5211063104256152,0.5787479575163399,0.53,0.6295113835376901,0.1272739201148182,0.6295113835376906,0.303873431533006,0.03006358798048586,0.693666786624784,0.1998417757043085,0.6295113835376901
f__pymfe.landmarking.worst_node.sd,39,47,18,0.024817136172105084,0.04908502006563827,0.017078803509401018,0.04277195105896756,-0.6285763105676825,0.024267883893533196,0.6285763105676826,0.3567921440261866,0.005931441194865637,0.8442591463280362,0.098188107996023,0.6285763105676825
f__pymfe.relative.worst_node.sd,39,47,18,0.024817136172105084,0.04908502006563827,0.017078803509401018,0.04277195105896756,-0.6285763105676825,0.024267883893533196,0.6285763105676826,0.3567921440261866,0.005931441194865637,0.8442591463280362,0.098188107996023,0.6285763105676825
f__pymfe.info-theory.class_conc.kurtosis,16,35,53,3.5356999225756285,-0.08991675162540755,0.5385063895134902,-1.0344019803224673,0.6284147939592203,3.6256166742010363,0.6284147939592203,0.32857142857142857,0.14378610773444456,0.49495820182371825,0.4653563503301467,0.6284147939592203
f__pymfe.statistical.range.histogram.0,39,47,18,0.589533843437614,0.39393247879019955,0.6666666666666666,0.3375,0.62259419699442,0.19574387664402979,0.6230478090755769,0.2956901254773595,0.037572575492766144,0.9636995189398095,0.2283259634961865,0.62259419699442
f__pymfe.statistical.sparsity.max,46,58,0,0.266442251185613,0.4460692001814661,0.18191150305831316,0.4978668931206586,-0.61731179571778,0.1796271115591187,0.6173123543879682,0.32008995502248877,0.007667103276907067,0.5748455754148789,0.098188107996023,0.61731179571778
f__pymfe.statistical.sparsity.quantiles.4,46,58,0,0.266442251185613,0.4460692001814661,0.18191150305831316,0.4978668931206586,-0.61731179571778,0.1796271115591187,0.6173123543879682,0.32008995502248877,0.007667103276907067,0.5748455754148789,0.098188107996023,0.61731179571778
f__pymfe.info-theory.class_conc.sd,16,35,53,0.05325213889206076,0.09832451329758311,0.04129399564578477,0.07787589189883896,-0.615269560045336,0.045193820821917585,0.616927388907696,0.35,0.10453374440185302,0.6022191751923803,0.38585958187043445,0.615269560045336
f__pymfe.model-based.leaves_branch.min,39,47,18,3.0538461538461537,2.540425531914894,3.0,2.6,0.613966225306758,0.5150572831423894,0.6159234016705032,0.29296235679214405,0.03876695510047611,0.6657223796033993,0.2283259634961865,0.613966225306758
f__pymfe.model-based.leaves_branch.quantiles.0,39,47,18,3.0538461538461537,2.540425531914894,3.0,2.6,0.613966225306758,0.5150572831423894,0.6159234016705032,0.29296235679214405,0.03876695510047611,0.6657223796033993,0.2283259634961865,0.613966225306758
f__pymfe.statistical.max.histogram.9,39,47,18,0.09206473713460071,0.2011086167935318,0.049074074074074,0.1428571428571428,-0.6109818617707731,0.11006786074933275,0.6167193123731226,0.3262411347517731,0.015816756011257996,0.3546099290780145,0.14235080410132195,0.6109818617707731
f__pymfe.info-theory.mut_inf.median,17,36,51,0.04801271829951073,0.2114301992536967,0.01593532455694153,0.0779610573914569,-0.6108910482719152,0.1634794449232087,0.6111226834297353,0.46568627450980393,0.008021838067957792,0.18913384661126217,0.098188107996023,0.6108910482719152
f__pymfe.info-theory.mut_inf.quantiles.2,17,36,51,0.04801271829951073,0.2114301992536967,0.01593532455694153,0.0779610573914569,-0.6108910482719152,0.1634794449232087,0.6111226834297353,0.46568627450980393,0.008021838067957792,0.18913384661126217,0.098188107996023,0.6108910482719152
f__pymfe.statistical.median.kurtosis,37,43,24,7.503525652112553,1.3270261038734772,2.3382284529869604,-1.2463045967105433,0.6074308614639611,6.176499548239073,0.6074308614639609,0.40037712130735387,0.0022054472447815146,0.4497496287977357,0.06010901331309857,0.6074308614639611
f__pymfe.statistical.mad.histogram.7,39,47,18,0.005763572415308134,0.027729258793351436,0.0,0.0,-0.6037350562204039,0.021965686378043296,0.6037350562204037,0.22967812329514456,0.1710877063822694,0.2030075187969925,0.4979984968629482,0.6037350562204039
f__pymfe.statistical.cor.max,38,40,26,0.8151996780532499,0.642195921500497,0.9417188325008194,0.736198143360768,0.6026204086006197,0.1736933884884551,0.6050225892651199,0.32105263157894737,0.026409951335198214,0.7100547252743932,0.19051950585280425,0.6026204086006197
f__pymfe.statistical.cor.quantiles.4,38,40,26,0.8151996780532499,0.642195921500497,0.9417188325008194,0.736198143360768,0.6026204086006197,0.1736933884884551,0.6050225892651199,0.32105263157894737,0.026409951335198214,0.7100547252743932,0.19051950585280425,0.6026204086006197
f__pymfe.info-theory.mut_inf.range,17,36,51,0.1787690321085184,0.4845648335828882,0.0815784755224315,0.28326411509560756,-0.5980623267294608,0.30628951744762223,0.5990279152767306,0.3137254901960784,0.1612025740665726,0.31240703888778876,0.4858181896384924,0.5980623267294608
f__pymfe.info-theory.mut_inf.kurtosis,16,35,53,3.2596707557224747,-0.14566726733869684,-0.019762327924623513,-0.8799921058875679,0.5954088009873537,3.405338023061171,0.5954088009873536,0.25535714285714284,0.38968085165783817,0.36936966410002287,0.7650352014164912,0.5954088009873537
f__pymfe.info-theory.class_conc.quantiles.1,17,36,51,0.008957595282284833,0.05300939007365203,0.00471092266486939,0.030536975189800745,-0.589951653594196,0.044154301545094386,0.5913244473510074,0.5522875816993464,0.0007678056424424844,0.17607031341483703,0.027955105436201364,0.589951653594196
f__pymfe.model-based.nodes_repeated.histogram.4,39,47,18,0.055001609304382575,0.03166391344899582,0.0476190476190476,0.01263470590171488,0.5827164323118994,0.02333769585538675,0.5827164323118993,0.32678668848881615,0.015177912899957303,0.8048711180775615,0.1413663748007651,0.5827164323118994
f__pymfe.statistical.mad.histogram.9,39,47,18,0.08977513918640816,0.16304158971156807,0.0476190476190476,0.1428571428571428,-0.5825897892822279,0.0742003774541509,0.5900160572243198,0.2924168030551009,0.04002186449431185,0.5464480874316948,0.23485357846112667,0.5825897892822279
f__pymfe.statistical.mean.kurtosis,38,44,22,7.089706428343227,1.2887800487460128,1.4623256524815293,-1.163097637453057,0.578192476317339,5.806107289228748,0.5787088702126261,0.3660287081339713,0.005862868458213794,0.4430030362807434,0.098188107996023,0.578192476317339
f__pymfe.statistical.t_mean.kurtosis,38,44,22,7.034800094001858,1.1724437320550807,1.5655582573362834,-1.245062317125944,0.5768634887710496,5.862356361946776,0.5768634887710495,0.4342105263157895,0.0005386324461768822,0.4492179480179391,0.022125363558342697,0.5768634887710496
f__pymfe.statistical.range.histogram.9,39,47,18,0.10344903927571512,0.2060577202385316,0.05555555555555549,0.1625,-0.5763147887485816,0.10314432576649318,0.579323306341621,0.3049645390070922,0.028843723573108302,0.4883950617283961,0.19496896693721308,0.5763147887485816
f__pymfe.statistical.sd.histogram.4,39,47,18,0.022867389303978445,0.05553096182971485,0.0,0.025,-0.5748019359042522,0.03266357252573641,0.5748019359042523,0.2967812329514457,0.03552183797192661,0.5331396333598265,0.2249248396483258,0.5748019359042522
f__pymfe.info-theory.eq_num_attr,17,36,51,55.401826599503046,24.310150229621364,34.93731686728718,9.084551743214892,0.5709573633234077,31.711903758308416,0.5823470159797737,0.49673202614379086,0.0036089572377248687,0.35434317979038116,0.0790937774080776,0.5709573633234077
f__pymfe.statistical.g_mean.histogram.9,29,33,42,0.10001259112401328,0.17375048668778958,0.0476190476190476,0.1666666666666666,-0.5707254542919574,0.07486558643620521,0.5794536920664031,0.3824451410658307,0.015123451232676888,0.7442265795206973,0.1413663748007651,0.5707254542919574
f__pymfe.general.freq_class.histogram.3,46,58,0,0.0035507246376811586,0.03546347966937014,0.0,0.0,-0.5700608935297506,0.031912755031688986,0.5700608935297506,0.21964017991004497,0.13983035123320753,0.0,0.4562285594207708,0.5700608935297506
f__pymfe.info-theory.class_conc.skewness,16,35,53,1.5720327981326174,0.8446799860087628,1.1790841422340206,0.635374282017306,0.5700203114001274,0.8015483051132297,0.6281666982887615,0.32857142857142857,0.14378610773444456,0.6862253154502457,0.4653563503301467,0.5700203114001274
f__pymfe.model-based.leaves_corrob.histogram.1,39,47,18,0.05062586050942615,0.07804279168443194,0.037445539952556325,0.07746262673388918,-0.5646848207402541,0.02809992205175208,0.5787518429879629,0.3393344244408074,0.010525909216551754,0.651036690778244,0.11093754319023626,0.5646848207402541
f__pymfe.statistical.g_mean.histogram.0,29,33,42,0.6076460137601872,0.44190225283919193,0.75,0.3333333333333333,0.5634914167266434,0.16574376092099527,0.5634914167266433,0.36886102403343785,0.02155056106972678,0.8953854428677643,0.16906278204583544,0.5634914167266434
f__pymfe.info-theory.mut_inf.quantiles.1,17,36,51,0.03616801771288675,0.1278191631782808,0.008369299780722251,0.044171757323066704,-0.5621314038086648,0.09167650192308345,0.5622869246271356,0.49673202614379086,0.0036089572377248687,0.1792934947202162,0.0790937774080776,0.5621314038086648
f__pymfe.statistical.h_mean.histogram.9,29,33,42,0.09968202332520593,0.17270758233152117,0.05555555555555549,0.1666666666666666,-0.5599950062159478,0.07476300956409251,0.5733186102956952,0.35214211076280044,0.03167125792727547,0.6644857667584939,0.20624941138006223,0.5599950062159478
f__pymfe.statistical.sparsity.iq_range,46,58,0,0.05667464517131997,0.12611607275338266,0.012893958384077607,0.07302385889086835,-0.5592302665333977,0.06944142758206269,0.5592302665333977,0.2826086956521739,0.02558374167913669,0.6410800706126225,0.18800529435769256,0.5592302665333977
f__pymfe.statistical.t_mean.histogram.7,39,47,18,0.017090589983285484,0.04770167001919346,0.0,0.0,-0.5585502257108681,0.030611080035907984,0.5585502257108682,0.3060556464811784,0.027021407534397267,0.7262037037037041,0.19051950585280425,0.5585502257108681
f__pymfe.model-based.var_importance.histogram.1,39,47,18,0.13839517718324637,0.08291500979440852,0.1222222222222222,0.06666666666666667,0.5556261103709794,0.055480167388837855,0.5556261103709795,0.29623567921440264,0.036708717087055774,0.8416777041942589,0.22705546244580443,0.5556261103709794
f__pymfe.landmarking.elite_nn.histogram.1,39,47,18,0.08025641025641027,0.0576595744680851,0.08,0.06000000000000001,0.552208780041067,0.02259683578832515,0.5522087800410664,0.29132569558101473,0.042127914293177866,0.5827338129496403,0.23763703766785543,0.552208780041067
f__pymfe.relative.elite_nn.histogram.1,39,47,18,0.08025641025641027,0.0576595744680851,0.08,0.06000000000000001,0.552208780041067,0.02259683578832515,0.5522087800410664,0.29132569558101473,0.042127914293177866,0.5827338129496403,0.23763703766785543,0.552208780041067
f__pymfe.model-based.tree_shape.quantiles.3,39,47,18,0.07477714342948719,0.13185452990075375,0.051171875,0.087890625,-0.5514469929409532,0.05820610967576016,0.5623520300399103,0.2967812329514457,0.03552183797192661,0.6286362768886832,0.2249248396483258,0.5514469929409532
f__pymfe.statistical.sd.histogram.9,39,47,18,0.11268568258066168,0.1826244528904827,0.05555555555555549,0.1666666666666666,-0.5512540081700635,0.07363950346415234,0.5804230080746344,0.3393344244408074,0.010525909216551754,0.8607220680672719,0.11093754319023626,0.5512540081700635
f__pymfe.statistical.h_mean.quantiles.1,29,33,42,2.122303344884523,9.662040280820317,0.0,1.865874478971568,-0.5508399014660688,7.539736935935794,0.5508399014660688,0.4169278996865204,0.006072272283862102,0.1306743284062946,0.098188107996023,0.5508399014660688
f__pymfe.statistical.h_mean.min,29,33,42,0.15909871410092358,5.90388180783443,0.0,0.00064218915691965,-0.5504695914818523,5.744783093733507,0.5504695914818524,0.38140020898641586,0.015643985176203648,0.02700396297866202,0.14235080410132195,0.5504695914818523
f__pymfe.statistical.h_mean.quantiles.0,29,33,42,0.15909871410092358,5.90388180783443,0.0,0.00064218915691965,-0.5504695914818523,5.744783093733507,0.5504695914818524,0.38140020898641586,0.015643985176203648,0.02700396297866202,0.14235080410132195,0.5504695914818523
f__pymfe.model-based.tree_depth.kurtosis,39,47,18,-0.16981800868110924,-0.42098617832205004,-0.26711402378203136,-0.3931561552098757,0.5484602705762152,0.26749500924656416,0.584112172170895,0.2722313147845063,0.0653249557728138,0.6738175507438674,0.2820770327440639,0.5484602705762152
f__pymfe.model-based.tree_shape.mean,39,47,18,0.05963774189734876,0.10486342844163894,0.0457565228647393,0.07401356680375734,-0.5475194926974746,0.0461692355709206,0.5589424588008185,0.3011456628477905,0.03147030225043879,0.5305914887803765,0.20577724165388958,0.5475194926974746
f__pymfe.model-based.leaves_corrob.iq_range,39,47,18,0.007992723110980508,0.026860049362620833,0.00432786101083857,0.01041594998982778,-0.5459003538913346,0.018933632924833518,0.5478188470513485,0.3567921440261866,0.005931441194865637,0.20393505696777867,0.098188107996023,0.5459003538913346
f__pymfe.info-theory.joint_ent.histogram.0,17,36,51,0.18100742051206448,0.27439067673150436,0.1428571428571428,0.24142857142857144,-0.544392050957958,0.09338325621943991,0.5443920509579581,0.21241830065359477,0.5924731358684336,0.654249868555126,0.9019838783812205,0.544392050957958
f__pymfe.statistical.cov.histogram.3,38,44,22,0.01835700978765423,0.04380662990545504,0.001489300173510655,0.02138484517811672,-0.5416020703878142,0.025449620117800817,0.5416020703878144,0.3576555023923445,0.0076273426359730594,0.6311252672843901,0.098188107996023,0.5416020703878142
f__pymfe.model-based.leaves_homo.histogram.9,39,47,18,0.045073034461284175,0.09131704988118795,0.023845653686925018,0.052642366954505485,-0.5413622692068545,0.046981168667526094,0.5499918605445102,0.27986906710310966,0.0548258573845902,0.5565922281854591,0.26535052426016165,0.5413622692068545
f__pymfe.statistical.t_mean.histogram.8,39,47,18,0.006243271581813244,0.02720566130877188,0.0,0.0,-0.5354659897649623,0.020962389726958637,0.5354659897649624,0.2165848336061102,0.22301073222360632,0.42833698030634565,0.5573528752296681,0.5354659897649623
f__pymfe.statistical.skewness.histogram.2,39,42,23,0.1262003952820113,0.06972158754859566,0.09047619047619045,0.03095238095238094,0.535341514482631,0.056478807733415654,0.5353415144826312,0.27289377289377287,0.07798138731209779,0.7043633125556542,0.32617802212527586,0.535341514482631
f__pymfe.landmarking.worst_node.iq_range,39,47,18,0.0284025530488299,0.056015576436544014,0.01430776118073914,0.04030287114845943,-0.5342200747066254,0.02786888855243767,0.5391702138309872,0.3524277141298418,0.006866229715464201,0.9871285332772376,0.098188107996023,0.5342200747066254
f__pymfe.relative.worst_node.iq_range,39,47,18,0.0284025530488299,0.056015576436544014,0.01430776118073914,0.04030287114845943,-0.5342200747066254,0.02786888855243767,0.5391702138309872,0.3524277141298418,0.006866229715464201,0.9871285332772376,0.098188107996023,0.5342200747066254
f__pymfe.statistical.sparsity.quantiles.3,46,58,0,0.14137354021531873,0.2430402989380243,0.03168789457931443,0.24744374975651157,-0.5341104144590914,0.10175213110487222,0.5345589217095954,0.2946026986506747,0.017735881097136155,0.9996418214755334,0.15215436118314543,0.5341104144590914
f__pymfe.model-based.leaves_branch.histogram.9,39,47,18,0.06718535551983365,0.10915602664015701,0.061219381291387896,0.08434589359102804,-0.5330315696729703,0.044462342361332036,0.5646760346589191,0.36115657392253137,0.005119135382384632,0.5310355368774338,0.09679050923562203,0.5330315696729703
f__pymfe.statistical.t_mean.histogram.9,39,47,18,0.10390946393613862,0.1765285365344778,0.05555555555555549,0.1428571428571428,-0.5307038607089842,0.07411835511439696,0.5416606932750826,0.2918712493180578,0.04128167816364467,0.5329627135365499,0.23763703766785543,0.5307038607089842
f__pymfe.model-based.leaves_corrob.histogram.3,39,47,18,0.008710823062991578,0.019949482020388844,0.007513426544813901,0.009804232804232791,-0.5287668831440961,0.01189286680317942,0.5595466625514033,0.27605019094380795,0.059649126984446466,0.3494836961983239,0.2684210714300091,0.5287668831440961
f__pymfe.info-theory.joint_ent.histogram.7,17,36,51,0.07855847283091863,0.03576142237747096,0.0333333333333333,0.0,0.5245582048687868,0.04279705045344767,0.5245582048687868,0.3137254901960784,0.1612025740665726,0.4859203296703297,0.4858181896384924,0.5245582048687868
f__pymfe.statistical.var.histogram.9,39,47,18,0.10457422513132744,0.16708645585164444,0.05555555555555549,0.1666666666666666,-0.524295357916715,0.06420850165311655,0.5385221254722489,0.31751227495908346,0.020497828916055547,0.8837481764518865,0.16337075583841287,0.524295357916715
f__pymfe.model-based.var_importance.sd,38,44,22,0.07383641433534115,0.12268216075481163,0.050396587819632487,0.09637448005761695,-0.5241361484956406,0.04995816567645839,0.5360728919709662,0.33253588516746413,0.01604173009368943,0.6197216656699538,0.14356900340832662,0.5241361484956406
f__pymfe.landmarking.naive_bayes.histogram.9,39,47,18,0.1584615384615385,0.22106382978723405,0.15,0.16,-0.5225462706366756,0.06275504637206764,0.5238213290748305,0.28914348063284234,0.042574847445945335,0.22663551401869175,0.23847869093847704,0.5225462706366756
f__pymfe.relative.naive_bayes.histogram.9,39,47,18,0.1584615384615385,0.22106382978723405,0.15,0.16,-0.5225462706366756,0.06275504637206764,0.5238213290748305,0.28914348063284234,0.042574847445945335,0.22663551401869175,0.23847869093847704,0.5225462706366756
f__pymfe.statistical.cov.kurtosis,37,42,25,152.26343347858858,37.04263544841427,27.266390358478663,3.6053234599346737,0.522396483233852,115.22079803017421,0.5223964832338516,0.444015444015444,0.0004968571471885744,0.29745513239945665,0.020946451310423584,0.522396483233852
f__pymfe.info-theory.class_conc.histogram.3,17,36,51,0.023053645700704516,0.048490466675783196,0.0,0.029166666666666667,-0.5220271250948002,0.025436820975078676,0.5220271250948002,0.3480392156862745,0.09246004020001,0.813348813348813,0.35435642201056466,0.5220271250948002
f__pymfe.model-based.tree_depth.histogram.9,39,47,18,0.04670904469458759,0.08664489462428637,0.042727817496852435,0.06456893041298391,-0.5215567034382447,0.04066308559715834,0.5310543011608576,0.3649754500818331,0.0046291806760824115,0.38820408031214393,0.09043838345224418,0.5215567034382447
f__pymfe.statistical.h_mean.skewness,27,29,48,1.963912130975456,1.088077469309334,1.8708320147483246,0.38419816515455785,0.5182230870562365,1.0571143830452208,0.6254845839408886,0.39080459770114945,0.019710537390274768,0.8578372341181506,0.16321065295009135,0.5182230870562365
f__pymfe.model-based.tree_shape.median,39,47,18,0.03702050233498598,0.08033938854934816,0.017578125,0.03056640625,-0.5142810381801669,0.043598499707975615,0.5176006045483581,0.22913256955810146,0.17377101107764548,0.5269293962186133,0.4979984968629482,0.5142810381801669
f__pymfe.model-based.tree_shape.quantiles.2,39,47,18,0.03702050233498598,0.08033938854934816,0.017578125,0.03056640625,-0.5142810381801669,0.043598499707975615,0.5176006045483581,0.22913256955810146,0.17377101107764548,0.5269293962186133,0.4979984968629482,0.5142810381801669
f__pymfe.model-based.leaves_corrob.histogram.9,39,47,18,0.017061646296220305,0.047315333219409825,0.01105110266576225,0.01896279579818335,-0.5124551613541578,0.030621756813931988,0.5186897507359056,0.2591380250954719,0.08962251508885936,0.39206832396057717,0.3476398769306361,0.5124551613541578
f__pymfe.statistical.eigenvalues.histogram.1,38,44,22,0.029010241835759832,0.07915882800046506,0.0,0.020416666666666652,-0.5123420573175602,0.05014858616470522,0.5123420573175601,0.2822966507177033,0.06063847798431463,0.5352784134248662,0.2697564272701097,0.5123420573175602
f__pymfe.model-based.tree_depth.histogram.6,39,47,18,0.14527009201980354,0.12197367107001356,0.14431313809259233,0.12893973819116958,0.512127509085287,0.02381669851618288,0.5235648219104638,0.2995090016366612,0.03374564840046882,0.7315579952759355,0.2171105571789199,0.512127509085287
f__pymfe.info-theory.attr_ent.histogram.0,17,36,51,0.18075286254852815,0.2693956744911489,0.11388888888888889,0.2,-0.5103345318687685,0.08864281194262078,0.5103345318687689,0.3349673202614379,0.1135155786794868,0.8294502469261413,0.39879815141346026,0.5103345318687685
f__pymfe.statistical.mean.histogram.9,39,47,18,0.10388567117797085,0.17634138933517257,0.05555555555555549,0.1428571428571428,-0.5085367310365738,0.0740318298724291,0.5195988075682175,0.309328968903437,0.02547522713467198,0.5815085289768837,0.18800529435769256,0.5085367310365738
f__pymfe.model-based.var_importance.quantiles.3,39,47,18,0.12444951057350871,0.2374192686167142,0.060412533844874404,0.17633810685887857,-0.5049678331215922,0.11306235993125605,0.5053817578352662,0.3606110201854883,0.005377250513090113,0.3787372082027882,0.09679050923562203,0.5049678331215922
f__pymfe.info-theory.mut_inf.sd,16,35,53,0.053447694693279396,0.23171498971562565,0.03416024597173964,0.11613894600799697,-0.5007381147881375,0.178847742088527,0.5023685426779936,0.4017857142857143,0.04059773556741517,0.1299352797077065,0.23736340284306243,0.5007381147881375
f__pymfe.model-based.leaves_corrob.quantiles.3,39,47,18,0.009356906533899104,0.042290744869062195,0.00560101880407517,0.014011618848180548,-0.4972007530097439,0.033012423739546555,0.49838715350875035,0.40807419530823785,0.0009765422731231089,0.16918832237978945,0.034764904923182675,0.4972007530097439
f__pymfe.model-based.tree_shape.max,39,47,18,0.3699519230769231,0.41303191489361696,0.375,0.4125,-0.49710241558603585,0.043284574468085105,0.4994631061503775,0.29296235679214405,0.03876695510047611,0.9352142110762799,0.2283259634961865,0.49710241558603585
f__pymfe.model-based.tree_shape.quantiles.4,39,47,18,0.3699519230769231,0.41303191489361696,0.375,0.4125,-0.49710241558603585,0.043284574468085105,0.4994631061503775,0.29296235679214405,0.03876695510047611,0.9352142110762799,0.2283259634961865,0.49710241558603585
f__pymfe.model-based.leaves_corrob.histogram.6,39,47,18,0.0032459444166208383,0.011834444723354981,0.00095238095238095,0.00173965660691323,-0.4965149246273171,0.008590405403288068,0.4966250613028829,0.20840152755046373,0.26039977091846445,0.17907228178529314,0.6042306277982571,0.4965149246273171
f__pymfe.landmarking.naive_bayes.min.relative,46,58,0,5.363043478260869,4.695689655172414,5.55,4.425,0.49547360813330676,0.6718515742128935,0.49881294163378415,0.2908545727136432,0.019866465246733966,0.7300103842159917,0.16321065295009135,0.49547360813330676
f__pymfe.landmarking.naive_bayes.quantiles.0.relative,46,58,0,5.363043478260869,4.695689655172414,5.55,4.425,0.49547360813330676,0.6718515742128935,0.49881294163378415,0.2908545727136432,0.019866465246733966,0.7300103842159917,0.16321065295009135,0.49547360813330676
f__pymfe.relative.naive_bayes.min.relative,46,58,0,5.363043478260869,4.695689655172414,5.55,4.425,0.49547360813330676,0.6718515742128935,0.49881294163378415,0.2908545727136432,0.019866465246733966,0.7300103842159917,0.16321065295009135,0.49547360813330676
f__pymfe.relative.naive_bayes.quantiles.0.relative,46,58,0,5.363043478260869,4.695689655172414,5.55,4.425,0.49547360813330676,0.6718515742128935,0.49881294163378415,0.2908545727136432,0.019866465246733966,0.7300103842159917,0.16321065295009135,0.49547360813330676
f__pymfe.statistical.median.histogram.6,39,47,18,0.025343898101573534,0.05795605899138487,0.0,0.0,-0.4936901122600335,0.032612160889811316,0.4936901122600332,0.25040916530278234,0.10977762117039488,0.7156661612107158,0.3968408592831344,0.4936901122600335
f__pymfe.model-based.var_importance.histogram.2,39,47,18,0.09320055418351558,0.05859695597332133,0.075,0.049999999999999975,0.49163536914484274,0.03460359821019427,0.491635369144843,0.24822695035460993,0.11825497890170576,0.7109803921568625,0.4127330636177181,0.49163536914484274
f__pymfe.general.freq_class.skewness,40,56,8,0.008769100889098347,0.23297148647955948,0.0,9.607674481806887e-17,-0.4871083405942633,0.22420238559046118,0.4871083405942634,0.32142857142857145,0.012375315589714905,0.334828800014799,0.12237812083162518,0.4871083405942633
f__pymfe.statistical.h_mean.histogram.0,29,33,42,0.6005161659830154,0.4575144977371512,0.6531914893617021,0.36666666666666664,0.48707930270031213,0.14341720926290907,0.4884946807956055,0.3385579937304075,0.04347370119374276,0.9027113237639552,0.24257702659154168,0.48707930270031213
f__pymfe.statistical.cov.histogram.9,38,44,22,0.03696133146945009,0.07762733080881364,0.0056489262371615,0.042868735509184894,-0.486492313865657,0.04069034217396511,0.486783530167328,0.2679425837320574,0.08510400794202527,0.4991412568998638,0.33415838412530513,0.486492313865657
f__pymfe.landmarking.random_node.histogram.9,39,47,18,0.13615384615384615,0.2151063829787234,0.13,0.15,-0.4824547664827469,0.07921440261865793,0.4840549481294559,0.23349699945444627,0.1584927205573888,0.616298811544992,0.4858181896384924,0.4824547664827469
f__pymfe.relative.random_node.histogram.9,39,47,18,0.13615384615384615,0.2151063829787234,0.13,0.15,-0.4824547664827469,0.07921440261865793,0.4840549481294559,0.23349699945444627,0.1584927205573888,0.616298811544992,0.4858181896384924,0.4824547664827469
f__pymfe.general.freq_class.histogram.1,46,58,0,0.004627329192546582,0.02664112980928257,0.0,0.0,-0.47703495364933357,0.022013800616735992,0.4770349536493336,0.15067466266866567,0.5399496694103216,0.08737864077669907,0.8890024361719787,0.47703495364933357
f__pymfe.statistical.range.histogram.3,39,47,18,0.021589619245000073,0.05289172906920695,0.0,0.0,-0.4769414213385783,0.03130210982420688,0.4769414213385783,0.24168030551009276,0.13385403471206306,0.4517206446350377,0.443963071653675,0.4769414213385783
f__pymfe.statistical.eigenvalues.histogram.9,38,44,22,0.09239882096811676,0.14692493302818674,0.0476190476190476,0.1428571428571428,-0.47665316429641064,0.05490547301636311,0.47996943962571387,0.3014354066985646,0.03765718537948305,0.7292844266501792,0.2283259634961865,0.47665316429641064
f__pymfe.statistical.kurtosis.histogram.9,39,42,23,0.11278445713536077,0.17878723837020838,0.0625,0.1428571428571428,-0.4758379079288148,0.0678879440668125,0.48942872821372924,0.3076923076923077,0.03263180120364926,0.6580544920878004,0.21164431387953891,0.4758379079288148
f__pymfe.statistical.skewness.histogram.1,39,42,23,0.15539879062064302,0.0911936133496128,0.13191489361702127,0.03166666666666666,0.4743713041148426,0.06420517727103023,0.4743713041148427,0.2967032967032967,0.04388870919955935,0.908292884109006,0.24328620116849162,0.4743713041148426
f__pymfe.statistical.kurtosis.histogram.2,39,42,23,0.07484259709363753,0.03783307430530263,0.049999999999999954,0.0042857142857142755,0.4742716335199981,0.037009522788334887,0.47427163351999807,0.358974358974359,0.0075936935548016095,0.6276310941913297,0.098188107996023,0.4742716335199981
f__pymfe.model-based.leaves_corrob.mean,39,47,18,0.01359130422253779,0.03942770173656783,0.00904268317367148,0.01731111091580496,-0.4694393338527859,0.02600178332018933,0.4724443426830597,0.3055100927441353,0.02782869186613995,0.34132259038324336,0.19051950585280425,0.4694393338527859
f__pymfe.model-based.tree_imbalance.max,39,47,18,0.2580813712862245,0.28394045887634856,0.252895113579488,0.2689466655534024,-0.4680979818843675,0.02700856898746234,0.4889057509300614,0.26786688488816146,0.07271600929187652,0.7382312136803796,0.30575077922726035,0.4680979818843675
f__pymfe.model-based.tree_imbalance.quantiles.4,39,47,18,0.2580813712862245,0.28394045887634856,0.252895113579488,0.2689466655534024,-0.4680979818843675,0.02700856898746234,0.4889057509300614,0.26786688488816146,0.07271600929187652,0.7382312136803796,0.30575077922726035,0.4680979818843675
f__pymfe.model-based.tree_depth.histogram.0,39,47,18,0.015358164534249293,0.03142454484578861,0.014221081501378829,0.02179930329271337,-0.4673060048139355,0.016170158463914806,0.4703244914197038,0.3524277141298418,0.006866229715464201,0.3771410555026197,0.098188107996023,0.4673060048139355
f__pymfe.landmarking.one_nn.histogram.3,39,47,18,0.09102564102564102,0.07276595744680851,0.09,0.08,0.4646784192093499,0.018259683578832515,0.4646784192093501,0.2547735951991271,0.09923202489737531,0.6942675159235665,0.3705587503160729,0.4646784192093499
f__pymfe.relative.one_nn.histogram.3,39,47,18,0.09102564102564102,0.07276595744680851,0.09,0.08,0.4646784192093499,0.018259683578832515,0.4646784192093501,0.2547735951991271,0.09923202489737531,0.6942675159235665,0.3705587503160729,0.4646784192093499
f__pymfe.statistical.median.histogram.8,39,47,18,0.006788174869315213,0.02069889052389636,0.0,0.0,-0.464515652652126,0.013910715654581145,0.4645156526521259,0.20840152755046373,0.26039977091846445,0.3579003181336161,0.6042306277982571,0.464515652652126
f__pymfe.statistical.range.histogram.2,39,47,18,0.026961800980668933,0.06392133272293105,0.0,0.0,-0.4639958070288167,0.03695953174226212,0.4639958070288167,0.20840152755046373,0.26039977091846445,0.45471520026263973,0.6042306277982571,0.4639958070288167
f__pymfe.statistical.skewness.histogram.9,39,42,23,0.1265937913806086,0.1913623711691483,0.07916666666666664,0.1666666666666666,-0.46171571731528294,0.06690017937503881,0.47691124939770085,0.2857142857142857,0.0574060404665483,0.8001449939603705,0.2684210714300091,0.46171571731528294
f__pymfe.statistical.skewness.histogram.3,39,42,23,0.11373412242953898,0.07514221836383643,0.09574468085106379,0.05357142857142856,0.4615021942838429,0.03915879748973883,0.4682814026554333,0.32234432234432236,0.022233062749336542,0.8875892524607604,0.17289983749726767,0.4615021942838429
f__pymfe.landmarking.naive_bayes.kurtosis,38,46,20,-1.0822390595517215,-0.7870018018723003,-1.1547964046467492,-1.0794993643750845,-0.4611024262972707,0.29523725767942127,0.46110242629727083,0.23569794050343248,0.1627584548331657,0.5054013953348687,0.4873627002667878,0.4611024262972707
f__pymfe.relative.naive_bayes.kurtosis,38,46,20,-1.0822390595517215,-0.7870018018723003,-1.1547964046467492,-1.0794993643750845,-0.4611024262972707,0.29523725767942127,0.46110242629727083,0.23569794050343248,0.1627584548331657,0.5054013953348687,0.4873627002667878,0.4611024262972707
f__pymfe.info-theory.joint_ent.skewness,16,35,53,-0.04110394361655473,0.5903337420615895,-0.01854178777484985,0.01984500513758711,-0.4584022500217448,0.6713501041124227,0.48737730619761,0.26607142857142857,0.342325699523152,0.4119857334621432,0.7048917360361048,0.4584022500217448
f__pymfe.landmarking.elite_nn.skewness,39,46,19,0.10387612978192613,-0.06830557365452239,0.10818342579691549,-0.015889096237088368,0.4519323173662076,0.1729605545770241,0.4539765996204691,0.21348940914158304,0.24368270014827134,0.5820400667967381,0.5849102733553077,0.4519323173662076
f__pymfe.relative.elite_nn.skewness,39,46,19,0.10387612978192613,-0.06830557365452239,0.10818342579691549,-0.015889096237088368,0.4519323173662076,0.1729605545770241,0.4539765996204691,0.21348940914158304,0.24368270014827134,0.5820400667967381,0.5849102733553077,0.4519323173662076
f__pymfe.model-based.tree_shape.quantiles.1,39,47,18,0.018898276793651088,0.05049081937515996,0.0055938720703125,0.01077880859375,-0.4518229129285132,0.03161345008022066,0.452121922954238,0.2073104200763775,0.26829203532429496,0.4518306920484511,0.6087873096168845,0.4518229129285132
f__pymfe.statistical.cov.histogram.4,38,44,22,0.010976365350362186,0.027149737579120314,0.0001956181533646,0.00691244239631336,-0.45088332165229844,0.016173372228758125,0.45088332165229833,0.3456937799043062,0.010883396273685135,0.6924398625429544,0.11321558980807525,0.45088332165229844
f__pymfe.model-based.leaves_corrob.histogram.5,39,47,18,0.004747246671566748,0.011920079939961425,0.0012484745878000299,0.0036411784177424597,-0.4496857479387664,0.0072017437295641695,0.4514982287072156,0.22422258592471359,0.19388973375220042,0.27502093477688255,0.5261864721489533,0.4496857479387664
f__pymfe.statistical.h_mean.histogram.6,29,33,42,0.013498047155034443,0.03740687985849275,0.0,0.0,-0.44890816531178007,0.023908832703458303,0.44890816531177996,0.19958202716823406,0.4924616380554807,0.4516129032258064,0.8527760974137782,0.44890816531178007
f__pymfe.info-theory.ns_ratio,17,36,51,55.78102767405827,29.715337516796108,40.73591639038373,9.51059991904097,0.44766601498701875,35.73864571775788,0.6137944943323926,0.5522875816993464,0.0007678056424424844,0.6581810588179106,0.027955105436201364,0.44766601498701875
f__pymfe.model-based.tree_shape.histogram.9,39,47,18,0.029647301459263427,0.052786598929282294,0.02126340144329076,0.02295166798878321,-0.4474698841455515,0.023615806658554537,0.4566846631017673,0.25040916530278234,0.10977762117039488,0.6267427559537562,0.3968408592831344,0.4474698841455515
f__pymfe.model-based.tree_shape.iq_range,39,47,18,0.055878866635836084,0.0813637105255938,0.04559326171875,0.07401123046875,-0.4416994390456012,0.027251221345786048,0.4723140245163043,0.2629569012547736,0.08264349738288082,0.7741216078106958,0.32934050449595786,0.4416994390456012
f__pymfe.model-based.tree_shape.sd,39,47,18,0.06714983147239692,0.0836463658932797,0.06244237375735594,0.08709056204809275,-0.4415975464585005,0.019527889065485415,0.5227442127429981,0.27986906710310966,0.0548258573845902,0.6701573202483061,0.26535052426016165,0.4415975464585005
f__pymfe.model-based.nodes_per_level.histogram.5,39,47,18,0.08214637663249591,0.14294296991585065,0.07352646321686565,0.09368203116486866,-0.4414515751887714,0.062151458939929446,0.45128942211345796,0.24168030551009276,0.13385403471206306,0.39065395865029706,0.443963071653675,0.4414515751887714
f__pymfe.landmarking.elite_nn.histogram.0.relative,46,58,0,4.184782608695652,3.6758620689655164,4.225,3.7,0.44068296517204875,0.508920539730135,0.44068296517204786,0.2638680659670165,0.044625960934188795,0.9684563758389263,0.24438926093048458,0.44068296517204875
f__pymfe.relative.elite_nn.histogram.0.relative,46,58,0,4.184782608695652,3.6758620689655164,4.225,3.7,0.44068296517204875,0.508920539730135,0.44068296517204786,0.2638680659670165,0.044625960934188795,0.9684563758389263,0.24438926093048458,0.44068296517204875
f__pymfe.statistical.g_mean.quantiles.1,29,33,42,2.31129699328334,19.657454953466925,0.0,2.4771831688195904,-0.4405947462213056,17.346157960183575,0.44059474622130534,0.4169278996865204,0.006072272283862102,0.1150729952481557,0.098188107996023,0.4405947462213056
f__pymfe.model-based.leaves_homo.histogram.3,39,47,18,0.0,0.013198389652716363,0.0,0.0,-0.4374089720510516,0.01319838965271636,0.4374089720510515,0.14893617021276595,0.6566231976984581,0.0,0.9342391145591725,0.4374089720510516
f__pymfe.statistical.sparsity.mean,46,58,0,0.12017309562240601,0.1880484185755982,0.048496445701734586,0.1873753653856513,-0.4373111400529498,0.0686256247152878,0.4421452285653837,0.3335832083958021,0.004735185766568251,0.9789763605878565,0.0913947903378595,0.4373111400529498
f__pymfe.landmarking.elite_nn.histogram.9,39,47,18,0.14461538461538462,0.16936170212765958,0.15,0.15,-0.4311059926699141,0.029339879978177857,0.5111305177642854,0.2165848336061102,0.22301073222360632,0.35820895522388085,0.5573528752296681,0.4311059926699141
f__pymfe.relative.elite_nn.histogram.9,39,47,18,0.14461538461538462,0.16936170212765958,0.15,0.15,-0.4311059926699141,0.029339879978177857,0.5111305177642854,0.2165848336061102,0.22301073222360632,0.35820895522388085,0.5573528752296681,0.4311059926699141
f__pymfe.statistical.skewness.quantiles.1,39,42,23,1.204551259804734,0.4242848080200393,0.41010040497118716,0.09119779968622152,0.42839305182645804,0.7814640064909997,0.4290505504465636,0.2564102564102564,0.11213485021845028,0.5345977839109602,0.3968408592831344,0.42839305182645804
f__pymfe.statistical.iq_range.histogram.6,39,47,18,0.014053498310683822,0.031045937481713724,0.0,0.0,-0.42759571943917773,0.0169924391710299,0.4275957194391776,0.16530278232405893,0.5320434275482114,0.555106388439722,0.882332889163804,0.42759571943917773
f__pymfe.model-based.tree_shape.min,39,47,18,0.00819284910334083,0.03415308531983779,0.00044021606445312,0.00164794921875,-0.4268786950037978,0.02598127344205027,0.42722462187887733,0.22913256955810146,0.17377101107764548,0.3693458685252962,0.4979984968629482,0.4268786950037978
f__pymfe.model-based.tree_shape.quantiles.0,39,47,18,0.00819284910334083,0.03415308531983779,0.00044021606445312,0.00164794921875,-0.4268786950037978,0.02598127344205027,0.42722462187887733,0.22913256955810146,0.17377101107764548,0.3693458685252962,0.4979984968629482,0.4268786950037978
f__pymfe.landmarking.naive_bayes.kurtosis.relative,46,58,0,3.4130434782608696,3.8206896551724143,3.3,4.0,-0.42307083453061545,0.4458770614692653,0.462748312575965,0.212143928035982,0.16649589305029433,0.7275320970042798,0.4930248071470823,0.42307083453061545
f__pymfe.relative.naive_bayes.kurtosis.relative,46,58,0,3.4130434782608696,3.8206896551724143,3.3,4.0,-0.42307083453061545,0.4458770614692653,0.462748312575965,0.212143928035982,0.16649589305029433,0.7275320970042798,0.4930248071470823,0.42307083453061545
f__pymfe.landmarking.one_nn.quantiles.1,39,47,18,0.6868164424994547,0.6036630448157995,0.6221502077326065,0.5793333333333333,0.42247511409476396,0.08315339768365551,0.42247511409476524,0.2613202400436443,0.08826515599211272,0.7108246409680339,0.34486164542238895,0.42247511409476396
f__pymfe.relative.one_nn.quantiles.1,39,47,18,0.6868164424994547,0.6036630448157995,0.6221502077326065,0.5793333333333333,0.42247511409476396,0.08315339768365551,0.42247511409476524,0.2613202400436443,0.08826515599211272,0.7108246409680339,0.34486164542238895,0.42247511409476396
f__pymfe.landmarking.elite_nn.max,39,47,18,0.5894561342926692,0.6778926970952097,0.6131192209764595,0.711111111111111,-0.4220132710611353,0.09508590977845649,0.45374350320496243,0.27605019094380795,0.059649126984446466,0.7709761954707967,0.2684210714300091,0.4220132710611353
f__pymfe.landmarking.elite_nn.quantiles.4,39,47,18,0.5894561342926692,0.6778926970952097,0.6131192209764595,0.711111111111111,-0.4220132710611353,0.09508590977845649,0.45374350320496243,0.27605019094380795,0.059649126984446466,0.7709761954707967,0.2684210714300091,0.4220132710611353
f__pymfe.relative.elite_nn.max,39,47,18,0.5894561342926692,0.6778926970952097,0.6131192209764595,0.711111111111111,-0.4220132710611353,0.09508590977845649,0.45374350320496243,0.27605019094380795,0.059649126984446466,0.7709761954707967,0.2684210714300091,0.4220132710611353
f__pymfe.relative.elite_nn.quantiles.4,39,47,18,0.5894561342926692,0.6778926970952097,0.6131192209764595,0.711111111111111,-0.4220132710611353,0.09508590977845649,0.45374350320496243,0.27605019094380795,0.059649126984446466,0.7709761954707967,0.2684210714300091,0.4220132710611353
f__pymfe.info-theory.mut_inf.histogram.1,17,36,51,0.07380921108475287,0.10949712374143003,0.058888888888888845,0.10625000000000001,-0.42177622503388795,0.03568791265667717,0.4217762250338881,0.20588235294117646,0.6329430415696977,0.6374872354660375,0.9233231590327144,0.42177622503388795
f__pymfe.statistical.var.histogram.1,39,47,18,0.04643291368426565,0.0932197587338343,0.0,0.05444444444444439,-0.42098170168033944,0.04707780704265829,0.4235997383281495,0.33987997817785054,0.01008658960484611,0.7800000000000004,0.11093754319023626,0.42098170168033944
f__pymfe.info-theory.class_conc.histogram.9,17,36,51,0.1334128994500511,0.19059940216001536,0.11111111111111112,0.14107142857142854,-0.41722765441256054,0.05718650270996421,0.41722765441256027,0.2581699346405229,0.3510479787328403,0.5841801070203864,0.7121839980878458,0.41722765441256054
f__pymfe.model-based.nodes_per_level.histogram.1,39,47,18,0.10765816528860295,0.08245422577267057,0.11601010101010101,0.09904197366696595,0.41628398945609496,0.025203939515932375,0.41628398945609496,0.24222585924713586,0.13129241668752026,0.8330943982007657,0.443963071653675,0.41628398945609496
f__pymfe.landmarking.naive_bayes.skewness,38,46,20,-0.03995898530134729,-0.22331378690198922,-0.02732495322144889,-0.11748898923181177,0.4142310531481214,0.18583201704827648,0.41982752269672613,0.2151029748283753,0.24490454013119548,0.6050337025815916,0.5849102733553077,0.4142310531481214
f__pymfe.relative.naive_bayes.skewness,38,46,20,-0.03995898530134729,-0.22331378690198922,-0.02732495322144889,-0.11748898923181177,0.4142310531481214,0.18583201704827648,0.41982752269672613,0.2151029748283753,0.24490454013119548,0.6050337025815916,0.5849102733553077,0.4142310531481214
f__pymfe.landmarking.linear_discr.quantiles.1,39,47,18,0.6905437152161268,0.6171443161501818,0.6503416415109733,0.6373800510416903,0.41352350704068863,0.07359126365437796,0.41460444937121715,0.20840152755046373,0.26039977091846445,0.6517033319859178,0.6042306277982571,0.41352350704068863
f__pymfe.relative.linear_discr.quantiles.1,39,47,18,0.6905437152161268,0.6171443161501818,0.6503416415109733,0.6373800510416903,0.41352350704068863,0.07359126365437796,0.41460444937121715,0.20840152755046373,0.26039977091846445,0.6517033319859178,0.6042306277982571,0.41352350704068863
f__pymfe.statistical.h_mean.histogram.1,29,33,42,0.07117182767320812,0.03871932875292078,0.05,0.0,0.4120387103868099,0.032711244006618644,0.41532391168834126,0.21839080459770116,0.38211761836569047,0.5712694877505569,0.7557437341010323,0.4120387103868099
f__pymfe.model-based.tree_shape.histogram.7,39,47,18,0.006416590960286148,0.01741701192355451,0.0,0.00078125,-0.40880888026730605,0.01100042096326836,0.408808880267306,0.29296235679214405,0.03876695510047611,0.2945686355768998,0.2283259634961865,0.40880888026730605
f__pymfe.info-theory.joint_ent.histogram.2,17,36,51,0.09162726334552959,0.05063592338368789,0.01722222222222217,0.014361104873119236,0.40854167224325516,0.04150705510458157,0.4136815658649871,0.24183006535947713,0.4311672688585303,0.5165816326530612,0.8069275288684176,0.40854167224325516
f__pymfe.model-based.leaves_per_class.histogram.5,39,47,18,0.06285353535353536,0.13677259501727587,0.05,0.049999999999999975,-0.4081212355027563,0.07640496619220022,0.4218463998697621,0.18276050190943807,0.4079841091178086,0.23666666666666736,0.7893605589453253,0.4081212355027563
f__pymfe.statistical.iq_range.histogram.9,39,47,18,0.12128846927697402,0.18743592152339997,0.05555555555555549,0.16166666666666665,-0.4081169364308387,0.06919284758028503,0.426906434312709,0.3087834151663939,0.026304236668356056,0.6897828256763285,0.19051950585280425,0.4081169364308387
f__pymfe.statistical.cor.iq_range,38,40,26,0.2452656146774148,0.18270732543942053,0.2047052413621333,0.16074303638549242,0.4080322798592401,0.06264803938355923,0.40861766921305137,0.24736842105263157,0.1474448412876655,0.869172759880478,0.46773591236205964,0.4080322798592401
f__pymfe.landmarking.elite_nn.histogram.1.relative,46,58,0,4.245652173913044,3.793965517241379,4.5,4.0,0.4059733512705329,0.4516866566716642,0.4059733512705325,0.27961019490254874,0.02811355485154734,0.8378378378378377,0.19083862233974083,0.4059733512705329
f__pymfe.relative.elite_nn.histogram.1.relative,46,58,0,4.245652173913044,3.793965517241379,4.5,4.0,0.4059733512705329,0.4516866566716642,0.4059733512705325,0.27961019490254874,0.02811355485154734,0.8378378378378377,0.19083862233974083,0.4059733512705329
f__pymfe.model-based.leaves_branch.kurtosis,39,46,19,-0.30482256497393123,-0.5023167060389434,-0.4140853758875349,-0.5266204711118267,0.40569955740196284,0.19749414106501223,0.40569955740196295,0.21014492753623187,0.2608763530277137,0.7410452068823065,0.6042306277982571,0.40569955740196284
f__pymfe.statistical.can_cor.histogram.8,39,47,18,0.039316239316239315,0.012064413128242914,0.0,0.0,0.40567621597879994,0.027251826187996403,0.40567621597879994,0.15821058374249863,0.5900630044674823,0.32727272727272705,0.9019838783812205,0.40567621597879994
f__pymfe.landmarking.elite_nn.histogram.7,39,47,18,0.07153846153846154,0.08851063829787234,0.07,0.08,-0.4054478860068657,0.019263502454991824,0.46018530552563264,0.2073104200763775,0.26829203532429496,0.5126582278481016,0.6087873096168845,0.4054478860068657
f__pymfe.relative.elite_nn.histogram.7,39,47,18,0.07153846153846154,0.08851063829787234,0.07,0.08,-0.4054478860068657,0.019263502454991824,0.46018530552563264,0.2073104200763775,0.26829203532429496,0.5126582278481016,0.6087873096168845,0.4054478860068657
f__pymfe.statistical.can_cor.skewness,16,17,71,-0.24237033568181468,-0.025982308820038737,-0.22983187210563966,-1.8991965777625346e-17,-0.40431169236974,0.22109808126088687,0.4131122258044042,0.2610294117647059,0.5429932690186264,0.7692927302791215,0.8897924350523407,0.40431169236974
f__pymfe.info-theory.class_conc.max,17,36,51,0.1967359040507372,0.2912133559056541,0.07806814831585221,0.22280447308758577,-0.40303095699509467,0.09464782872473104,0.4037577669539033,0.25163398692810457,0.373067015560718,0.6369824527700052,0.7396699986736017,0.40303095699509467
f__pymfe.info-theory.class_conc.quantiles.4,17,36,51,0.1967359040507372,0.2912133559056541,0.07806814831585221,0.22280447308758577,-0.40303095699509467,0.09464782872473104,0.4037577669539033,0.25163398692810457,0.373067015560718,0.6369824527700052,0.7396699986736017,0.40303095699509467
f__pymfe.statistical.mad.histogram.8,39,47,18,0.008088591865187605,0.02529801070556898,0.0,0.0,-0.4025768029867265,0.022353990580697793,0.5229228334460878,0.26786688488816146,0.07271600929187652,0.10404302670623135,0.30575077922726035,0.4025768029867265
f__pymfe.statistical.var.histogram.3,39,47,18,0.022704756127908416,0.044530872787253546,0.0,0.0,-0.4022880907151069,0.021826116659345127,0.40228809071510685,0.20403709765411893,0.2824217010543366,0.5593123772102165,0.6257808645768289,0.4022880907151069
f__pymfe.general.attr_to_inst,46,58,0,0.03129691425269588,0.11868378564105035,0.01674118716991433,0.03841811727438969,-0.4015412308555703,0.08740699255760147,0.4016336872959638,0.31334332833583206,0.00948982585849916,0.2707175974284775,0.10739674375313424,0.4015412308555703
f__pymfe.statistical.eigenvalues.histogram.8,38,44,22,0.0008337902046783606,0.008623844375963018,0.0,0.0,-0.4012665535043782,0.007790054171284656,0.40126655350437807,0.15550239234449761,0.6370705625382698,0.011975364963503534,0.9258155638783852,0.4012665535043782
f__pymfe.info-theory.attr_ent.histogram.2,17,36,51,0.10783560952291601,0.06394534991475281,0.03111111111111105,0.015730967886817864,0.4004470302562386,0.04389025960816319,0.4004470302562385,0.24509803921568626,0.4109317669495174,0.7437369519832985,0.7923222160491822,0.4004470302562386
f__pymfe.info-theory.class_conc.min,17,36,51,0.003435181918013602,0.026988755225741498,0.00101780202940126,0.005161709280238615,-0.40027082395202584,0.02355525678455149,0.4002994330571701,0.38562091503267976,0.04590408749803166,0.18548414553845677,0.2476038658984738,0.40027082395202584
f__pymfe.info-theory.class_conc.quantiles.0,17,36,51,0.003435181918013602,0.026988755225741498,0.00101780202940126,0.005161709280238615,-0.40027082395202584,0.02355525678455149,0.4002994330571701,0.38562091503267976,0.04590408749803166,0.18548414553845677,0.2476038658984738,0.40027082395202584
f__pymfe.landmarking.naive_bayes.mean.relative,46,58,0,5.432608695652174,4.936206896551726,5.5,5.0,0.39950898277561164,0.5029985007496252,0.40481807224771377,0.20464767616191903,0.19743002937707477,0.6795016987542469,0.5261864721489533,0.39950898277561164
f__pymfe.relative.naive_bayes.mean.relative,46,58,0,5.432608695652174,4.936206896551726,5.5,5.0,0.39950898277561164,0.5029985007496252,0.40481807224771377,0.20464767616191903,0.19743002937707477,0.6795016987542469,0.5261864721489533,0.39950898277561164
f__pymfe.info-theory.mut_inf.skewness,16,35,53,1.3056973099706164,0.7773070610518353,0.8500577984266449,0.4179611130319307,0.39807769961645206,0.7441367917373202,0.5606164437381431,0.2892857142857143,0.2517698882027004,0.4746022032570304,0.5924035105964474,0.39807769961645206
f__pymfe.landmarking.linear_discr.histogram.3,39,47,18,0.0958974358974359,0.07617021276595745,0.1,0.08,0.3980019378855319,0.01972722313147845,0.39800193788553184,0.27932351336606653,0.056482671458469504,0.8823529411764707,0.2661330578719651,0.3980019378855319
f__pymfe.relative.linear_discr.histogram.3,39,47,18,0.0958974358974359,0.07617021276595745,0.1,0.08,0.3980019378855319,0.01972722313147845,0.39800193788553184,0.27932351336606653,0.056482671458469504,0.8823529411764707,0.2661330578719651,0.3980019378855319
f__pymfe.info-theory.mut_inf.histogram.3,17,36,51,0.040366625118947085,0.0677332367210671,0.0,0.04713114754098358,-0.39533552969161506,0.027366611602120033,0.3953355296916154,0.26143790849673204,0.3401616856022961,0.6919648607568845,0.701337220508209,0.39533552969161506
f__pymfe.statistical.t_mean.histogram.6,39,47,18,0.028974122145723015,0.055359283127420326,0.0,0.02,-0.3948327294656615,0.028425358766575946,0.4253626496966659,0.25859247135842883,0.0917036707385062,0.8893241919686585,0.35314730894972823,0.3948327294656615
f__pymfe.statistical.g_mean.min,29,33,42,0.2178743781956269,15.491248677753868,0.0,0.0010177403064711,-0.39479283167433926,15.273374299558233,0.39479283167433904,0.329153605015674,0.05255843608327862,0.022105571450683183,0.25907266032434567,0.39479283167433926
f__pymfe.statistical.g_mean.quantiles.0,29,33,42,0.2178743781956269,15.491248677753868,0.0,0.0010177403064711,-0.39479283167433926,15.273374299558233,0.39479283167433904,0.329153605015674,0.05255843608327862,0.022105571450683183,0.25907266032434567,0.39479283167433926
f__pymfe.model-based.tree_imbalance.histogram.4,39,47,18,0.049606470498091526,0.038109457768915736,0.0408649643432252,0.03353535353535351,0.39470696737614963,0.011497012729175788,0.3947069673761496,0.24168030551009276,0.13385403471206306,0.7352707934376664,0.443963071653675,0.39470696737614963
f__pymfe.model-based.var_importance.mean,39,47,18,0.11567064607149838,0.19967440538808967,0.0476190476190476,0.1428571428571428,-0.39469552125829016,0.08442256567100281,0.3966633021493543,0.309328968903437,0.02547522713467198,0.31188180589189995,0.18800529435769256,0.39469552125829016
f__pymfe.landmarking.naive_bayes.quantiles.1.relative,46,58,0,5.369565217391305,4.883620689655173,5.6,4.825,0.3931440013640893,0.5099325337331334,0.41255103266937393,0.2608695652173913,0.04837105731370442,0.728448275862069,0.251836946510536,0.3931440013640893
f__pymfe.relative.naive_bayes.quantiles.1.relative,46,58,0,5.369565217391305,4.883620689655173,5.6,4.825,0.3931440013640893,0.5099325337331334,0.41255103266937393,0.2608695652173913,0.04837105731370442,0.728448275862069,0.251836946510536,0.3931440013640893
f__pymfe.model-based.nodes_repeated.histogram.9,39,47,18,0.1289552417337256,0.17747966988582525,0.0943760165744721,0.1666666666666666,-0.3918691298647097,0.05523598780375255,0.4460697282207465,0.2967812329514457,0.03552183797192661,0.5904030856004239,0.2249248396483258,0.3918691298647097
f__pymfe.model-based.var_importance.histogram.9,39,47,18,0.10082307312709593,0.14821610200422863,0.04999999999999994,0.1428571428571428,-0.3907830756130036,0.04939036806425837,0.40725229838859106,0.2580469176213857,0.09405748784012827,0.8186112041734473,0.3587621321902036,0.3907830756130036
f__pymfe.statistical.g_mean.histogram.8,29,33,42,0.005460599426116663,0.017994001901836,0.0,0.0,-0.3902082389217047,0.012533402475719333,0.3902082389217046,0.14733542319749215,0.8256927313506361,0.30480480480480443,1.0,0.3902082389217047
f__pymfe.model-based.var_importance.max,39,47,18,0.31254099696577814,0.4018606799278478,0.2721443980413221,0.3469490010311659,-0.3868069273925865,0.09095672972817297,0.3938963057758852,0.23295144571740317,0.1616361392492612,0.6802663473162783,0.4858181896384924,0.3868069273925865
f__pymfe.model-based.var_importance.quantiles.4,39,47,18,0.31254099696577814,0.4018606799278478,0.2721443980413221,0.3469490010311659,-0.3868069273925865,0.09095672972817297,0.3938963057758852,0.23295144571740317,0.1616361392492612,0.6802663473162783,0.4858181896384924,0.3868069273925865
f__pymfe.info-theory.mut_inf.histogram.8,17,36,51,0.04571598336304218,0.023269204101258007,0.0,0.0,0.38559028288443364,0.0232753296361823,0.399823103082033,0.17973856209150327,0.7787252375855397,0.5196025778732547,0.9992603581404673,0.38559028288443364
f__pymfe.model-based.tree_depth.histogram.5,39,47,18,0.18170189223148261,0.1654164097174036,0.1897893660625092,0.1709060330478817,0.38466760134212136,0.016723841031451112,0.3950217507669011,0.2236770321876705,0.19754865497365404,0.7169937632215709,0.5261864721489533,0.38466760134212136
f__pymfe.statistical.sparsity.histogram.9,46,58,0,0.13802939964229732,0.21051061990385989,0.06111111111111106,0.185645933014354,-0.3842249837589177,0.07363579003549912,0.39034539054895856,0.2556221889055472,0.05607087103281819,0.924428332403793,0.2661330578719651,0.3842249837589177
f__pymfe.statistical.min.histogram.2,39,47,18,0.013998891558916905,0.03282608485586238,0.0,0.0,-0.3834723566865042,0.01908369926453767,0.38869687137360254,0.22913256955810146,0.17377101107764548,0.497777777777778,0.4979984968629482,0.3834723566865042
f__pymfe.info-theory.class_conc.histogram.0,17,36,51,0.5115644280040563,0.4181525332287059,0.5,0.38749999999999996,0.3826748921636505,0.11224391822950282,0.4598229102171582,0.33169934640522875,0.11982810947455542,0.8411216754574922,0.41371687797034007,0.3826748921636505
f__pymfe.model-based.var_importance.histogram.6,39,47,18,0.01601279025589052,0.029547344170177854,0.00416666666666664,0.009677419354838698,-0.38251266753605173,0.013534553914287336,0.3825126675360518,0.23295144571740317,0.1616361392492612,0.761194029850747,0.4858181896384924,0.38251266753605173
f__pymfe.model-based.tree_imbalance.histogram.6,39,47,18,0.035951624512515296,0.026846663438281203,0.027335164835164828,0.025049019607843125,0.3816859117227821,0.009192453308496447,0.38535364329580246,0.2165848336061102,0.22301073222360632,0.6687089398148373,0.5573528752296681,0.3816859117227821
f__pymfe.statistical.kurtosis.quantiles.3,39,42,23,48.73144163868486,17.282843065554086,2.414308774314527,2.562640891094902,0.37777061237502807,31.46786164745201,0.3780020065774004,0.23809523809523808,0.16602425044427116,0.27624964608194086,0.4930248071470823,0.37777061237502807
f__pymfe.model-based.leaves_corrob.histogram.2,39,47,18,0.020061648392406446,0.03340434842323662,0.01117971362334259,0.02212389708883396,-0.37767570025891034,0.014205678910639185,0.40210300147885986,0.2629569012547736,0.08264349738288082,0.4709746026264724,0.32934050449595786,0.37767570025891034
f__pymfe.statistical.sd_ratio,20,14,70,1.5500403970055796,174.23416541020282,1.338277984205301,1.1846146754144287,-0.37752884131903364,172.99729838669057,0.3782135132934718,0.32142857142857145,0.2892584384594547,0.0018923915431242858,0.6365274978187451,0.37752884131903364
f__pymfe.landmarking.naive_bayes.quantiles.3.relative,46,58,0,5.336956521739131,4.890517241379311,5.475,5.0,0.3768051106886329,0.4500374812593703,0.379842075731544,0.20014992503748125,0.21755847760736086,0.84125,0.5523433932281966,0.3768051106886329
f__pymfe.relative.naive_bayes.quantiles.3.relative,46,58,0,5.336956521739131,4.890517241379311,5.475,5.0,0.3768051106886329,0.4500374812593703,0.379842075731544,0.20014992503748125,0.21755847760736086,0.84125,0.5523433932281966,0.3768051106886329
f__pymfe.landmarking.naive_bayes.quantiles.1,39,47,18,0.6787446781735019,0.6153990458310423,0.6644334677419355,0.6165426587301587,0.37236035714568233,0.0659378522667845,0.38759802864927534,0.22422258592471359,0.19388973375220042,0.6894734522975817,0.5261864721489533,0.37236035714568233
f__pymfe.relative.naive_bayes.quantiles.1,39,47,18,0.6787446781735019,0.6153990458310423,0.6644334677419355,0.6165426587301587,0.37236035714568233,0.0659378522667845,0.38759802864927534,0.22422258592471359,0.19388973375220042,0.6894734522975817,0.5261864721489533,0.37236035714568233
f__pymfe.statistical.skewness.median,39,42,23,2.176266803166319,1.1685096748213437,0.7470908228569997,0.6534606003247766,0.37168540350985807,1.0338341962084143,0.3813032620380276,0.21428571428571427,0.2613806648340775,0.7181490532887523,0.6042306277982571,0.37168540350985807
f__pymfe.statistical.skewness.quantiles.2,39,42,23,2.176266803166319,1.1685096748213437,0.7470908228569997,0.6534606003247766,0.37168540350985807,1.0338341962084143,0.3813032620380276,0.21428571428571427,0.2613806648340775,0.7181490532887523,0.6042306277982571,0.37168540350985807
f__pymfe.landmarking.naive_bayes.median.relative,46,58,0,5.401086956521739,4.971551724137932,5.449999999999999,5.0,0.37115670456418115,0.43538230884557727,0.3762090994954217,0.22638680659670166,0.11942730356891523,0.8212005108556832,0.41322362919525313,0.37115670456418115
f__pymfe.landmarking.naive_bayes.quantiles.2.relative,46,58,0,5.401086956521739,4.971551724137932,5.449999999999999,5.0,0.37115670456418115,0.43538230884557727,0.3762090994954217,0.22638680659670166,0.11942730356891523,0.8212005108556832,0.41322362919525313,0.37115670456418115
f__pymfe.relative.naive_bayes.median.relative,46,58,0,5.401086956521739,4.971551724137932,5.449999999999999,5.0,0.37115670456418115,0.43538230884557727,0.3762090994954217,0.22638680659670166,0.11942730356891523,0.8212005108556832,0.41322362919525313,0.37115670456418115
f__pymfe.relative.naive_bayes.quantiles.2.relative,46,58,0,5.401086956521739,4.971551724137932,5.449999999999999,5.0,0.37115670456418115,0.43538230884557727,0.3762090994954217,0.22638680659670166,0.11942730356891523,0.8212005108556832,0.41322362919525313,0.37115670456418115
f__pymfe.model-based.nodes_repeated.histogram.5,39,47,18,0.10486420938455168,0.1905363560413856,0.08571428571428567,0.1,-0.37073562451879605,0.08894069288388014,0.3848798542835334,0.29296235679214405,0.03876695510047611,0.18875000000000003,0.2283259634961865,0.37073562451879605
f__pymfe.model-based.tree_shape.histogram.4,39,47,18,0.03708333828759517,0.054511407136944884,0.01858583892242903,0.04028094447188977,-0.36832490562262993,0.018489936936493836,0.39076643178148684,0.2236770321876705,0.19754865497365404,0.5809573049358284,0.5261864721489533,0.36832490562262993
f__pymfe.model-based.leaves_corrob.sd,39,47,18,0.03427251629668252,0.05039759948224412,0.01835024606866003,0.0331178627510223,-0.36803638940174477,0.01701015822915663,0.3882372044701578,0.2624113475177305,0.08483485481360108,0.7024223443702057,0.33415838412530513,0.36803638940174477
f__pymfe.info-theory.attr_ent.max,17,36,51,2.429070439068728,3.109537251104467,2.0089085927282975,2.778112805482462,-0.3660947139173995,0.6930895243142943,0.372885799329272,0.18137254901960784,0.7700404487168311,0.6755372574642199,0.9992603581404673,0.3660947139173995
f__pymfe.info-theory.attr_ent.quantiles.4,17,36,51,2.429070439068728,3.109537251104467,2.0089085927282975,2.778112805482462,-0.3660947139173995,0.6930895243142943,0.372885799329272,0.18137254901960784,0.7700404487168311,0.6755372574642199,0.9992603581404673,0.3660947139173995
f__pymfe.model-based.leaves_corrob.median,39,47,18,0.0037596855514984736,0.022688353838373514,0.00201477623090216,0.00624999999999996,-0.3651184287605528,0.018958341068788725,0.3656907922963854,0.49318057828696127,2.743963966628967e-05,0.12717014322235126,0.0024421279302997805,0.3651184287605528
f__pymfe.model-based.leaves_corrob.quantiles.2,39,47,18,0.0037596855514984736,0.022688353838373514,0.00201477623090216,0.00624999999999996,-0.3651184287605528,0.018958341068788725,0.3656907922963854,0.49318057828696127,2.743963966628967e-05,0.12717014322235126,0.0024421279302997805,0.3651184287605528
f__pymfe.statistical.skewness.quantiles.3,39,42,23,3.372530956551041,2.014252898564149,1.3164472098393836,1.098452619133825,0.364507670709793,1.3995195535430174,0.37557524365139805,0.2216117216117216,0.228869191060725,0.49572938562127294,0.5639811589076222,0.364507670709793
f__pymfe.model-based.tree_imbalance.mean,39,47,18,0.07445930988890878,0.09714770204389016,0.06595042001080863,0.06972468662883588,-0.3624163838781587,0.02447106362872282,0.3908921500207267,0.21167484997272232,0.24685623092441886,0.6626822533257014,0.5858721213939541,0.3624163838781587
f__pymfe.model-based.tree_imbalance.min,39,47,18,0.004471525987155419,0.024406734877879525,0.0001063912125730279,0.000305061678245854,-0.3623004302250822,0.019939613620858946,0.36238048133624057,0.21167484997272232,0.24685623092441886,0.27698034319819304,0.5858721213939541,0.3623004302250822
f__pymfe.model-based.tree_imbalance.quantiles.0,39,47,18,0.004471525987155419,0.024406734877879525,0.0001063912125730279,0.000305061678245854,-0.3623004302250822,0.019939613620858946,0.36238048133624057,0.21167484997272232,0.24685623092441886,0.27698034319819304,0.5858721213939541,0.3623004302250822
f__pymfe.landmarking.worst_node.histogram.9,39,47,18,0.1428205128205128,0.19425531914893618,0.15,0.15,-0.3611380030682556,0.051816693944353516,0.36381934165701,0.19749045280960176,0.3236426712361082,0.6103646833013439,0.6813082251251581,0.3611380030682556
f__pymfe.relative.worst_node.histogram.9,39,47,18,0.1428205128205128,0.19425531914893618,0.15,0.15,-0.3611380030682556,0.051816693944353516,0.36381934165701,0.19749045280960176,0.3236426712361082,0.6103646833013439,0.6813082251251581,0.3611380030682556
f__pymfe.model-based.var_importance.skewness,38,44,22,2.052625306022798,1.433597621283558,1.9490223517213288,0.6296266149962664,0.3609241187560725,0.8066214698642905,0.47030068340664355,0.3456937799043062,0.010883396273685135,0.8219135076792154,0.11321558980807525,0.3609241187560725
f__pymfe.landmarking.naive_bayes.histogram.0.relative,46,58,0,4.405434782608695,4.103448275862069,4.225,4.0,0.36045295419949347,0.31173163418290856,0.3720847983216085,0.20614692653673164,0.19048957232498245,0.843447669305189,0.5216483672899519,0.36045295419949347
f__pymfe.relative.naive_bayes.histogram.0.relative,46,58,0,4.405434782608695,4.103448275862069,4.225,4.0,0.36045295419949347,0.31173163418290856,0.3720847983216085,0.20614692653673164,0.19048957232498245,0.843447669305189,0.5216483672899519,0.36045295419949347
f__pymfe.statistical.iq_range.histogram.4,39,47,18,0.025067360750676206,0.048451475847439515,0.0,0.0,-0.35925549121965233,0.026975800907294113,0.4144353791405555,0.18221494817239497,0.4128798175236428,0.5901325887982762,0.7923222160491822,0.35925549121965233
f__pymfe.statistical.kurtosis.skewness,38,39,27,1.711862639225808,1.1035993311155545,1.299420025092061,0.7073288501553984,0.35889498752857335,0.6082881599987456,0.3589096509450436,0.24628879892037786,0.15843478321398852,0.8383287504617355,0.4858181896384924,0.35889498752857335
f__pymfe.info-theory.mut_inf.min,17,36,51,0.01696156195041211,0.049270331826170875,0.0023296763777312197,0.00856900057749189,-0.35814649889393674,0.03413009361994224,0.3783360859577614,0.46895424836601307,0.00730509954213103,0.2603736595174794,0.098188107996023,0.35814649889393674
f__pymfe.info-theory.mut_inf.quantiles.0,17,36,51,0.01696156195041211,0.049270331826170875,0.0023296763777312197,0.00856900057749189,-0.35814649889393674,0.03413009361994224,0.3783360859577614,0.46895424836601307,0.00730509954213103,0.2603736595174794,0.098188107996023,0.35814649889393674
f__pymfe.statistical.eigenvalues.histogram.2,38,44,22,0.02153266013794621,0.04281305034517483,0.0,0.0023809523809523404,-0.35678748002330063,0.02565496300285405,0.4301316616257368,0.27751196172248804,0.068126524810115,0.7484504132231397,0.2931497016470991,0.35678748002330063
f__pymfe.statistical.eigenvalues.histogram.7,38,44,22,0.0036156916913495825,0.01158029672592779,0.0,0.0,-0.3563402208713894,0.007964605034578206,0.35634022087138933,0.1291866028708134,0.8315703882672217,0.1866006133522051,1.0,0.3563402208713894
f__pymfe.model-based.nodes_per_level.histogram.2,39,47,18,0.0948899179578839,0.07719664418615517,0.09030271757825935,0.07758911368584412,0.3562891445495565,0.019041093938056593,0.38343017567037185,0.21222040370976542,0.2428236607793399,0.7560926203806437,0.5849102733553077,0.3562891445495565
f__pymfe.model-based.tree_shape.histogram.1,39,47,18,0.13688463210781285,0.11128115077425443,0.13480856376699793,0.11348820185272383,0.355984275968594,0.025603481333558394,0.35598427596859367,0.2918712493180578,0.04128167816364467,0.8278129420102001,0.23763703766785543,0.355984275968594
f__pymfe.landmarking.linear_discr.histogram.9,39,47,18,0.1687179487179487,0.21936170212765962,0.15,0.16,-0.35485114963545833,0.05224768139661756,0.3660895680339093,0.19421713038734315,0.33953436877606163,0.24497991967871485,0.700945952035117,0.35485114963545833
f__pymfe.relative.linear_discr.histogram.9,39,47,18,0.1687179487179487,0.21936170212765962,0.15,0.16,-0.35485114963545833,0.05224768139661756,0.3660895680339093,0.19421713038734315,0.33953436877606163,0.24497991967871485,0.700945952035117,0.35485114963545833
f__pymfe.info-theory.mut_inf.histogram.0,17,36,51,0.4586313600400288,0.37431059574021325,0.4444444444444445,0.3568181818181818,0.3546509317825768,0.12037153628325009,0.5062795369259749,0.2973856209150327,0.2066249869268235,0.7319013225075512,0.5391485585528886,0.3546509317825768
f__pymfe.landmarking.best_node.max,39,47,18,0.526238770032066,0.6158245478745281,0.5,0.5777777777777777,-0.3537747278264178,0.0936052664880705,0.36964771052353823,0.2198581560283688,0.2118290653363584,0.926365516568859,0.5447033108649216,0.3537747278264178
f__pymfe.landmarking.best_node.quantiles.4,39,47,18,0.526238770032066,0.6158245478745281,0.5,0.5777777777777777,-0.3537747278264178,0.0936052664880705,0.36964771052353823,0.2198581560283688,0.2118290653363584,0.926365516568859,0.5447033108649216,0.3537747278264178
f__pymfe.relative.best_node.max,39,47,18,0.526238770032066,0.6158245478745281,0.5,0.5777777777777777,-0.3537747278264178,0.0936052664880705,0.36964771052353823,0.2198581560283688,0.2118290653363584,0.926365516568859,0.5447033108649216,0.3537747278264178
f__pymfe.relative.best_node.quantiles.4,39,47,18,0.526238770032066,0.6158245478745281,0.5,0.5777777777777777,-0.3537747278264178,0.0936052664880705,0.36964771052353823,0.2198581560283688,0.2118290653363584,0.926365516568859,0.5447033108649216,0.3537747278264178
f__pymfe.info-theory.attr_ent.iq_range,17,36,51,0.5589376687756304,0.7915889518015687,0.4809708183071174,0.595215072886494,-0.35344857657173945,0.23881854266806474,0.3628180032669488,0.21568627450980393,0.5692149776685733,0.6249484044591235,0.8897924350523407,0.35344857657173945
f__pymfe.landmarking.random_node.histogram.9.relative,46,58,0,3.614130434782608,4.1387931034482754,3.55,4.0,-0.3530299535953149,0.5508995502248877,0.3706839732778924,0.2353823088455772,0.09558354804694927,0.9221590909090909,0.3628550805005041,0.3530299535953149
f__pymfe.relative.random_node.histogram.9.relative,46,58,0,3.614130434782608,4.1387931034482754,3.55,4.0,-0.3530299535953149,0.5508995502248877,0.3706839732778924,0.2353823088455772,0.09558354804694927,0.9221590909090909,0.3628550805005041,0.3530299535953149
f__pymfe.landmarking.elite_nn.iq_range.relative,46,58,0,4.9902173913043475,4.454310344827586,5.425000000000001,4.65,0.3529610015802301,0.5504497751124438,0.362539185145283,0.24737631184407796,0.06999911475475118,0.9935205183585315,0.2982409091412537,0.3529610015802301
f__pymfe.relative.elite_nn.iq_range.relative,46,58,0,4.9902173913043475,4.454310344827586,5.425000000000001,4.65,0.3529610015802301,0.5504497751124438,0.362539185145283,0.24737631184407796,0.06999911475475118,0.9935205183585315,0.2982409091412537,0.3529610015802301
f__pymfe.info-theory.attr_ent.skewness,16,35,53,0.027502563891665232,0.5254199515371728,5.060671639722337e-07,5.075842153160083e-08,-0.3526788877190444,0.5583483798888763,0.395482645243823,0.20892857142857144,0.6314951824313815,0.49309257461510664,0.9233231590327144,0.3526788877190444
f__pymfe.statistical.kurtosis.iq_range,39,42,23,38.759711511941255,14.937494110462353,2.2097263206006943,2.176460079682177,0.35223549725849324,24.242486474387203,0.35844959913588736,0.2619047619047619,0.10016930958596161,0.21212573446711389,0.3723230486234583,0.35223549725849324
f__pymfe.statistical.kurtosis.median,39,42,23,24.380255173318613,7.605260619765822,0.48468714638532095,0.37834892790892183,0.3518859905584174,16.77537739359395,0.3518940213238927,0.26373626373626374,0.09651459822515747,0.6015111324955935,0.364661288577128,0.3518859905584174
f__pymfe.statistical.kurtosis.quantiles.2,39,42,23,24.380255173318613,7.605260619765822,0.48468714638532095,0.37834892790892183,0.3518859905584174,16.77537739359395,0.3518940213238927,0.26373626373626374,0.09651459822515747,0.6015111324955935,0.364661288577128,0.3518859905584174
f__pymfe.landmarking.one_nn.max.relative,46,58,0,5.553260869565217,5.102586206896552,5.425000000000001,5.0,0.35126425963925584,0.45067466266866574,0.35126425963925634,0.14617691154422788,0.5776430289977743,0.8184855233853007,0.8897924350523407,0.35126425963925584
f__pymfe.landmarking.one_nn.quantiles.4.relative,46,58,0,5.553260869565217,5.102586206896552,5.425000000000001,5.0,0.35126425963925584,0.45067466266866574,0.35126425963925634,0.14617691154422788,0.5776430289977743,0.8184855233853007,0.8897924350523407,0.35126425963925584
f__pymfe.relative.one_nn.max.relative,46,58,0,5.553260869565217,5.102586206896552,5.425000000000001,5.0,0.35126425963925584,0.45067466266866574,0.35126425963925634,0.14617691154422788,0.5776430289977743,0.8184855233853007,0.8897924350523407,0.35126425963925584
f__pymfe.relative.one_nn.quantiles.4.relative,46,58,0,5.553260869565217,5.102586206896552,5.425000000000001,5.0,0.35126425963925584,0.45067466266866574,0.35126425963925634,0.14617691154422788,0.5776430289977743,0.8184855233853007,0.8897924350523407,0.35126425963925584
f__pymfe.info-theory.attr_conc.histogram.5,16,34,54,0.033745716089466075,0.019518504371445533,0.009469696969696925,0.012878787878787825,0.34854682784476676,0.015722177128427127,0.38517139363195263,0.1875,0.7682486742081858,0.449296399338736,0.9992603581404673,0.34854682784476676
f__pymfe.statistical.cor.kurtosis,37,38,29,2.384963002896057,0.612985580481655,0.3927633050290168,-0.384587517140896,0.3477027059761283,1.7719774224144014,0.3477027059761281,0.14580369843527738,0.7472885265359049,0.3704606118205904,0.9910233605219535,0.3477027059761283
f__pymfe.statistical.sd.histogram.8,39,47,18,0.017398144858076264,0.03738605676539647,0.0,0.0,-0.34769249968382676,0.019987911907320202,0.3476924996838267,0.19967266775777415,0.3056171733684892,0.5044510385756685,0.6603439241898184,0.34769249968382676
f__pymfe.model-based.tree_imbalance.quantiles.1,39,47,18,0.014598821132730762,0.03557717992294436,0.0027370145858685,0.0031546248087161,-0.3463808891490479,0.02111169841196541,0.34858250545292846,0.19039825422804146,0.36108281106528256,0.46254367067126556,0.7257900418150348,0.3463808891490479
f__pymfe.landmarking.one_nn.histogram.5.relative,46,58,0,3.614130434782609,3.932758620689655,3.5,4.025,-0.3457870729535731,0.3321214392803598,0.36043044976374716,0.21139430284857572,0.1689658811547806,0.9435707678075856,0.4966666818531349,0.3457870729535731
f__pymfe.relative.one_nn.histogram.5.relative,46,58,0,3.614130434782609,3.932758620689655,3.5,4.025,-0.3457870729535731,0.3321214392803598,0.36043044976374716,0.21139430284857572,0.1689658811547806,0.9435707678075856,0.4966666818531349,0.3457870729535731
f__pymfe.statistical.sparsity.histogram.6,46,58,0,0.014844108030217969,0.0367833538932487,0.0,0.0,-0.34466734115359055,0.022197459421425116,0.34872389720739577,0.11169415292353824,0.859426032887938,0.3705601092896173,1.0,0.34466734115359055
f__pymfe.landmarking.elite_nn.sd.relative,46,58,0,5.193478260869565,4.6370689655172415,5.8,5.050000000000001,0.34360608620596284,0.5564092953523239,0.3436060862059631,0.280359820089955,0.027588469455272255,0.9622448979591836,0.19051950585280425,0.34360608620596284
f__pymfe.relative.elite_nn.sd.relative,46,58,0,5.193478260869565,4.6370689655172415,5.8,5.050000000000001,0.34360608620596284,0.5564092953523239,0.3436060862059631,0.280359820089955,0.027588469455272255,0.9622448979591836,0.19051950585280425,0.34360608620596284
f__pymfe.model-based.tree_imbalance.quantiles.3,39,47,18,0.1097116582463162,0.13524419367239202,0.09930553477991308,0.11338593210448052,-0.34349595281271655,0.02920019580000327,0.39283795797249477,0.18712493180578288,0.37941271812352273,0.6309406890745262,0.7513216000418831,0.34349595281271655
f__pymfe.model-based.tree_imbalance.histogram.5,39,47,18,0.043816759909272016,0.07877486356500124,0.03666666666666666,0.05854513735318688,-0.3431879069194694,0.0366358930431299,0.35965896707147993,0.3993453355155483,0.001367840748004361,0.7233712716404657,0.04214001689044204,0.3431879069194694
f__pymfe.landmarking.elite_nn.range.relative,46,58,0,5.211956521739131,4.658620689655171,5.65,5.225,0.34306313594273113,0.5533358320839581,0.34306313594273014,0.20689655172413793,0.18682617155868836,0.9607142857142857,0.519610289647602,0.34306313594273113
f__pymfe.relative.elite_nn.range.relative,46,58,0,5.211956521739131,4.658620689655171,5.65,5.225,0.34306313594273113,0.5533358320839581,0.34306313594273014,0.20689655172413793,0.18682617155868836,0.9607142857142857,0.519610289647602,0.34306313594273113
f__pymfe.model-based.var_importance.median,39,47,18,0.09588442637582241,0.1702021901228745,0.03719058832916544,0.10522885435966992,-0.3429238055595319,0.07463951981390206,0.3444084817572927,0.2711402073104201,0.06843819501623911,0.3206539392455716,0.2931497016470991,0.3429238055595319
f__pymfe.model-based.var_importance.quantiles.2,39,47,18,0.09588442637582241,0.1702021901228745,0.03719058832916544,0.10522885435966992,-0.3429238055595319,0.07463951981390206,0.3444084817572927,0.2711402073104201,0.06843819501623911,0.3206539392455716,0.2931497016470991,0.3429238055595319
f__pymfe.landmarking.one_nn.histogram.8,39,47,18,0.07461538461538461,0.0604255319148936,0.06000000000000001,0.06000000000000001,0.34285716606530325,0.014189852700490996,0.3428571660653029,0.20840152755046373,0.26039977091846445,0.6062499999999996,0.6042306277982571,0.34285716606530325
f__pymfe.relative.one_nn.histogram.8,39,47,18,0.07461538461538461,0.0604255319148936,0.06000000000000001,0.06000000000000001,0.34285716606530325,0.014189852700490996,0.3428571660653029,0.20840152755046373,0.26039977091846445,0.6062499999999996,0.6042306277982571,0.34285716606530325
f__pymfe.landmarking.linear_discr.histogram.5,39,47,18,0.12999999999999995,0.0923404255319149,0.11000000000000001,0.09,0.34162557670341653,0.03765957446808513,0.3416255767034173,0.19421713038734315,0.33953436877606163,0.7251461988304088,0.700945952035117,0.34162557670341653
f__pymfe.relative.linear_discr.histogram.5,39,47,18,0.12999999999999995,0.0923404255319149,0.11000000000000001,0.09,0.34162557670341653,0.03765957446808513,0.3416255767034173,0.19421713038734315,0.33953436877606163,0.7251461988304088,0.700945952035117,0.34162557670341653
f__pymfe.statistical.sparsity.skewness,42,54,8,1.414693662964546,0.8397487137608214,1.0663201306676222,0.5480480679206279,0.3415446334477132,0.5997256866602443,0.35626556960494526,0.22486772486772486,0.155352887342368,0.7332992767231545,0.4858181896384924,0.3415446334477132
f__pymfe.model-based.leaves_corrob.histogram.7,39,47,18,0.0039019071559975417,0.007436777303494963,0.00045045045045045,0.00158249081196516,-0.34125166324205325,0.0035348701474974212,0.34125166324205325,0.1734860883797054,0.47226126491189613,0.5827887728628472,0.8323020312308665,0.34125166324205325
f__pymfe.model-based.leaves_homo.histogram.4,39,47,18,0.005202795779718856,0.02034248428510488,0.0,0.0,-0.34107784311982614,0.015139688505386023,0.34107784311982603,0.11893071467539552,0.874641004849651,0.0613720735606541,1.0,0.34107784311982614
f__pymfe.landmarking.elite_nn.histogram.0,39,47,18,0.16564102564102567,0.14638297872340428,0.15,0.15,0.34080701358308474,0.019258046917621386,0.3408070135830845,0.15220949263502456,0.6334158250792467,0.6249999999999999,0.9233231590327144,0.34080701358308474
f__pymfe.relative.elite_nn.histogram.0,39,47,18,0.16564102564102567,0.14638297872340428,0.15,0.15,0.34080701358308474,0.019258046917621386,0.3408070135830845,0.15220949263502456,0.6334158250792467,0.6249999999999999,0.9233231590327144,0.34080701358308474
f__pymfe.info-theory.attr_conc.iq_range,16,34,54,0.1226843413875933,0.06150766928335193,0.019983005574499946,0.04640200890467787,0.3384582399544795,0.08980174383010345,0.49682565455325955,0.3602941176470588,0.08923768480066417,0.3368221167601236,0.3469873083753981,0.3384582399544795
f__pymfe.model-based.leaves_per_class.histogram.3,39,47,18,0.042783605283605274,0.023123100303951368,0.0,0.0,0.33793409879936354,0.019660504979653916,0.33793409879936376,0.1756683033278778,0.4623891945162064,0.7032967032967024,0.8265578414730614,0.33793409879936354
f__pymfe.info-theory.attr_conc.median,16,34,54,0.08509215337370635,0.03738132147993202,0.006250248734787995,0.024708458608949643,0.337897332998945,0.06573895370080443,0.4655759761032686,0.3897058823529412,0.05365782156366105,0.1939882014472634,0.2628740983027064,0.337897332998945
f__pymfe.info-theory.attr_conc.quantiles.2,16,34,54,0.08509215337370635,0.03738132147993202,0.006250248734787995,0.024708458608949643,0.337897332998945,0.06573895370080443,0.4655759761032686,0.3897058823529412,0.05365782156366105,0.1939882014472634,0.2628740983027064,0.337897332998945
f__pymfe.info-theory.attr_ent.range,17,36,51,1.6160211089857746,2.084393401738007,1.485730424476103,2.1386660861301436,-0.3367658696482124,0.4963059851805404,0.35685056374449886,0.2647058823529412,0.32945997408468136,0.7589606174002543,0.6920424529816629,0.3367658696482124
f__pymfe.general.freq_class.kurtosis,40,56,8,-2.4008554794545653,-1.9693763930186112,-2.75,-2.75,-0.33497325956808516,0.43172009658063953,0.33516036470548843,0.13214285714285715,0.7589611434893472,0.552215133174929,0.9937630606310162,0.33497325956808516
f__pymfe.landmarking.one_nn.skewness.relative,46,58,0,3.4521739130434774,3.8344827586206898,3.3499999999999996,3.8,-0.33357639184815524,0.38230884557721134,0.33357639184815435,0.18290854572713644,0.30971697183672664,0.833570412517781,0.6603439241898184,0.33357639184815524
f__pymfe.relative.one_nn.skewness.relative,46,58,0,3.4521739130434774,3.8344827586206898,3.3499999999999996,3.8,-0.33357639184815524,0.38230884557721134,0.33357639184815435,0.18290854572713644,0.30971697183672664,0.833570412517781,0.6603439241898184,0.33357639184815524
f__pymfe.landmarking.elite_nn.quantiles.3,39,47,18,0.5337570319349008,0.6014560650238013,0.570048400020566,0.5874999999999999,-0.33348851466781326,0.07560777510928825,0.3724473374002819,0.22913256955810146,0.17377101107764548,0.8025871966609459,0.4979984968629482,0.33348851466781326
f__pymfe.relative.elite_nn.quantiles.3,39,47,18,0.5337570319349008,0.6014560650238013,0.570048400020566,0.5874999999999999,-0.33348851466781326,0.07560777510928825,0.3724473374002819,0.22913256955810146,0.17377101107764548,0.8025871966609459,0.4979984968629482,0.33348851466781326
f__pymfe.statistical.cor.sd,37,38,29,0.1921429543187006,0.16364827589891498,0.1978264649274479,0.15801742539985728,0.33335456896251,0.029090667733013692,0.3403269501801711,0.22617354196301565,0.24393924200648948,0.6999884080451065,0.5849102733553077,0.33335456896251
f__pymfe.statistical.eigenvalues.skewness,38,44,22,3.286110502907459,2.4762875278729157,3.560395281016292,1.2731498491401516,0.333022611455441,1.1389983518810924,0.4683890396795731,0.3803827751196172,0.0036919999247517752,0.7665892864896252,0.0790937774080776,0.333022611455441
f__pymfe.landmarking.random_node.skewness,29,40,35,-0.09708980398102354,-0.37015981206155646,-0.019798642127414334,-0.19884882579968158,0.3318542734453425,0.2858167607963679,0.3473450422450173,0.2956896551724138,0.08313614367783151,0.4921145804862071,0.3296636192373418,0.3318542734453425
f__pymfe.relative.random_node.skewness,29,40,35,-0.09708980398102354,-0.37015981206155646,-0.019798642127414334,-0.19884882579968158,0.3318542734453425,0.2858167607963679,0.3473450422450173,0.2956896551724138,0.08313614367783151,0.4921145804862071,0.3296636192373418,0.3318542734453425
f__pymfe.model-based.tree_imbalance.sd,39,46,19,0.08565356613401424,0.09314640119954641,0.08500153050375076,0.08654123271142233,-0.3304431681228466,0.008690625031188209,0.3832671669878246,0.23355629877369008,0.16483328981336712,0.7479788892625145,0.4908232904851564,0.3304431681228466
f__pymfe.model-based.leaves_branch.histogram.0,39,47,18,0.04943256419429818,0.06405475065170615,0.0487763446342456,0.04868566618566615,-0.3290852684385655,0.015374274829124762,0.3460116839522011,0.2204037097654119,0.20798614805598323,0.6846591244740622,0.5391485585528886,0.3290852684385655
f__pymfe.statistical.min.histogram.4,39,47,18,0.01592865461559925,0.03557181445094141,0.0,0.0,-0.32876656772313506,0.019643159835342157,0.328766567723135,0.09765411893071467,0.9685776029571248,0.3996514238449727,1.0,0.32876656772313506
f__pymfe.statistical.sd.histogram.2,39,47,18,0.03282774312345719,0.05847557329617848,0.0,0.0,-0.328688300944359,0.025647830172721302,0.3286883009443592,0.14457174031642117,0.6915076842079748,0.5820895522388065,0.9624633450053653,0.328688300944359
f__pymfe.statistical.range.histogram.4,39,47,18,0.02406144419855111,0.044342081013417266,0.0,0.0,-0.32810533301707845,0.020280636814866145,0.3281053330170783,0.16475722858701583,0.5375591102216764,0.604329973870848,0.8878038088403356,0.32810533301707845
f__pymfe.landmarking.one_nn.quantiles.3.relative,46,58,0,5.589130434782609,5.148275862068965,5.55,5.0,0.3264977053027582,0.4441529235382309,0.3289404699742964,0.15442278860569716,0.5103526038269155,0.7384295371814874,0.8615225198426961,0.3264977053027582
f__pymfe.relative.one_nn.quantiles.3.relative,46,58,0,5.589130434782609,5.148275862068965,5.55,5.0,0.3264977053027582,0.4441529235382309,0.3289404699742964,0.15442278860569716,0.5103526038269155,0.7384295371814874,0.8615225198426961,0.3264977053027582
f__pymfe.info-theory.attr_ent.quantiles.3,17,36,51,1.7262538697947813,2.286387022940787,1.6148928245569834,1.6314280165277721,-0.3261603518381554,0.6405197062333794,0.37296869783727193,0.18137254901960784,0.7700404487168311,0.6145434178222652,0.9992603581404673,0.3261603518381554
f__pymfe.landmarking.one_nn.mean,39,47,18,0.7122486572967989,0.6506004817639561,0.6422472943722944,0.6263537549407114,0.3260959709598685,0.06199396742667608,0.3279250817550381,0.20567375886524822,0.27997965415502996,0.7712113125151637,0.6255612356434561,0.3260959709598685
f__pymfe.relative.one_nn.mean,39,47,18,0.7122486572967989,0.6506004817639561,0.6422472943722944,0.6263537549407114,0.3260959709598685,0.06199396742667608,0.3279250817550381,0.20567375886524822,0.27997965415502996,0.7712113125151637,0.6255612356434561,0.3260959709598685
f__pymfe.statistical.range.histogram.6,39,47,18,0.012097248183707677,0.02597853396055375,0.0,0.0,-0.3249545320300235,0.01388128577684607,0.32495453203002345,0.16148390616475722,0.560745755289806,0.3504182084489672,0.8897924350523407,0.3249545320300235
f__pymfe.model-based.leaves_homo.histogram.0,39,47,18,0.7314499029682446,0.6469437889621346,0.7976211807671791,0.7237528312196111,0.32382696679047146,0.08693924574329714,0.33315071430296445,0.23731587561374795,0.1472352698063895,0.8799813814473355,0.46773591236205964,0.32382696679047146
f__pymfe.landmarking.worst_node.max,39,47,18,0.4606315043552031,0.5319584804035572,0.5,0.5096273291925466,-0.32365042837458,0.0758542996833805,0.34419343068654296,0.2629569012547736,0.08264349738288082,0.8425998702649973,0.32934050449595786,0.32365042837458
f__pymfe.landmarking.worst_node.quantiles.4,39,47,18,0.4606315043552031,0.5319584804035572,0.5,0.5096273291925466,-0.32365042837458,0.0758542996833805,0.34419343068654296,0.2629569012547736,0.08264349738288082,0.8425998702649973,0.32934050449595786,0.32365042837458
f__pymfe.relative.worst_node.max,39,47,18,0.4606315043552031,0.5319584804035572,0.5,0.5096273291925466,-0.32365042837458,0.0758542996833805,0.34419343068654296,0.2629569012547736,0.08264349738288082,0.8425998702649973,0.32934050449595786,0.32365042837458
f__pymfe.relative.worst_node.quantiles.4,39,47,18,0.4606315043552031,0.5319584804035572,0.5,0.5096273291925466,-0.32365042837458,0.0758542996833805,0.34419343068654296,0.2629569012547736,0.08264349738288082,0.8425998702649973,0.32934050449595786,0.32365042837458
f__pymfe.statistical.kurtosis.quantiles.1,39,42,23,9.971730126743603,2.345348955091733,-0.01827022024439294,-0.36157791696265235,0.32332200996687266,7.631807073983399,0.32355204222047085,0.3021978021978022,0.037612452427643,0.18999082845063645,0.2283259634961865,0.32332200996687266
f__pymfe.statistical.skewness.skewness,38,39,27,0.9393904915377606,0.6013793335922868,0.8900185785975022,0.3770273263057685,0.3230719583435157,0.4176166205398274,0.3991590699392461,0.2941970310391363,0.06031916992077376,0.9595979730519707,0.2697564272701097,0.3230719583435157
f__pymfe.landmarking.random_node.skewness.relative,46,58,0,5.058695652173912,4.658620689655172,5.4,4.85,0.3222819589531592,0.41221889055472266,0.3320645479264425,0.20089955022488756,0.21442919390767676,0.8534850640113799,0.5495264389660944,0.3222819589531592
f__pymfe.relative.random_node.skewness.relative,46,58,0,5.058695652173912,4.658620689655172,5.4,4.85,0.3222819589531592,0.41221889055472266,0.3320645479264425,0.20089955022488756,0.21442919390767676,0.8534850640113799,0.5495264389660944,0.3222819589531592
f__pymfe.statistical.cov.histogram.1,38,44,22,0.060379134669196914,0.08765902090484724,0.020439560439560377,0.07166666666666663,-0.32223767881513377,0.03486611762086478,0.41184837482058007,0.2751196172248804,0.07205724366328045,0.9117860637923498,0.3053854612396172,0.32223767881513377
f__pymfe.info-theory.class_conc.range,17,36,51,0.19330072213272356,0.26422460067991266,0.07361892133557497,0.22185429077929278,-0.32213389899798167,0.07100673235694176,0.32251021824798864,0.2238562091503268,0.5125602985208011,0.8813945921717795,0.864338524452972,0.32213389899798167
f__pymfe.model-based.leaves_homo.quantiles.1,39,47,18,132505.3638461823,3858158.1316335695,2251.2,718.9333333333334,-0.3208262924347256,3728786.388748083,0.32109613722633046,0.3011456628477905,0.03147030225043879,0.0047647147437538066,0.20577724165388958,0.3208262924347256
f__pymfe.statistical.sd.histogram.3,39,47,18,0.03992713736063946,0.06478749146641521,0.0,0.03503401360544211,-0.3200980653501681,0.02936541563211389,0.3781045391408725,0.24604473540643754,0.12133663941433409,0.8417631823290824,0.415862137636987,0.3200980653501681
f__pymfe.statistical.cor.histogram.1,38,40,26,0.15919334258588774,0.13099793914413074,0.17131120053655258,0.14888888888888885,0.3199457251284376,0.029632423070559383,0.3362522230336978,0.2381578947368421,0.1812330291754602,0.9950117137094128,0.5084681484047061,0.3199457251284376
f__pymfe.info-theory.attr_conc.quantiles.3,16,34,54,0.15205931691723096,0.08143769199090689,0.020956252529568026,0.06032039579836921,0.31938757157672215,0.11708111375302224,0.5295014471571172,0.41911764705882354,0.03094397325301127,0.25652850453287857,0.2048439882286118,0.31938757157672215
f__pymfe.landmarking.naive_bayes.histogram.4.relative,46,58,0,4.405434782608696,4.147413793103448,4.375,4.0,0.31786132981012694,0.31589205397301356,0.3891538767634729,0.24212893553223389,0.08036351453504158,0.9072657743785847,0.32934050449595786,0.31786132981012694
f__pymfe.relative.naive_bayes.histogram.4.relative,46,58,0,4.405434782608696,4.147413793103448,4.375,4.0,0.31786132981012694,0.31589205397301356,0.3891538767634729,0.24212893553223389,0.08036351453504158,0.9072657743785847,0.32934050449595786,0.31786132981012694
f__pymfe.model-based.tree_depth.histogram.1,39,47,18,0.039073100821915695,0.04640892983956105,0.03775874437783443,0.04256594091764408,-0.31751444939997997,0.008717059194841255,0.37729781378212346,0.2755046372067649,0.061292970990212185,0.7389063184903792,0.2697564272701097,0.31751444939997997
f__pymfe.statistical.mean.histogram.6,39,47,18,0.033191486469995236,0.055308937912499884,0.0,0.0,-0.31729890424192386,0.023764504153387163,0.3409276673365443,0.28423349699945444,0.048955821889763156,0.8773395721925145,0.251836946510536,0.31729890424192386
f__pymfe.model-based.var_importance.histogram.7,39,47,18,0.011814166083716283,0.022375286573227637,0.0046875,0.00060240963855421,-0.31691077067300105,0.01143402981826262,0.3431044277169626,0.1783960720130933,0.43726033605953774,0.3829787234042557,0.8075162691132229,0.31691077067300105
f__pymfe.model-based.leaves_corrob.quantiles.1,39,47,18,0.0013641834229185564,0.015430695506441319,0.00085733909735628,0.0033967563204850503,-0.3166153532805893,0.014075779704867827,0.31682395305207606,0.5657392253136934,6.736803584615727e-07,0.07481379363101746,0.0002681655782560176,0.3166153532805893
f__pymfe.model-based.nodes_repeated.count,39,47,18,24.674358974358977,16.574468085106382,17.9,6.6,0.31522890866567294,9.156410256410258,0.3563461843977648,0.31369339879978175,0.02245212739009278,0.9047419219471268,0.1729245580717723,0.31522890866567294
f__pymfe.landmarking.worst_node.histogram.5,39,47,18,0.41384615384615386,0.2968085106382979,0.18,0.11000000000000001,0.31488637434347916,0.11703764320785598,0.31488637434347916,0.1685761047463175,0.5096392939784742,0.9729187562688064,0.8615225198426961,0.31488637434347916
f__pymfe.relative.worst_node.histogram.5,39,47,18,0.41384615384615386,0.2968085106382979,0.18,0.11000000000000001,0.31488637434347916,0.11703764320785598,0.31488637434347916,0.1685761047463175,0.5096392939784742,0.9729187562688064,0.8615225198426961,0.31488637434347916
f__pymfe.statistical.nr_cor_attr,38,44,22,0.2542380712260931,0.16559036993574625,0.11842168502861654,0.04868008636901856,0.31291859704409974,0.09269418112630036,0.327202315344776,0.284688995215311,0.057122638345836675,0.9608318788273231,0.26835913967750835,0.31291859704409974
f__pymfe.landmarking.one_nn.median,39,47,18,0.7134481350351185,0.6528319345127519,0.6438582251082251,0.6305,0.31138906623891355,0.06176049767264783,0.3172673894933452,0.20567375886524822,0.27997965415502996,0.7983499357031315,0.6255612356434561,0.31138906623891355
f__pymfe.landmarking.one_nn.quantiles.2,39,47,18,0.7134481350351185,0.6528319345127519,0.6438582251082251,0.6305,0.31138906623891355,0.06176049767264783,0.3172673894933452,0.20567375886524822,0.27997965415502996,0.7983499357031315,0.6255612356434561,0.31138906623891355
f__pymfe.relative.one_nn.median,39,47,18,0.7134481350351185,0.6528319345127519,0.6438582251082251,0.6305,0.31138906623891355,0.06176049767264783,0.3172673894933452,0.20567375886524822,0.27997965415502996,0.7983499357031315,0.6255612356434561,0.31138906623891355
f__pymfe.relative.one_nn.quantiles.2,39,47,18,0.7134481350351185,0.6528319345127519,0.6438582251082251,0.6305,0.31138906623891355,0.06176049767264783,0.3172673894933452,0.20567375886524822,0.27997965415502996,0.7983499357031315,0.6255612356434561,0.31138906623891355
f__pymfe.statistical.max.histogram.4,39,47,18,0.023016649412223266,0.04849739567984322,0.0,0.0,-0.31102427257630194,0.025523178224945556,0.311542207511275,0.14020731042007636,0.7262192501335131,0.4920634920634927,0.9816732130859414,0.31102427257630194
f__pymfe.general.cat_to_num,39,47,18,0.5878510378510379,1.8459668617557936,0.0,0.0170068027210884,-0.3109987437012532,1.2581158239047552,0.3109987437012531,0.2755046372067649,0.061292970990212185,0.6719745222929939,0.2697564272701097,0.3109987437012532
f__pymfe.landmarking.random_node.max,39,47,18,0.4753510003474506,0.5496379157959852,0.5,0.5,-0.309403625481273,0.08357842897135234,0.3481026070288342,0.28423349699945444,0.048955821889763156,0.849337978785887,0.251836946510536,0.309403625481273
f__pymfe.landmarking.random_node.quantiles.4,39,47,18,0.4753510003474506,0.5496379157959852,0.5,0.5,-0.309403625481273,0.08357842897135234,0.3481026070288342,0.28423349699945444,0.048955821889763156,0.849337978785887,0.251836946510536,0.309403625481273
f__pymfe.relative.random_node.max,39,47,18,0.4753510003474506,0.5496379157959852,0.5,0.5,-0.309403625481273,0.08357842897135234,0.3481026070288342,0.28423349699945444,0.048955821889763156,0.849337978785887,0.251836946510536,0.309403625481273
f__pymfe.relative.random_node.quantiles.4,39,47,18,0.4753510003474506,0.5496379157959852,0.5,0.5,-0.309403625481273,0.08357842897135234,0.3481026070288342,0.28423349699945444,0.048955821889763156,0.849337978785887,0.251836946510536,0.309403625481273
f__pymfe.model-based.leaves_branch.histogram.4,39,47,18,0.12536125191441025,0.10990912489710744,0.12039431736135528,0.11956858875561933,0.30859214667278506,0.016150619336554827,0.3225416336263331,0.19912711402073105,0.3099741766484041,0.7267645017885483,0.6603439241898184,0.30859214667278506
f__pymfe.model-based.leaves_corrob.min,39,47,18,0.001059188992624153,0.012632022005718713,0.00084860867375378,0.0033967563204850503,-0.30856192277185823,0.01158362070805884,0.3088495508657474,0.5701036552100381,5.249395443516916e-07,0.10388993262465802,0.0002681655782560176,0.30856192277185823
f__pymfe.model-based.leaves_corrob.quantiles.0,39,47,18,0.001059188992624153,0.012632022005718713,0.00084860867375378,0.0033967563204850503,-0.30856192277185823,0.01158362070805884,0.3088495508657474,0.5701036552100381,5.249395443516916e-07,0.10388993262465802,0.0002681655782560176,0.30856192277185823
f__pymfe.model-based.tree_depth.histogram.7,39,47,18,0.10998482674923117,0.09762951191153223,0.10226120404777181,0.09334677530640773,0.30822364075614767,0.014556491860228917,0.3631356203167851,0.24822695035460993,0.11825497890170576,0.6645123870838675,0.4127330636177181,0.30822364075614767
f__pymfe.statistical.var.histogram.8,39,47,18,0.019148224235214478,0.03681992842515794,0.0,0.0,-0.3076757548350548,0.019528567775530456,0.34000494613321636,0.24604473540643754,0.12133663941433409,0.8465608465608476,0.415862137636987,0.3076757548350548
f__pymfe.landmarking.linear_discr.histogram.0,39,47,18,0.14076923076923079,0.1648936170212766,0.14,0.15,-0.3053801501183865,0.024124386252045844,0.3053801501183867,0.14348063284233498,0.7020655141217161,0.7014925373134336,0.9695766841577492,0.3053801501183865
f__pymfe.relative.linear_discr.histogram.0,39,47,18,0.14076923076923079,0.1648936170212766,0.14,0.15,-0.3053801501183865,0.024124386252045844,0.3053801501183867,0.14348063284233498,0.7020655141217161,0.7014925373134336,0.9695766841577492,0.3053801501183865
f__pymfe.info-theory.attr_ent.histogram.7,17,36,51,0.05492487904252609,0.03380881722473794,0.01333333333333328,0.0,0.30422404092133887,0.021238610837395998,0.3059896333067827,0.2826797385620915,0.25182696049699166,0.7249793856936714,0.5924035105964474,0.30422404092133887
f__pymfe.statistical.kurtosis.kurtosis,38,39,27,6.050189704758585,2.088945198450315,0.8140623951815537,-0.9200001162949567,0.3038395240345794,3.9612445063082733,0.30383952403457964,0.32388663967611336,0.027189384350527833,0.715226440979536,0.19051950585280425,0.3038395240345794
f__pymfe.statistical.sparsity.median,46,58,0,0.10624045662004955,0.15780046905905995,0.01362033447046913,0.07228463581730485,-0.30356883502437154,0.051701040752192805,0.3043991645513257,0.22863568215892055,0.11271073094496015,0.9990744237747368,0.3968408592831344,0.30356883502437154
f__pymfe.statistical.sparsity.quantiles.2,46,58,0,0.10624045662004955,0.15780046905905995,0.01362033447046913,0.07228463581730485,-0.30356883502437154,0.051701040752192805,0.3043991645513257,0.22863568215892055,0.11271073094496015,0.9990744237747368,0.3968408592831344,0.30356883502437154
f__pymfe.statistical.cor.histogram.2,38,40,26,0.12244735991305665,0.10184780506022743,0.11507936507936503,0.10151842306888623,0.3009941537672595,0.021315446241907145,0.31145453140086576,0.24473684210526317,0.15703764584988272,0.9782260100845241,0.4858181896384924,0.3009941537672595
f__pymfe.general.num_to_cat,17,36,51,1.4024213832263368,7.548436176245652,0.2727272727272727,0.4175438596491228,-0.2990327274776267,6.420034807833047,0.31236509896919534,0.11601307189542484,0.9898628158610642,0.22032288698955355,1.0,0.2990327274776267
f__pymfe.model-based.nodes_per_level.histogram.8,39,47,18,0.061863069383459715,0.05128642112742099,0.06586691086691084,0.0553274898305733,0.2986666210059419,0.017549505047176523,0.495568278899162,0.2635024549918167,0.08082199147686675,0.6872084393231492,0.32934050449595786,0.2986666210059419
f__pymfe.statistical.h_mean.iq_range,29,33,42,53.791990271693216,24.477007872685967,1.2566989471245207,4.629605990502112,0.29835914457631224,31.053412711260876,0.31605236962450767,0.1619644723092999,0.7352947987882676,0.6256161446158744,0.9873782629160139,0.29835914457631224
f__pymfe.statistical.g_mean.histogram.7,29,33,42,0.008551352090178972,0.020476593895948737,0.0,0.0,-0.2983437950804897,0.012363118105715014,0.30929851442532197,0.12121212121212122,0.9438309521656619,0.44666247511264734,1.0,0.2983437950804897
f__pymfe.landmarking.elite_nn.histogram.9.relative,46,58,0,3.880434782608696,3.533620689655172,3.9000000000000004,3.625,0.2981219288606984,0.3504122938530735,0.30121494789999625,0.15292353823088456,0.525221266666088,0.9605734767025089,0.8801301979069801,0.2981219288606984
f__pymfe.relative.elite_nn.histogram.9.relative,46,58,0,3.880434782608696,3.533620689655172,3.9000000000000004,3.625,0.2981219288606984,0.3504122938530735,0.30121494789999625,0.15292353823088456,0.525221266666088,0.9605734767025089,0.8801301979069801,0.2981219288606984
f__pymfe.statistical.iq_range.histogram.2,39,47,18,0.039284641546779187,0.06149409368823871,0.0,0.04,-0.2980064237632043,0.02724537546804277,0.36557844180948784,0.24113475177304963,0.1368336002955676,0.6721757322175737,0.4510440898631673,0.2980064237632043
f__pymfe.statistical.g_mean.median,29,33,42,16.756884138789395,31.2597907485868,0.15479401944944038,3.933124453855721,-0.296600703745051,15.706235247826141,0.32121012380673636,0.3437826541274817,0.038009143899268,0.9420207654091378,0.2283259634961865,0.296600703745051
f__pymfe.statistical.g_mean.quantiles.2,29,33,42,16.756884138789395,31.2597907485868,0.15479401944944038,3.933124453855721,-0.296600703745051,15.706235247826141,0.32121012380673636,0.3437826541274817,0.038009143899268,0.9420207654091378,0.2283259634961865,0.296600703745051
f__pymfe.statistical.sparsity.kurtosis,42,54,8,4.867054716865675,1.8904590288084444,0.7228717036197337,-0.7354757439651787,0.2951878345528971,2.976595688057232,0.29518783455289727,0.20105820105820105,0.2556502568031581,0.5712533196953219,0.6005157058631367,0.2951878345528971
f__pymfe.info-theory.attr_conc.count,46,58,0,26.869565217391305,42.03448275862069,0.0,6.0,-0.2943672520152289,15.164917541229388,0.29436725201522895,0.2383808095952024,0.08847574049226084,1.0,0.34486164542238895,0.2943672520152289
f__pymfe.landmarking.one_nn.histogram.4.relative,46,58,0,4.38804347826087,4.616379310344827,4.6,4.7,-0.2941492858749209,0.22856071964017993,0.29443899298510673,0.13943028485757122,0.638015220051022,0.6039689387402933,0.9258155638783852,0.2941492858749209
f__pymfe.relative.one_nn.histogram.4.relative,46,58,0,4.38804347826087,4.616379310344827,4.6,4.7,-0.2941492858749209,0.22856071964017993,0.29443899298510673,0.13943028485757122,0.638015220051022,0.6039689387402933,0.9258155638783852,0.2941492858749209
f__pymfe.landmarking.linear_discr.mean,39,47,18,0.7113017230653575,0.660790176552494,0.6830707813428402,0.6759460034013605,0.2933507441278508,0.060379133086598105,0.3506577177603812,0.16148390616475722,0.560745755289806,0.6810794485954403,0.8897924350523407,0.2933507441278508
f__pymfe.relative.linear_discr.mean,39,47,18,0.7113017230653575,0.660790176552494,0.6830707813428402,0.6759460034013605,0.2933507441278508,0.060379133086598105,0.3506577177603812,0.16148390616475722,0.560745755289806,0.6810794485954403,0.8897924350523407,0.2933507441278508
f__pymfe.model-based.leaves_corrob.histogram.8,39,47,18,0.005022650709261645,0.010353772117774331,0.00034142376179656,0.00012224943442823,-0.29331207207646515,0.005399823786693179,0.2970919966657878,0.13966175668303327,0.7313653779765578,0.5545630963606263,0.9845775928726432,0.29331207207646515
f__pymfe.landmarking.naive_bayes.max.relative,46,58,0,5.220652173913043,4.8853448275862075,5.3,5.0,0.29007343946863323,0.3739130434782608,0.32347111917494864,0.20464767616191903,0.19743002937707477,0.976886471787899,0.5261864721489533,0.29007343946863323
f__pymfe.landmarking.naive_bayes.quantiles.4.relative,46,58,0,5.220652173913043,4.8853448275862075,5.3,5.0,0.29007343946863323,0.3739130434782608,0.32347111917494864,0.20464767616191903,0.19743002937707477,0.976886471787899,0.5261864721489533,0.29007343946863323
f__pymfe.relative.naive_bayes.max.relative,46,58,0,5.220652173913043,4.8853448275862075,5.3,5.0,0.29007343946863323,0.3739130434782608,0.32347111917494864,0.20464767616191903,0.19743002937707477,0.976886471787899,0.5261864721489533,0.29007343946863323
f__pymfe.relative.naive_bayes.quantiles.4.relative,46,58,0,5.220652173913043,4.8853448275862075,5.3,5.0,0.29007343946863323,0.3739130434782608,0.32347111917494864,0.20464767616191903,0.19743002937707477,0.976886471787899,0.5261864721489533,0.29007343946863323
f__pymfe.statistical.mean.histogram.5,39,47,18,0.06553918422068267,0.12023745398300723,0.0,0.028571428571428505,-0.2886824938714759,0.05469826976232454,0.28868249387147576,0.15166393889798144,0.6389036069438128,0.4155251141552525,0.9262656817411657,0.2886824938714759
f__pymfe.statistical.t_mean.histogram.5,39,47,18,0.062036067119703726,0.1226851086019907,0.0,0.0238095238095238,-0.2882233661896023,0.06064904148228696,0.28822336618960226,0.24222585924713586,0.13129241668752026,0.3187500000000012,0.443963071653675,0.2882233661896023
f__pymfe.model-based.var_importance.histogram.4,39,47,18,0.03024134090938899,0.04239193390580073,0.01666666666666666,0.0208333333333333,-0.28761811365835815,0.012964571663024962,0.30688589826101725,0.18221494817239497,0.4128798175236428,0.5899439885371897,0.7923222160491822,0.28761811365835815
f__pymfe.statistical.cor.quantiles.3,38,40,26,0.40564602865792204,0.33052451975412583,0.33480065547899307,0.2557954034083494,0.28660645067355495,0.08060046149715047,0.3075099599228291,0.22763157894736843,0.21554259439397955,0.9810861672339987,0.5507164851980147,0.28660645067355495
f__pymfe.statistical.cov.histogram.6,38,44,22,0.012493953754168253,0.024503107311647232,0.0,0.00453216374269003,-0.2865036181720434,0.014006571344370451,0.334156220847709,0.30861244019138756,0.031121600396484657,0.7994604316546746,0.20517203224349145,0.2865036181720434
f__pymfe.landmarking.worst_node.histogram.0.relative,46,58,0,4.0271739130434785,4.527586206896551,4.15,4.2,-0.28631875511207466,0.5004122938530735,0.28631875511207533,0.19640179910044978,0.23600632119697368,0.9746958637469587,0.5772246206985524,0.28631875511207466
f__pymfe.relative.worst_node.histogram.0.relative,46,58,0,4.0271739130434785,4.527586206896551,4.15,4.2,-0.28631875511207466,0.5004122938530735,0.28631875511207533,0.19640179910044978,0.23600632119697368,0.9746958637469587,0.5772246206985524,0.28631875511207466
f__pymfe.landmarking.linear_discr.sd.relative,46,58,0,4.041304347826087,4.394827586206896,4.2,4.45,-0.2856851109756348,0.3640179910044977,0.29416600909620166,0.14842578710644677,0.5624968673332702,0.7884378843788437,0.8897924350523407,0.2856851109756348
f__pymfe.relative.linear_discr.sd.relative,46,58,0,4.041304347826087,4.394827586206896,4.2,4.45,-0.2856851109756348,0.3640179910044977,0.29416600909620166,0.14842578710644677,0.5624968673332702,0.7884378843788437,0.8897924350523407,0.2856851109756348
f__pymfe.model-based.leaves_homo.range,39,47,18,18512582960093.14,7.67568362631276e+19,610715.592034632,65530.22013986014,-0.28452328715409886,7.675681786791875e+19,0.28452328758918294,0.24986361156573922,0.1123379440689262,3.860810045927659e-05,0.3968408592831344,0.28452328715409886
f__pymfe.model-based.leaves_homo.max,39,47,18,18512582961348.004,7.67568362631276e+19,610972.6587012986,65646.42013986014,-0.2845232871540988,7.675681786791875e+19,0.2845232875891829,0.24986361156573922,0.1123379440689262,3.860810049404797e-05,0.3968408592831344,0.2845232871540988
f__pymfe.model-based.leaves_homo.quantiles.4,39,47,18,18512582961348.004,7.67568362631276e+19,610972.6587012986,65646.42013986014,-0.2845232871540988,7.675681786791875e+19,0.2845232875891829,0.24986361156573922,0.1123379440689262,3.860810049404797e-05,0.3968408592831344,0.2845232871540988
f__pymfe.landmarking.one_nn.median.relative,46,58,0,5.4902173913043475,5.084482758620689,5.4,5.0,0.2844078009201166,0.42582458770614706,0.29849025646683097,0.14992503748125938,0.5476673408859152,0.7590422822210902,0.8897924350523407,0.2844078009201166
f__pymfe.landmarking.one_nn.quantiles.2.relative,46,58,0,5.4902173913043475,5.084482758620689,5.4,5.0,0.2844078009201166,0.42582458770614706,0.29849025646683097,0.14992503748125938,0.5476673408859152,0.7590422822210902,0.8897924350523407,0.2844078009201166
f__pymfe.relative.one_nn.median.relative,46,58,0,5.4902173913043475,5.084482758620689,5.4,5.0,0.2844078009201166,0.42582458770614706,0.29849025646683097,0.14992503748125938,0.5476673408859152,0.7590422822210902,0.8897924350523407,0.2844078009201166
f__pymfe.relative.one_nn.quantiles.2.relative,46,58,0,5.4902173913043475,5.084482758620689,5.4,5.0,0.2844078009201166,0.42582458770614706,0.29849025646683097,0.14992503748125938,0.5476673408859152,0.7590422822210902,0.8897924350523407,0.2844078009201166
f__pymfe.landmarking.random_node.median.relative,46,58,0,2.7902173913043478,3.302586206896552,2.0,2.3,-0.28366302989281755,0.5330584707646177,0.29511745509404885,0.22938530734632684,0.1108338067677434,0.9927083333333333,0.3968408592831344,0.28366302989281755
f__pymfe.landmarking.random_node.quantiles.2.relative,46,58,0,2.7902173913043478,3.302586206896552,2.0,2.3,-0.28366302989281755,0.5330584707646177,0.29511745509404885,0.22938530734632684,0.1108338067677434,0.9927083333333333,0.3968408592831344,0.28366302989281755
f__pymfe.relative.random_node.median.relative,46,58,0,2.7902173913043478,3.302586206896552,2.0,2.3,-0.28366302989281755,0.5330584707646177,0.29511745509404885,0.22938530734632684,0.1108338067677434,0.9927083333333333,0.3968408592831344,0.28366302989281755
f__pymfe.relative.random_node.quantiles.2.relative,46,58,0,2.7902173913043478,3.302586206896552,2.0,2.3,-0.28366302989281755,0.5330584707646177,0.29511745509404885,0.22938530734632684,0.1108338067677434,0.9927083333333333,0.3968408592831344,0.28366302989281755
f__pymfe.info-theory.attr_ent.sd,16,35,53,0.6287211905212994,0.797585241970103,0.5130299793427475,0.585624622184896,-0.2834351727732734,0.17299429035924474,0.2903677020424215,0.21785714285714286,0.5926499745226984,0.7215115124251134,0.9019838783812205,0.2834351727732734
f__pymfe.model-based.var_importance.histogram.5,39,47,18,0.05051666630459439,0.10848508532959734,0.0125,0.03333333333333333,-0.28315857684211787,0.057968419025002924,0.2831585768421177,0.28805237315875615,0.04500301621379085,0.16193578408562193,0.24438926093048458,0.28315857684211787
f__pymfe.landmarking.one_nn.histogram.4,39,47,18,0.09,0.10382978723404257,0.08,0.1,-0.28251822836195245,0.016873977086743045,0.34470567271144686,0.1734860883797054,0.47226126491189613,0.7374301675977663,0.8323020312308665,0.28251822836195245
f__pymfe.relative.one_nn.histogram.4,39,47,18,0.09,0.10382978723404257,0.08,0.1,-0.28251822836195245,0.016873977086743045,0.34470567271144686,0.1734860883797054,0.47226126491189613,0.7374301675977663,0.8323020312308665,0.28251822836195245
f__pymfe.landmarking.random_node.quantiles.1.relative,46,58,0,2.952173913043478,3.4405172413793106,2.1500000000000004,2.8499999999999996,-0.2793522092098977,0.4935907046476762,0.28235392148938043,0.16116941529235382,0.4593383634483914,0.9683646112600536,0.8265578414730614,0.2793522092098977
f__pymfe.relative.random_node.quantiles.1.relative,46,58,0,2.952173913043478,3.4405172413793106,2.1500000000000004,2.8499999999999996,-0.2793522092098977,0.4935907046476762,0.28235392148938043,0.16116941529235382,0.4593383634483914,0.9683646112600536,0.8265578414730614,0.2793522092098977
f__pymfe.landmarking.best_node.quantiles.3,39,47,18,0.5070268786286957,0.5726677421946113,0.5,0.5,-0.27922121405784206,0.07036660302258316,0.2993234283909414,0.1691216584833606,0.5041377636444033,0.9483778928204072,0.8573553050513101,0.27922121405784206
f__pymfe.relative.best_node.quantiles.3,39,47,18,0.5070268786286957,0.5726677421946113,0.5,0.5,-0.27922121405784206,0.07036660302258316,0.2993234283909414,0.1691216584833606,0.5041377636444033,0.9483778928204072,0.8573553050513101,0.27922121405784206
f__pymfe.model-based.tree_imbalance.median,39,47,18,0.04310666425132919,0.06286682686075691,0.022560988714994852,0.0305803769402406,-0.27886814630561385,0.020773865202905663,0.2931741704379008,0.1309328968903437,0.7961602435843633,0.7209766347251424,1.0,0.27886814630561385
f__pymfe.model-based.tree_imbalance.quantiles.2,39,47,18,0.04310666425132919,0.06286682686075691,0.022560988714994852,0.0305803769402406,-0.27886814630561385,0.020773865202905663,0.2931741704379008,0.1309328968903437,0.7961602435843633,0.7209766347251424,1.0,0.27886814630561385
f__pymfe.model-based.tree_imbalance.histogram.7,39,47,18,0.03491853635633779,0.028824004286907026,0.0342074592074592,0.02359649122807016,0.2786323244484504,0.007903070306880646,0.36131581962310605,0.27605019094380795,0.059649126984446466,0.7899253126747248,0.2684210714300091,0.2786323244484504
f__pymfe.model-based.nodes_per_level.kurtosis,39,45,20,-1.2406204837829031,-1.3504051469564045,-1.3461392584559866,-1.3617127614407072,0.27769234149426336,0.11355398345075426,0.28722656370140326,0.19487179487179487,0.3485482727918057,0.6486477926272163,0.7103999147741384,0.27769234149426336
f__pymfe.landmarking.random_node.mean.relative,46,58,0,2.7282608695652173,3.238793103448276,2.0,2.175,-0.2770503895003341,0.5132308845577211,0.27851486553322613,0.17091454272863568,0.38750002016456,0.984924623115578,0.7616871562007669,0.2770503895003341
f__pymfe.relative.random_node.mean.relative,46,58,0,2.7282608695652173,3.238793103448276,2.0,2.175,-0.2770503895003341,0.5132308845577211,0.27851486553322613,0.17091454272863568,0.38750002016456,0.984924623115578,0.7616871562007669,0.2770503895003341
f__pymfe.general.freq_class.histogram.6,46,58,0,0.023405797101449275,0.006168582375478926,0.0,0.0,0.2753180839596037,0.01723721472597034,0.2753180839596036,0.06521739130434782,0.9993254600371204,0.1224691358024683,1.0,0.2753180839596037
f__pymfe.landmarking.elite_nn.histogram.2,39,47,18,0.09025641025641025,0.07914893617021278,0.09,0.08,0.2751507675886007,0.01314784506273868,0.3256941797094935,0.18221494817239497,0.4128798175236428,0.8208955223880597,0.7923222160491822,0.2751507675886007
f__pymfe.relative.elite_nn.histogram.2,39,47,18,0.09025641025641025,0.07914893617021278,0.09,0.08,0.2751507675886007,0.01314784506273868,0.3256941797094935,0.18221494817239497,0.4128798175236428,0.8208955223880597,0.7923222160491822,0.2751507675886007
f__pymfe.info-theory.attr_ent.median,17,36,51,1.4538973704066296,1.9084128223474168,1.1775214136663466,1.2810928376680573,-0.2749208917998529,0.5365370719555831,0.3245329717083573,0.16339869281045752,0.8528145660538373,0.4957034440114038,1.0,0.2749208917998529
f__pymfe.info-theory.attr_ent.quantiles.2,17,36,51,1.4538973704066296,1.9084128223474168,1.1775214136663466,1.2810928376680573,-0.2749208917998529,0.5365370719555831,0.3245329717083573,0.16339869281045752,0.8528145660538373,0.4957034440114038,1.0,0.2749208917998529
f__pymfe.model-based.nodes_per_level.histogram.9,39,47,18,0.12757020473269742,0.1448526883871545,0.1203388278388278,0.11866732047510076,-0.2736441856873001,0.025335804892210902,0.4011573704959572,0.15711947626841244,0.5947160669776257,0.4711762875796442,0.9019838783812205,0.2736441856873001
f__pymfe.statistical.h_mean.histogram.5,29,33,42,0.08265669146094483,0.162729826241347,0.0,0.0,-0.27341025771457633,0.08034506303262592,0.274338758562261,0.2601880877742947,0.20038125471315096,0.6399999999999981,0.5288480560963227,0.27341025771457633
f__pymfe.statistical.can_cor.kurtosis,16,17,71,-1.4983252765379176,-1.753080158043453,-1.6404894419153548,-1.9074354515409695,0.27312703513139863,0.2617683687924197,0.28064631396632395,0.15441176470588236,0.9590079169398169,0.7640059466203614,1.0,0.27312703513139863
f__pymfe.model-based.var_importance.histogram.3,39,47,18,0.05651113613761073,0.04107964618754986,0.034375,0.02222222222222222,0.2715455843552205,0.01652546875960518,0.2907961632734776,0.20621931260229132,0.2768205358596033,0.9585201793721985,0.6237222200380935,0.2715455843552205
f__pymfe.model-based.tree_shape.histogram.5,39,47,18,0.008230022891681123,0.037440808725460954,0.0,0.0,-0.27123052875353226,0.029210785833779857,0.2712305287535325,0.12274959083469722,0.8515621069900887,0.43057393369852187,1.0,0.27123052875353226
f__pymfe.statistical.mean.histogram.8,39,47,18,0.013423625949667613,0.02518929570417548,0.0,0.0,-0.27098757560900116,0.014460705215500767,0.3330597857757824,0.14839061647572285,0.6618984987669543,0.7509293680297395,0.9342391145591725,0.27098757560900116
f__pymfe.landmarking.elite_nn.histogram.5,39,47,18,0.09564102564102563,0.12595744680851062,0.09,0.1,-0.27094410637038313,0.03156028368794325,0.2820607621653169,0.0872885979268958,0.9888912048211391,0.8897637795275589,1.0,0.27094410637038313
f__pymfe.relative.elite_nn.histogram.5,39,47,18,0.09564102564102563,0.12595744680851062,0.09,0.1,-0.27094410637038313,0.03156028368794325,0.2820607621653169,0.0872885979268958,0.9888912048211391,0.8897637795275589,1.0,0.27094410637038313
f__pymfe.landmarking.random_node.quantiles.3.relative,46,58,0,2.7054347826086955,3.19051724137931,2.0,2.075,-0.27021558914298016,0.4982758620689655,0.27756498547881153,0.15742128935532235,0.48888062088896117,0.984924623115578,0.8494433347766983,0.27021558914298016
f__pymfe.relative.random_node.quantiles.3.relative,46,58,0,2.7054347826086955,3.19051724137931,2.0,2.075,-0.27021558914298016,0.4982758620689655,0.27756498547881153,0.15742128935532235,0.48888062088896117,0.984924623115578,0.8494433347766983,0.27021558914298016
f__pymfe.model-based.var_importance.quantiles.1,39,47,18,0.07891814532956247,0.13679535643744833,0.02078828987398703,0.0653896622304612,-0.26986848447368433,0.058011787908813714,0.27049598598276736,0.23295144571740317,0.1616361392492612,0.319364510932087,0.4858181896384924,0.26986848447368433
f__pymfe.statistical.cov.histogram.2,38,44,22,0.03513854683182853,0.050345385342904295,0.005600977969398985,0.039047619047619025,-0.2698079476931363,0.01890845183539005,0.33548397190154705,0.35406698564593303,0.008529663887551844,0.8884803921568628,0.10197404140192579,0.2698079476931363
f__pymfe.statistical.g_mean.iq_range,29,33,42,58.69071998587158,30.699244839065084,1.5434991549143149,4.818647220155796,0.2697942177901927,31.274841850065783,0.30144075827361794,0.13688610240334378,0.8853306616596043,0.5346081305955096,1.0,0.2697942177901927
f__pymfe.statistical.min.histogram.0,39,47,18,0.5257322897179101,0.43452071513260415,0.6190476190476191,0.4285714285714285,0.26950930015343083,0.09332667883785556,0.2757589485061524,0.18439716312056736,0.40353145940849916,0.995371972318339,0.7874594084158583,0.26950930015343083
f__pymfe.info-theory.class_conc.histogram.7,17,36,51,0.03422332569391392,0.02185594363381385,0.0,0.017052107728337207,0.2689907505677496,0.0178393274805195,0.3880056478638452,0.14869281045751634,0.9204359081258501,0.4356060606060608,1.0,0.2689907505677496
f__pymfe.statistical.g_mean.kurtosis,27,29,48,5.568055590346398,2.370580741492939,3.0978155147907684,-1.4482069277707594,0.26859174727919555,4.825298347808403,0.40533088629172576,0.45977011494252873,0.003509605596387702,0.9215411857546265,0.0790937774080776,0.26859174727919555
f__pymfe.landmarking.elite_nn.histogram.6,39,47,18,0.09282051282051282,0.08340425531914893,0.09,0.08,0.2680168184230276,0.009667212220403709,0.2751597927263062,0.15984724495362793,0.5772278257324267,0.8157894736842108,0.8897924350523407,0.2680168184230276
f__pymfe.relative.elite_nn.histogram.6,39,47,18,0.09282051282051282,0.08340425531914893,0.09,0.08,0.2680168184230276,0.009667212220403709,0.2751597927263062,0.15984724495362793,0.5772278257324267,0.8157894736842108,0.8897924350523407,0.2680168184230276
f__pymfe.statistical.iq_range.histogram.3,39,47,18,0.03590052058043845,0.05475034449152915,0.0,0.03333333333333333,-0.26753536105164105,0.028551587868173824,0.40523239924884547,0.25859247135842883,0.0917036707385062,0.7549395691014193,0.35314730894972823,0.26753536105164105
f__pymfe.statistical.sparsity.histogram.7,46,58,0,0.009058833502757253,0.0032610137814556546,0.0,0.0,0.26627964656549913,0.005872109499489426,0.2696915939578273,0.13568215892053972,0.6707607283849598,0.7458862876254178,0.9425953393620226,0.26627964656549913
f__pymfe.landmarking.linear_discr.median,39,47,18,0.7107730100811336,0.6640739579731794,0.678091577540107,0.6781210442016069,0.2659769030339895,0.057065579227326475,0.3250200024967912,0.16148390616475722,0.560745755289806,0.7183823547425754,0.8897924350523407,0.2659769030339895
f__pymfe.landmarking.linear_discr.quantiles.2,39,47,18,0.7107730100811336,0.6640739579731794,0.678091577540107,0.6781210442016069,0.2659769030339895,0.057065579227326475,0.3250200024967912,0.16148390616475722,0.560745755289806,0.7183823547425754,0.8897924350523407,0.2659769030339895
f__pymfe.relative.linear_discr.median,39,47,18,0.7107730100811336,0.6640739579731794,0.678091577540107,0.6781210442016069,0.2659769030339895,0.057065579227326475,0.3250200024967912,0.16148390616475722,0.560745755289806,0.7183823547425754,0.8897924350523407,0.2659769030339895
f__pymfe.relative.linear_discr.quantiles.2,39,47,18,0.7107730100811336,0.6640739579731794,0.678091577540107,0.6781210442016069,0.2659769030339895,0.057065579227326475,0.3250200024967912,0.16148390616475722,0.560745755289806,0.7183823547425754,0.8897924350523407,0.2659769030339895
f__pymfe.model-based.nodes_repeated.histogram.0,39,47,18,0.2965351888314303,0.3529105669692262,0.25,0.3333333333333333,-0.265591087776657,0.07249198383763457,0.34151832730000303,0.23295144571740317,0.1616361392492612,0.7597372920157495,0.4858181896384924,0.265591087776657
f__pymfe.model-based.leaves_homo.sd,39,47,18,547555937617.81903,2.1075827611110172e+18,107883.61660877921,14896.445470546518,-0.2648944204844352,2.1075822204832225e+18,0.2648944213552085,0.24986361156573922,0.1123379440689262,1.3117485969210138e-05,0.3968408592831344,0.2648944204844352
f__pymfe.landmarking.naive_bayes.mean,39,47,18,0.703165005641459,0.6593605045949533,0.6945048387096774,0.6845436507936508,0.26393677633008816,0.05033593206162089,0.3032908336933184,0.19912711402073105,0.3099741766484041,0.6968403982648961,0.6603439241898184,0.26393677633008816
f__pymfe.relative.naive_bayes.mean,39,47,18,0.703165005641459,0.6593605045949533,0.6945048387096774,0.6845436507936508,0.26393677633008816,0.05033593206162089,0.3032908336933184,0.19912711402073105,0.3099741766484041,0.6968403982648961,0.6603439241898184,0.26393677633008816
f__pymfe.info-theory.attr_ent.mean,17,36,51,1.4973575805502843,1.9080447454584535,1.3605967918467687,1.4419659569882923,-0.2633579651198281,0.4931991657169503,0.31626975415960773,0.16339869281045752,0.8528145660538373,0.5356004446203577,1.0,0.2633579651198281
f__pymfe.landmarking.one_nn.quantiles.1.relative,46,58,0,5.403260869565217,5.02155172413793,5.05,5.0,0.2627300253799078,0.38980509745127445,0.26830246111066747,0.15442278860569716,0.5103526038269155,0.8436213991769548,0.8615225198426961,0.2627300253799078
f__pymfe.relative.one_nn.quantiles.1.relative,46,58,0,5.403260869565217,5.02155172413793,5.05,5.0,0.2627300253799078,0.38980509745127445,0.26830246111066747,0.15442278860569716,0.5103526038269155,0.8436213991769548,0.8615225198426961,0.2627300253799078
f__pymfe.landmarking.one_nn.mean.relative,46,58,0,5.506521739130435,5.133620689655173,5.300000000000001,5.0,0.2626390169426866,0.38197151424287856,0.2690274622236322,0.13718140929535233,0.655142299616474,0.7532861476238625,0.9342391145591725,0.2626390169426866
f__pymfe.relative.one_nn.mean.relative,46,58,0,5.506521739130435,5.133620689655173,5.300000000000001,5.0,0.2626390169426866,0.38197151424287856,0.2690274622236322,0.13718140929535233,0.655142299616474,0.7532861476238625,0.9342391145591725,0.2626390169426866
f__pymfe.model-based.leaves_branch.histogram.7,39,47,18,0.08618138731629818,0.07578097558746602,0.08211053752295866,0.07975359759742216,0.26227663063697537,0.01137136531128601,0.28676204917140985,0.220949263502455,0.20455172236881242,0.5969953998062069,0.538966873741509,0.26227663063697537
f__pymfe.model-based.nodes_per_level.histogram.7,39,47,18,0.05939556773171805,0.05101778676450683,0.06414835164835163,0.055866852225723754,0.2609826343090136,0.012981408489585752,0.40439374076656565,0.22531369339879978,0.18717993032839067,0.7459087053444221,0.5196919382774382,0.2609826343090136
f__pymfe.statistical.max.histogram.3,39,47,18,0.03449866208246939,0.05659585640865136,0.0,0.0,-0.26079355999923054,0.026078524264958727,0.3077816614268795,0.15275504637206766,0.6279256290810753,0.5655242976657721,0.9203447921206612,0.26079355999923054
f__pymfe.landmarking.naive_bayes.iq_range.relative,46,58,0,4.6695652173913045,4.337068965517242,4.824999999999999,4.175000000000001,0.26073149372744747,0.4264992503748125,0.3344452335841083,0.20614692653673164,0.19048957232498245,0.8406976744186048,0.5216483672899519,0.26073149372744747
f__pymfe.relative.naive_bayes.iq_range.relative,46,58,0,4.6695652173913045,4.337068965517242,4.824999999999999,4.175000000000001,0.26073149372744747,0.4264992503748125,0.3344452335841083,0.20614692653673164,0.19048957232498245,0.8406976744186048,0.5216483672899519,0.26073149372744747
f__pymfe.statistical.eigenvalues.median,38,44,22,42.40473663074215,11944.62050857314,3.119887489382135,2.87790693940336,-0.26033635315785786,11902.685631959914,0.26034663037394923,0.1937799043062201,0.3694235384559884,0.034336710489440876,0.7351757870888118,0.26033635315785786
f__pymfe.statistical.eigenvalues.quantiles.2,38,44,22,42.40473663074215,11944.62050857314,3.119887489382135,2.87790693940336,-0.26033635315785786,11902.685631959914,0.26034663037394923,0.1937799043062201,0.3694235384559884,0.034336710489440876,0.7351757870888118,0.26033635315785786
f__pymfe.statistical.iq_range.histogram.7,39,47,18,0.017735792472634574,0.03153739979477478,0.0,0.0,-0.25982925295348647,0.023776655351899496,0.44761964701793605,0.2635024549918167,0.08082199147686675,0.7121277514026776,0.32934050449595786,0.25982925295348647
f__pymfe.statistical.range.histogram.8,39,47,18,0.02962155370453538,0.013694239397886807,0.0,0.0,0.25977874409615415,0.01592731430664857,0.25977874409615404,0.1331151118385161,0.7840110675227997,0.4911999999999981,0.9999886386715965,0.25977874409615415
f__pymfe.statistical.h_mean.sd,28,30,46,411.1763754968001,3.0785598829462612e+16,11.003102766017124,18.070955312999153,-0.2581988897471737,3.078559882946222e+16,0.25819888974717387,0.13095238095238096,0.9220021257430308,0.03976636326692393,1.0,0.2581988897471737
f__pymfe.statistical.g_mean.sd,28,30,46,441.9020768885431,1.112194958696883e+17,12.845717869677717,23.054650349663323,-0.25819888974716565,1.1121949586968786e+17,0.25819888974716565,0.14047619047619048,0.8863478387278015,0.039587891809363514,1.0,0.25819888974716565
f__pymfe.info-theory.mut_inf.histogram.2,17,36,51,0.054488873699399996,0.07109242480181568,0.03888888888888885,0.048913043478260865,-0.25790036945508193,0.016603551102415688,0.25790036945508193,0.18790849673202614,0.7267568231709903,0.8483928880827829,0.9816732130859414,0.25790036945508193
f__pymfe.statistical.median.histogram.7,39,47,18,0.019518980002136026,0.03348561895343805,0.0,0.0,-0.25788062409167706,0.017189375441025483,0.3173853696607912,0.21222040370976542,0.2428236607793399,0.9474715972376935,0.5849102733553077,0.25788062409167706
f__pymfe.landmarking.linear_discr.histogram.4,39,47,18,0.09666666666666668,0.08531914893617022,0.09,0.08,0.25716814274034266,0.011773049645390074,0.26681194809310554,0.1260229132569558,0.8314928036039257,0.702380952380952,1.0,0.25716814274034266
f__pymfe.relative.linear_discr.histogram.4,39,47,18,0.09666666666666668,0.08531914893617022,0.09,0.08,0.25716814274034266,0.011773049645390074,0.26681194809310554,0.1260229132569558,0.8314928036039257,0.702380952380952,1.0,0.25716814274034266
f__pymfe.model-based.nodes_repeated.sd,38,43,23,17.721506645702682,78.49590096080111,2.9914778461735487,3.555088292442373,-0.2567330924061621,62.026900059395686,0.2620241311176747,0.23439412484700123,0.17902906373583335,0.7583688032837765,0.5040501935058085,0.2567330924061621
f__pymfe.statistical.mad.quantiles.1,39,47,18,1.8241734039242663,13.270232694500072,0.7413,0.8209897500000002,-0.25665630713835996,11.556558327430428,0.259134039781664,0.1702127659574468,0.4936970289594369,0.3022861981371722,0.8527760974137782,0.25665630713835996
f__pymfe.statistical.skewness.histogram.0,39,42,23,0.23063657782186078,0.2839330825717386,0.1666666666666666,0.25,-0.2553550427141452,0.060206678970934215,0.2884631769466079,0.19963369963369965,0.33807648370659216,0.8316526862489909,0.700945952035117,0.2553550427141452
f__pymfe.statistical.cov.histogram.8,38,44,22,0.007656106994595225,0.015924747847968303,0.0,0.0,-0.25467218297092004,0.008707237344601151,0.26818085118437546,0.23205741626794257,0.1840141882619424,0.5187306783051455,0.5153684083839716,0.25467218297092004
f__pymfe.model-based.nodes_repeated.histogram.8,39,47,18,0.042124355732155144,0.03062382060867591,0.038095238095238085,0.0,0.25373935717202944,0.018656547191881784,0.4116243497098749,0.3649754500818331,0.0046291806760824115,0.6658663465386159,0.09043838345224418,0.25373935717202944
f__pymfe.landmarking.random_node.max.relative,46,58,0,2.706521739130435,3.1534482758620688,2.0,2.125,-0.2514986215947611,0.4491004497751125,0.2527219459869533,0.1619190404797601,0.4538557778872582,0.9745000000000001,0.8215558826840538,0.2514986215947611
f__pymfe.landmarking.random_node.quantiles.4.relative,46,58,0,2.706521739130435,3.1534482758620688,2.0,2.125,-0.2514986215947611,0.4491004497751125,0.2527219459869533,0.1619190404797601,0.4538557778872582,0.9745000000000001,0.8215558826840538,0.2514986215947611
f__pymfe.relative.random_node.max.relative,46,58,0,2.706521739130435,3.1534482758620688,2.0,2.125,-0.2514986215947611,0.4491004497751125,0.2527219459869533,0.1619190404797601,0.4538557778872582,0.9745000000000001,0.8215558826840538,0.2514986215947611
f__pymfe.relative.random_node.quantiles.4.relative,46,58,0,2.706521739130435,3.1534482758620688,2.0,2.125,-0.2514986215947611,0.4491004497751125,0.2527219459869533,0.1619190404797601,0.4538557778872582,0.9745000000000001,0.8215558826840538,0.2514986215947611
f__pymfe.statistical.eigenvalues.histogram.3,38,44,22,0.010155556641151834,0.019529609504878732,0.0,0.0,-0.2498068173599251,0.009560576170550955,0.2547774308521389,0.08732057416267942,0.9915676617915337,0.714583333333333,1.0,0.2498068173599251
f__pymfe.model-based.tree_shape.histogram.3,39,47,18,0.04908120466405219,0.03686990588520387,0.03115126032405353,0.025925925925925918,0.2488753447021145,0.012864892723947018,0.26219607506237796,0.1287506819421713,0.8143586933283282,0.7691706180731187,1.0,0.2488753447021145
f__pymfe.info-theory.mut_inf.histogram.4,17,36,51,0.031154758554139354,0.04464790992921794,0.0,0.026470588235294093,-0.24815481327609298,0.016037966572112577,0.2949569369970578,0.31699346405228757,0.15391046476687265,0.8284347231715647,0.48345993050299996,0.24815481327609298
f__pymfe.landmarking.naive_bayes.histogram.1.relative,46,58,0,4.26195652173913,4.081896551724138,4.15,4.0,0.24741604365367276,0.2468515742128936,0.33919276925543196,0.1874062968515742,0.2835048806015334,0.7064039408866992,0.6264480258257331,0.24741604365367276
f__pymfe.relative.naive_bayes.histogram.1.relative,46,58,0,4.26195652173913,4.081896551724138,4.15,4.0,0.24741604365367276,0.2468515742128936,0.33919276925543196,0.1874062968515742,0.2835048806015334,0.7064039408866992,0.6264480258257331,0.24741604365367276
f__pymfe.landmarking.random_node.histogram.5,39,47,18,0.40692307692307694,0.3142553191489362,0.15,0.13,0.2466455631136991,0.09266775777414075,0.24664556311369903,0.15602836879432624,0.605717023805685,0.9693877551020408,0.9034996947269157,0.2466455631136991
f__pymfe.relative.random_node.histogram.5,39,47,18,0.40692307692307694,0.3142553191489362,0.15,0.13,0.2466455631136991,0.09266775777414075,0.24664556311369903,0.15602836879432624,0.605717023805685,0.9693877551020408,0.9034996947269157,0.2466455631136991
f__pymfe.statistical.h_mean.mean,29,33,42,127.96168895932648,1.2516125765584742e+16,3.7862748722617865,11.40756447640379,-0.24618298195867716,1.2516125765584618e+16,0.24618298195867722,0.25287356321839083,0.22641277623164124,0.05872809311507764,0.5597453647969337,0.24618298195867716
f__pymfe.statistical.h_mean.max,29,33,42,1531.4727403039874,6.258062882792443e+16,28.977178586072284,38.639813286110474,-0.24618298195867655,6.258062882792295e+16,0.24618298195867674,0.1619644723092999,0.7352947987882676,0.0504145794089337,0.9873782629160139,0.24618298195867655
f__pymfe.statistical.h_mean.quantiles.4,29,33,42,1531.4727403039874,6.258062882792443e+16,28.977178586072284,38.639813286110474,-0.24618298195867655,6.258062882792295e+16,0.24618298195867674,0.1619644723092999,0.7352947987882676,0.0504145794089337,0.9873782629160139,0.24618298195867655
f__pymfe.statistical.h_mean.range,29,33,42,1531.3136415898864,6.2580628827924424e+16,28.977178586072284,30.5769978569721,-0.24618298195867652,6.258062882792296e+16,0.24618298195867677,0.19540229885057472,0.5183865304107504,0.05041776757920581,0.8732441868748919,0.24618298195867652
f__pymfe.statistical.g_mean.mean,29,33,42,140.2693734132852,4.5217155125069064e+16,4.567886869705484,19.40756553944113,-0.2461829819586697,4.521715512506889e+16,0.24618298195866953,0.25287356321839083,0.22641277623164124,0.05576816248383665,0.5597453647969337,0.2461829819586697
f__pymfe.statistical.g_mean.range,29,33,42,1620.8329328206737,2.2608577562534618e+17,53.734166192164004,37.55004219365717,-0.24618298195866967,2.2608577562534448e+17,0.24618298195866958,0.16509926854754442,0.7184099150520288,0.048746338670197634,0.9786502414229168,0.24618298195866967
f__pymfe.statistical.g_mean.max,29,33,42,1621.050807198869,2.2608577562534618e+17,53.734166192164004,66.23422762788653,-0.24618298195866967,2.2608577562534448e+17,0.24618298195866958,0.1588296760710554,0.7517275592564421,0.048743553962714604,0.9911667077603459,0.24618298195866967
f__pymfe.statistical.g_mean.quantiles.4,29,33,42,1621.050807198869,2.2608577562534618e+17,53.734166192164004,66.23422762788653,-0.24618298195866967,2.2608577562534448e+17,0.24618298195866958,0.1588296760710554,0.7517275592564421,0.048743553962714604,0.9911667077603459,0.24618298195866967
f__pymfe.model-based.leaves_homo.mean,39,47,18,30445584964.97389,1.0223482260600506e+17,38937.51588955936,7444.568618048617,-0.2457171066872092,1.0223479294495749e+17,0.24571710857281245,0.25040916530278234,0.10977762117039488,4.6765803545461956e-06,0.3968408592831344,0.2457171066872092
f__pymfe.statistical.cor.histogram.9,38,40,26,0.07437011000412913,0.09722871944141949,0.04829228243021345,0.0660130718954248,-0.24519951167309306,0.0266456747704751,0.2858225676345003,0.1394736842105263,0.7796975328811387,0.6567730233033624,0.9992603581404673,0.24519951167309306
f__pymfe.model-based.tree_shape.histogram.0,39,47,18,0.6239182905065631,0.565819727954054,0.6637568711286599,0.5467594026888216,0.24365928469846412,0.06295150584090757,0.26401202043550887,0.18057828696126568,0.4284115634327724,0.9761782378388397,0.8027079820108789,0.24365928469846412
f__pymfe.statistical.mean.histogram.2,39,47,18,0.04818957323818984,0.07009816570899088,0.0,0.02135922330097082,-0.24277890122780718,0.022325085309071114,0.2473942444443658,0.13857064920894707,0.7415750097789495,0.7136991414706988,0.9891783227859093,0.24277890122780718
f__pymfe.model-based.nodes_repeated.range,39,47,18,45.17435897435897,174.71063829787232,9.2,7.3,-0.24174501160588432,133.01636661211114,0.24823966890471297,0.27605019094380795,0.059649126984446466,0.7733261629470304,0.2684210714300091,0.24174501160588432
f__pymfe.landmarking.worst_node.histogram.2.relative,46,58,0,3.9086956521739125,4.270689655172413,3.425,3.7,-0.24100862672475745,0.36274362818590705,0.24150771271921753,0.164167916041979,0.4335741832236788,0.9667560321715819,0.8075162691132229,0.24100862672475745
f__pymfe.relative.worst_node.histogram.2.relative,46,58,0,3.9086956521739125,4.270689655172413,3.425,3.7,-0.24100862672475745,0.36274362818590705,0.24150771271921753,0.164167916041979,0.4335741832236788,0.9667560321715819,0.8075162691132229,0.24100862672475745
f__pymfe.statistical.var.histogram.5,39,47,18,0.05064950580587315,0.09958673614218125,0.0,0.0,-0.23977806746500366,0.04895642205143037,0.23987210123707728,0.16093835242771412,0.5661607773934147,0.2799679892174217,0.8897924350523407,0.23977806746500366
f__pymfe.landmarking.one_nn.histogram.6,39,47,18,0.10205128205128206,0.09170212765957447,0.1,0.1,0.2396721188688174,0.012345881069285324,0.2859135503427168,0.16693944353518822,0.5239237645113057,0.7453416149068329,0.8797965102170984,0.2396721188688174
f__pymfe.relative.one_nn.histogram.6,39,47,18,0.10205128205128206,0.09170212765957447,0.1,0.1,0.2396721188688174,0.012345881069285324,0.2859135503427168,0.16693944353518822,0.5239237645113057,0.7453416149068329,0.8797965102170984,0.2396721188688174
f__pymfe.landmarking.elite_nn.median,39,47,18,0.5011651066052812,0.549350960513395,0.541440620782726,0.5333782850136785,-0.23946516840271828,0.057063092011596206,0.28358162883642013,0.18057828696126568,0.4284115634327724,0.8289744177121917,0.8027079820108789,0.23946516840271828
f__pymfe.landmarking.elite_nn.quantiles.2,39,47,18,0.5011651066052812,0.549350960513395,0.541440620782726,0.5333782850136785,-0.23946516840271828,0.057063092011596206,0.28358162883642013,0.18057828696126568,0.4284115634327724,0.8289744177121917,0.8027079820108789,0.23946516840271828
f__pymfe.relative.elite_nn.median,39,47,18,0.5011651066052812,0.549350960513395,0.541440620782726,0.5333782850136785,-0.23946516840271828,0.057063092011596206,0.28358162883642013,0.18057828696126568,0.4284115634327724,0.8289744177121917,0.8027079820108789,0.23946516840271828
f__pymfe.relative.elite_nn.quantiles.2,39,47,18,0.5011651066052812,0.549350960513395,0.541440620782726,0.5333782850136785,-0.23946516840271828,0.057063092011596206,0.28358162883642013,0.18057828696126568,0.4284115634327724,0.8289744177121917,0.8027079820108789,0.23946516840271828
f__pymfe.model-based.nodes_repeated.max,39,47,18,55.248717948717946,184.98085106382976,12.8,12.6,-0.23896631478159594,133.9665030005454,0.2467660151537959,0.20349154391707583,0.286438948303522,0.7437747738591338,0.6311900896592053,0.23896631478159594
f__pymfe.model-based.nodes_repeated.quantiles.4,39,47,18,55.248717948717946,184.98085106382976,12.8,12.6,-0.23896631478159594,133.9665030005454,0.2467660151537959,0.20349154391707583,0.286438948303522,0.7437747738591338,0.6311900896592053,0.23896631478159594
f__pymfe.statistical.g_mean.histogram.5,29,33,42,0.08427833136752122,0.15427221523995718,0.0,0.0,-0.23871988132423352,0.07289091877945267,0.24860045646785028,0.20376175548589343,0.4672180845308535,0.6368518518518499,0.8265578414730614,0.23871988132423352
f__pymfe.statistical.mad.histogram.6,39,47,18,0.017428157700414133,0.0276801804053109,0.0,0.0,-0.23851248181785498,0.01385146502774335,0.32225321730923306,0.14402618657937807,0.6967737621460607,0.6812458854142008,0.9647636706637762,0.23851248181785498
f__pymfe.landmarking.naive_bayes.histogram.4,39,47,18,0.09769230769230769,0.08574468085106383,0.1,0.09,0.23843061046727707,0.016006546644844518,0.31943169457122894,0.23349699945444627,0.1584927205573888,0.8944444444444439,0.4858181896384924,0.23843061046727707
f__pymfe.relative.naive_bayes.histogram.4,39,47,18,0.09769230769230769,0.08574468085106383,0.1,0.09,0.23843061046727707,0.016006546644844518,0.31943169457122894,0.23349699945444627,0.1584927205573888,0.8944444444444439,0.4858181896384924,0.23843061046727707
f__pymfe.statistical.skewness.histogram.4,39,42,23,0.07124659376185614,0.09568751676270149,0.037037037037037,0.05499999999999999,-0.23832999657688564,0.030928827097581987,0.3015952898357747,0.15018315018315018,0.6816318304931864,0.7235978520286399,0.953689251048109,0.23832999657688564
f__pymfe.landmarking.worst_node.min.relative,46,58,0,2.9847826086956526,3.4818965517241383,2.375,2.675,-0.23832354412546122,0.49711394302848577,0.23832354412546128,0.2181409295352324,0.14554128935289265,0.9645833333333332,0.46538352403859085,0.23832354412546122
f__pymfe.landmarking.worst_node.quantiles.0.relative,46,58,0,2.9847826086956526,3.4818965517241383,2.375,2.675,-0.23832354412546122,0.49711394302848577,0.23832354412546128,0.2181409295352324,0.14554128935289265,0.9645833333333332,0.46538352403859085,0.23832354412546122
f__pymfe.relative.worst_node.min.relative,46,58,0,2.9847826086956526,3.4818965517241383,2.375,2.675,-0.23832354412546122,0.49711394302848577,0.23832354412546128,0.2181409295352324,0.14554128935289265,0.9645833333333332,0.46538352403859085,0.23832354412546122
f__pymfe.relative.worst_node.quantiles.0.relative,46,58,0,2.9847826086956526,3.4818965517241383,2.375,2.675,-0.23832354412546122,0.49711394302848577,0.23832354412546128,0.2181409295352324,0.14554128935289265,0.9645833333333332,0.46538352403859085,0.23832354412546122
f__pymfe.statistical.mad.min,39,47,18,0.6700713388745312,11.008250425069157,0.00158727155999993,0.0036768479999999596,-0.238261823783114,10.338467555486497,0.23826847207378626,0.16584833606110203,0.5267800495642473,0.1908325537885877,0.8805143056389256,0.238261823783114
f__pymfe.statistical.mad.quantiles.0,39,47,18,0.6700713388745312,11.008250425069157,0.00158727155999993,0.0036768479999999596,-0.238261823783114,10.338467555486497,0.23826847207378626,0.16584833606110203,0.5267800495642473,0.1908325537885877,0.8805143056389256,0.238261823783114
f__pymfe.landmarking.random_node.quantiles.3,39,47,18,0.4557823019368868,0.508917365906973,0.5,0.5,-0.2379061328349165,0.0631635222119095,0.28280740029084334,0.2629569012547736,0.08264349738288082,0.818556956964859,0.32934050449595786,0.2379061328349165
f__pymfe.relative.random_node.quantiles.3,39,47,18,0.4557823019368868,0.508917365906973,0.5,0.5,-0.2379061328349165,0.0631635222119095,0.28280740029084334,0.2629569012547736,0.08264349738288082,0.818556956964859,0.32934050449595786,0.2379061328349165
f__pymfe.landmarking.linear_discr.range.relative,46,58,0,4.086956521739131,4.376724137931034,4.275,4.3,-0.23670353348493633,0.30131184407796097,0.24613370918191807,0.18515742128935533,0.2944207523205136,0.8179596823457546,0.6434680016609315,0.23670353348493633
f__pymfe.relative.linear_discr.range.relative,46,58,0,4.086956521739131,4.376724137931034,4.275,4.3,-0.23670353348493633,0.30131184407796097,0.24613370918191807,0.18515742128935533,0.2944207523205136,0.8179596823457546,0.6434680016609315,0.23670353348493633
f__pymfe.general.freq_class.histogram.0,46,58,0,0.3929865424430642,0.4346293189809919,0.5,0.5,-0.23664990221454013,0.041642776537927646,0.23664990221453985,0.12218890554722639,0.7828644485952163,0.6085013977683857,0.9993217901589934,0.23664990221454013
f__pymfe.statistical.var.histogram.7,39,47,18,0.012256078308097483,0.02127815150088393,0.0,0.0,-0.23628068308907638,0.010027162353382505,0.2626031422796027,0.14839061647572285,0.6618984987669543,0.9202666666666676,0.9342391145591725,0.23628068308907638
f__pymfe.info-theory.class_conc.histogram.8,17,36,51,0.01867201426024955,0.030891478757673355,0.0,0.0024590163934426197,-0.2354309349605697,0.016498105246652787,0.3178669854244622,0.27124183006535946,0.299303018938584,0.856748949579832,0.6500485559165401,0.2354309349605697
f__pymfe.info-theory.attr_conc.histogram.7,16,34,54,0.026196112914862887,0.016243103301926822,0.018308080808080752,0.0,0.23530453335262683,0.023286342946269398,0.5505251450113667,0.4889705882352941,0.006668503389543034,0.7815384615384616,0.098188107996023,0.23530453335262683
f__pymfe.info-theory.attr_conc.mean,16,34,54,0.10265343488332965,0.07179076344897484,0.035545020157963535,0.05505940499791083,0.2348724176962583,0.060561981934263244,0.4608913764199845,0.29411764705882354,0.24226923942466186,0.3788238901444309,0.5849102733553077,0.2348724176962583
f__pymfe.statistical.median.histogram.5,39,47,18,0.08080549132772442,0.14029248441871778,0.0,0.0,-0.23406865840693408,0.059486993090993354,0.23406865840693408,0.23786142935079105,0.14437085275535763,0.4510000000000009,0.4653563503301467,0.23406865840693408
f__pymfe.landmarking.elite_nn.kurtosis,39,46,19,-0.9802299234529551,-0.8507301786771697,-1.0400338192619831,-1.0068531176311222,-0.23391016265079492,0.13457506382064358,0.24307750661230543,0.12876254180602006,0.8176809019783108,0.769545775838014,1.0,0.23391016265079492
f__pymfe.relative.elite_nn.kurtosis,39,46,19,-0.9802299234529551,-0.8507301786771697,-1.0400338192619831,-1.0068531176311222,-0.23391016265079492,0.13457506382064358,0.24307750661230543,0.12876254180602006,0.8176809019783108,0.769545775838014,1.0,0.23391016265079492
f__pymfe.info-theory.joint_ent.histogram.1,17,36,51,0.07771474139895193,0.11250888835400026,0.00611111111111107,0.056060606060606,-0.2331282929030011,0.041070472300001166,0.2751810270959973,0.19934640522875818,0.657198505216999,0.7638360794254322,0.9342391145591725,0.2331282929030011
f__pymfe.landmarking.elite_nn.mean,39,47,18,0.5034215570959335,0.5493159758834278,0.5424818402844719,0.5384365079365079,-0.23296045834480605,0.05487192125337316,0.27853033687244605,0.1696672122204037,0.49868325487541587,0.8392609145623259,0.8573553050513101,0.23296045834480605
f__pymfe.relative.elite_nn.mean,39,47,18,0.5034215570959335,0.5493159758834278,0.5424818402844719,0.5384365079365079,-0.23296045834480605,0.05487192125337316,0.27853033687244605,0.1696672122204037,0.49868325487541587,0.8392609145623259,0.8573553050513101,0.23296045834480605
f__pymfe.statistical.eigenvalues.histogram.4,38,44,22,0.009209131655894121,0.017390499594954187,0.0,0.0,-0.23217871930453557,0.01036865433687278,0.2942516340516911,0.14114832535885166,0.7462805521311986,0.43333333333333235,0.9910233605219535,0.23217871930453557
f__pymfe.model-based.var_importance.range,39,47,18,0.2527976205662474,0.29637859146335194,0.19538933088941715,0.28833738023438765,-0.23212499360157346,0.052589058180278134,0.2801047003388551,0.22804146208401527,0.18067717842852027,0.8825048429298432,0.5077979646359464,0.23212499360157346
f__pymfe.info-theory.attr_conc.histogram.9,16,34,54,0.08680217352092348,0.11964805619217378,0.032828282828282776,0.03476190476190474,-0.23204089636845948,0.03654490015703253,0.2581727358344391,0.2867647058823529,0.27468491650509186,0.6885779083552394,0.6197820228748693,0.23204089636845948
f__pymfe.model-based.nodes_per_level.skewness,39,45,20,0.37771134724499983,0.32477224007304895,0.3332955707388614,0.27499625431701097,0.23113142160842515,0.05984433088237493,0.26127953437372964,0.18803418803418803,0.39143871840550404,0.8766091175060351,0.7666073678308282,0.23113142160842515
f__pymfe.model-based.tree_shape.histogram.2,39,47,18,0.070953644377848,0.08658834050506825,0.0632641708757248,0.0887824894817308,-0.23098176321976088,0.01905669772807664,0.28153726855705485,0.2073104200763775,0.26829203532429496,0.8135766376076581,0.6087873096168845,0.23098176321976088
f__pymfe.statistical.h_mean.count,46,58,0,23.073913043478264,12.53448275862069,6.0,2.5,0.2307245855439172,11.849775112443773,0.2594100798347053,0.27061469265367316,0.036647478915901935,0.6684563758389259,0.22705546244580443,0.2307245855439172
f__pymfe.info-theory.attr_ent.histogram.8,17,36,51,0.024778881249469475,0.038738251394101766,0.0,0.0,-0.2305765236161922,0.015718554055350723,0.25963417495234276,0.18790849673202614,0.7267568231709903,0.9090450995212898,0.9816732130859414,0.2305765236161922
f__pymfe.landmarking.worst_node.quantiles.3,39,47,18,0.4359825803321131,0.4833718622531019,0.5,0.5,-0.230320176885203,0.05340026337983443,0.259534595351456,0.27605019094380795,0.059649126984446466,0.8255880843055843,0.2684210714300091,0.230320176885203
f__pymfe.relative.worst_node.quantiles.3,39,47,18,0.4359825803321131,0.4833718622531019,0.5,0.5,-0.230320176885203,0.05340026337983443,0.259534595351456,0.27605019094380795,0.059649126984446466,0.8255880843055843,0.2684210714300091,0.230320176885203
f__pymfe.info-theory.attr_conc.histogram.8,16,34,54,0.01924242424242423,0.012598675833969944,0.010984848484848451,0.0,0.23023274065146515,0.009584924879042517,0.3321563954818377,0.3272058823529412,0.14945533836531982,0.8166666666666665,0.47317678272972796,0.23023274065146515
f__pymfe.statistical.kurtosis.sd,38,39,27,100.74314402570141,397.25212736430916,9.682888197332481,4.010911467356253,-0.23017155555480776,343.14137310955374,0.2663709636535477,0.21929824561403508,0.26463306434317874,0.2859352873526017,0.6073670044094159,0.23017155555480776
f__pymfe.statistical.cor.histogram.4,38,40,26,0.05003234119044697,0.061068376868368524,0.05048433048433044,0.049761904761904716,-0.2286435860876884,0.011970847011607132,0.24801092250151374,0.21710526315789475,0.26741872682421597,0.9660170161094948,0.6087873096168845,0.2286435860876884
f__pymfe.info-theory.class_conc.histogram.6,17,36,51,0.022076224429165597,0.031742798218224205,0.0,0.015773809523809523,-0.22829109945707704,0.0159358658195963,0.37635013275064305,0.31699346405228757,0.15391046476687265,0.8608217592592597,0.48345993050299996,0.22829109945707704
f__pymfe.landmarking.worst_node.kurtosis,31,41,32,0.20167284372884345,-0.16024472052854133,-0.6382638623024633,-0.8143882656542974,0.2277471331200986,0.3699600689887713,0.23280811268166388,0.1911880409126672,0.4646950389200245,0.7554611373184454,0.8265578414730614,0.2277471331200986
f__pymfe.relative.worst_node.kurtosis,31,41,32,0.20167284372884345,-0.16024472052854133,-0.6382638623024633,-0.8143882656542974,0.2277471331200986,0.3699600689887713,0.23280811268166388,0.1911880409126672,0.4646950389200245,0.7554611373184454,0.8265578414730614,0.2277471331200986
f__pymfe.landmarking.random_node.histogram.5.relative,46,58,0,4.947826086956522,4.681034482758622,4.925000000000001,4.800000000000001,0.22732963066953035,0.2702398800599699,0.23026786135534122,0.1634182908545727,0.43954693300045594,0.8103568929321203,0.8075162691132229,0.22732963066953035
f__pymfe.relative.random_node.histogram.5.relative,46,58,0,4.947826086956522,4.681034482758622,4.925000000000001,4.800000000000001,0.22732963066953035,0.2702398800599699,0.23026786135534122,0.1634182908545727,0.43954693300045594,0.8103568929321203,0.8075162691132229,0.22732963066953035
f__pymfe.statistical.range.median,39,47,18,116.49738104734105,2796.8045880236627,25.35,19.0,-0.22717931601499236,2702.613828639518,0.22906999594856872,0.16093835242771412,0.5661607773934147,0.18914498863288404,0.8897924350523407,0.22717931601499236
f__pymfe.statistical.range.quantiles.2,39,47,18,116.49738104734105,2796.8045880236627,25.35,19.0,-0.22717931601499236,2702.613828639518,0.22906999594856872,0.16093835242771412,0.5661607773934147,0.18914498863288404,0.8897924350523407,0.22717931601499236
f__pymfe.statistical.sd.histogram.7,39,47,18,0.02180185984849301,0.03643533327431497,0.0,0.0,-0.22690306760180093,0.015145037723063482,0.23483525874616976,0.09328968903436989,0.9787190401653075,0.744428401898735,1.0,0.22690306760180093
f__pymfe.statistical.max.median,39,47,18,123.44045313559232,2799.7255648846212,26.625999999999998,25.8,-0.2268413905325665,2697.1826145821688,0.22861265869099887,0.10583742498636116,0.9412037670686942,0.1899848021717484,1.0,0.2268413905325665
f__pymfe.statistical.max.quantiles.2,39,47,18,123.44045313559232,2799.7255648846212,26.625999999999998,25.8,-0.2268413905325665,2697.1826145821688,0.22861265869099887,0.10583742498636116,0.9412037670686942,0.1899848021717484,1.0,0.2268413905325665
f__pymfe.statistical.mad.median,39,47,18,6.162147900256985,16.512848033240477,2.9652,1.4826,-0.22671420403012826,11.229993326266873,0.24597360231847296,0.15548281505728315,0.6112309449507293,0.5165523503263039,0.9049833399362923,0.22671420403012826
f__pymfe.statistical.mad.quantiles.2,39,47,18,6.162147900256985,16.512848033240477,2.9652,1.4826,-0.22671420403012826,11.229993326266873,0.24597360231847296,0.15548281505728315,0.6112309449507293,0.5165523503263039,0.9049833399362923,0.22671420403012826
f__pymfe.statistical.skewness.iq_range,39,42,23,2.1679796967463076,1.5899680905441091,0.8923008150847715,1.0170740909610754,0.22653378943091199,0.6387377260232695,0.25033351575628715,0.15934065934065933,0.6153185421601516,0.6929309923992055,0.9085519594572714,0.22653378943091199
f__pymfe.landmarking.linear_discr.median.relative,46,58,0,5.22608695652174,4.893965517241378,5.525,5.15,0.2258375665450502,0.33212143928035975,0.22583756654504913,0.12293853073463268,0.7764646283152684,1.0,0.9992603581404673,0.2258375665450502
f__pymfe.landmarking.linear_discr.quantiles.2.relative,46,58,0,5.22608695652174,4.893965517241378,5.525,5.15,0.2258375665450502,0.33212143928035975,0.22583756654504913,0.12293853073463268,0.7764646283152684,1.0,0.9992603581404673,0.2258375665450502
f__pymfe.relative.linear_discr.median.relative,46,58,0,5.22608695652174,4.893965517241378,5.525,5.15,0.2258375665450502,0.33212143928035975,0.22583756654504913,0.12293853073463268,0.7764646283152684,1.0,0.9992603581404673,0.2258375665450502
f__pymfe.relative.linear_discr.quantiles.2.relative,46,58,0,5.22608695652174,4.893965517241378,5.525,5.15,0.2258375665450502,0.33212143928035975,0.22583756654504913,0.12293853073463268,0.7764646283152684,1.0,0.9992603581404673,0.2258375665450502
f__pymfe.info-theory.joint_ent.max,17,36,51,3.6532975303819017,4.085266886112334,3.3338502468603783,3.684884189544332,-0.22556475969574769,0.5865522608452197,0.3062845037764995,0.20261437908496732,0.6450320903040957,0.9202932554082514,0.9292638567150731,0.22556475969574769
f__pymfe.info-theory.joint_ent.quantiles.4,17,36,51,3.6532975303819017,4.085266886112334,3.3338502468603783,3.684884189544332,-0.22556475969574769,0.5865522608452197,0.3062845037764995,0.20261437908496732,0.6450320903040957,0.9202932554082514,0.9292638567150731,0.22556475969574769
f__pymfe.landmarking.best_node.histogram.0,39,47,18,0.11743589743589744,0.13659574468085106,0.13,0.14,-0.22530247688920607,0.020567375886524828,0.24185374085202374,0.21222040370976542,0.2428236607793399,0.6262626262626266,0.5849102733553077,0.22530247688920607
f__pymfe.relative.best_node.histogram.0,39,47,18,0.11743589743589744,0.13659574468085106,0.13,0.14,-0.22530247688920607,0.020567375886524828,0.24185374085202374,0.21222040370976542,0.2428236607793399,0.6262626262626266,0.5849102733553077,0.22530247688920607
f__pymfe.landmarking.naive_bayes.median,39,47,18,0.7033348410793584,0.6655978186447393,0.6944368279569892,0.6814980158730158,0.2250135917301403,0.048652925727444375,0.2901015729335593,0.15711947626841244,0.5947160669776257,0.6977495300354936,0.9019838783812205,0.2250135917301403
f__pymfe.landmarking.naive_bayes.quantiles.2,39,47,18,0.7033348410793584,0.6655978186447393,0.6944368279569892,0.6814980158730158,0.2250135917301403,0.048652925727444375,0.2901015729335593,0.15711947626841244,0.5947160669776257,0.6977495300354936,0.9019838783812205,0.2250135917301403
f__pymfe.relative.naive_bayes.median,39,47,18,0.7033348410793584,0.6655978186447393,0.6944368279569892,0.6814980158730158,0.2250135917301403,0.048652925727444375,0.2901015729335593,0.15711947626841244,0.5947160669776257,0.6977495300354936,0.9019838783812205,0.2250135917301403
f__pymfe.relative.naive_bayes.quantiles.2,39,47,18,0.7033348410793584,0.6655978186447393,0.6944368279569892,0.6814980158730158,0.2250135917301403,0.048652925727444375,0.2901015729335593,0.15711947626841244,0.5947160669776257,0.6977495300354936,0.9019838783812205,0.2250135917301403
f__pymfe.landmarking.one_nn.histogram.9.relative,46,58,0,4.684782608695652,4.4767241379310345,4.925,4.525,0.2240971686806984,0.23422038980509743,0.252275843467066,0.15667166416791603,0.49399264569287527,0.8041401273885349,0.8527760974137782,0.2240971686806984
f__pymfe.relative.one_nn.histogram.9.relative,46,58,0,4.684782608695652,4.4767241379310345,4.925,4.525,0.2240971686806984,0.23422038980509743,0.252275843467066,0.15667166416791603,0.49399264569287527,0.8041401273885349,0.8527760974137782,0.2240971686806984
f__pymfe.landmarking.linear_discr.min.relative,46,58,0,5.066304347826088,4.705172413793104,5.65,5.0,0.22347830830755827,0.3975637181409295,0.24602329177148613,0.21964017991004497,0.13983035123320753,0.9569060773480662,0.4562285594207708,0.22347830830755827
f__pymfe.landmarking.linear_discr.quantiles.0.relative,46,58,0,5.066304347826088,4.705172413793104,5.65,5.0,0.22347830830755827,0.3975637181409295,0.24602329177148613,0.21964017991004497,0.13983035123320753,0.9569060773480662,0.4562285594207708,0.22347830830755827
f__pymfe.relative.linear_discr.min.relative,46,58,0,5.066304347826088,4.705172413793104,5.65,5.0,0.22347830830755827,0.3975637181409295,0.24602329177148613,0.21964017991004497,0.13983035123320753,0.9569060773480662,0.4562285594207708,0.22347830830755827
f__pymfe.relative.linear_discr.quantiles.0.relative,46,58,0,5.066304347826088,4.705172413793104,5.65,5.0,0.22347830830755827,0.3975637181409295,0.24602329177148613,0.21964017991004497,0.13983035123320753,0.9569060773480662,0.4562285594207708,0.22347830830755827
f__pymfe.statistical.iq_range.histogram.1,39,47,18,0.06340076000376815,0.04734548086244122,0.0175438596491228,0.0,0.2234181588042719,0.016055279141326928,0.2234181588042718,0.11620294599018004,0.8927569228068,0.8019616132577996,1.0,0.2234181588042719
f__pymfe.statistical.g_mean.histogram.3,29,33,42,0.020823281830155204,0.032599031792580176,0.0,0.0,-0.2208514926797172,0.015270605468774718,0.28639670701766884,0.14733542319749215,0.8256927313506361,0.7387493222483278,1.0,0.2208514926797172
f__pymfe.landmarking.one_nn.histogram.1.relative,46,58,0,4.322826086956522,4.478448275862069,4.35,4.574999999999999,-0.21988372318419563,0.15907046476761613,0.22475590587517466,0.14842578710644677,0.5624968673332702,0.7636916835699799,0.8897924350523407,0.21988372318419563
f__pymfe.relative.one_nn.histogram.1.relative,46,58,0,4.322826086956522,4.478448275862069,4.35,4.574999999999999,-0.21988372318419563,0.15907046476761613,0.22475590587517466,0.14842578710644677,0.5624968673332702,0.7636916835699799,0.8897924350523407,0.21988372318419563
f__pymfe.info-theory.mut_inf.histogram.9,17,36,51,0.14770254513288564,0.17979209540657648,0.11111111111111112,0.13035714285714284,-0.21902673667756875,0.03306994243055354,0.22571838841311745,0.1715686274509804,0.8141030098943366,0.80160485078899,1.0,0.21902673667756875
f__pymfe.statistical.cor.mean,38,40,26,0.29970688201048945,0.2543170763059318,0.2497654203497099,0.19522758838051107,0.21898018673427333,0.05792300768679247,0.27944581041004435,0.2026315789473684,0.33375859757016757,0.9883581331675975,0.6980173280775567,0.21898018673427333
f__pymfe.statistical.sparsity.histogram.1,46,58,0,0.08814228485150193,0.06362467740953916,0.00786910457963088,0.0,0.21880156976324933,0.024517607441962772,0.21880156976324935,0.1671664167916042,0.41297693533150254,0.7350002472094497,0.7923222160491822,0.21880156976324933
f__pymfe.landmarking.best_node.median,39,47,18,0.49416788408036727,0.5429416682746443,0.5,0.5,-0.2184252502239088,0.05621595415095185,0.25175376597984417,0.16039279869067102,0.5716938641371889,0.9340518234970256,0.8897924350523407,0.2184252502239088
f__pymfe.landmarking.best_node.quantiles.2,39,47,18,0.49416788408036727,0.5429416682746443,0.5,0.5,-0.2184252502239088,0.05621595415095185,0.25175376597984417,0.16039279869067102,0.5716938641371889,0.9340518234970256,0.8897924350523407,0.2184252502239088
f__pymfe.relative.best_node.median,39,47,18,0.49416788408036727,0.5429416682746443,0.5,0.5,-0.2184252502239088,0.05621595415095185,0.25175376597984417,0.16039279869067102,0.5716938641371889,0.9340518234970256,0.8897924350523407,0.2184252502239088
f__pymfe.relative.best_node.quantiles.2,39,47,18,0.49416788408036727,0.5429416682746443,0.5,0.5,-0.2184252502239088,0.05621595415095185,0.25175376597984417,0.16039279869067102,0.5716938641371889,0.9340518234970256,0.8897924350523407,0.2184252502239088
f__pymfe.statistical.cov.sd,37,42,25,4575004576.37717,1.9647432529254395e+21,852.0318070775627,21.237258600088524,-0.21821789023548424,1.9647432529220123e+21,0.21821789023561172,0.36293436293436293,0.00783922405205616,0.0033415587497256094,0.098188107996023,0.21821789023548424
f__pymfe.landmarking.one_nn.histogram.2,39,47,18,0.07512820512820512,0.06680851063829787,0.08,0.07,0.21788433986377873,0.008428805237315873,0.22074183940297612,0.1303873431533006,0.8008070343899413,0.7928571428571429,1.0,0.21788433986377873
f__pymfe.relative.one_nn.histogram.2,39,47,18,0.07512820512820512,0.06680851063829787,0.08,0.07,0.21788433986377873,0.008428805237315873,0.22074183940297612,0.1303873431533006,0.8008070343899413,0.7928571428571429,1.0,0.21788433986377873
f__pymfe.statistical.eigenvalues.quantiles.1,38,44,22,9.563357990441403,3194.2571085791774,0.7357716216010725,0.8573418445984049,-0.21775024815112257,3184.701217040077,0.21775075866226107,0.18181818181818182,0.4437960478862313,0.08373825254355124,0.8125271642442771,0.21775024815112257
f__pymfe.statistical.h_mean.quantiles.3,29,33,42,55.914293616577744,34.13904815350628,2.1468025762400105,8.773109615287055,0.21719394630451436,28.348495382278706,0.2827578497020503,0.2831765935214211,0.133282420008572,0.7123671743770305,0.443963071653675,0.21719394630451436
f__pymfe.model-based.tree_depth.histogram.4,39,47,18,0.15336798938120724,0.1418406268184254,0.14780987435696566,0.13810447785755828,0.21698398105969727,0.012483532810244218,0.234982341546344,0.2160392798690671,0.22676325952135454,0.8177974455714424,0.5597453647969337,0.21698398105969727
f__pymfe.landmarking.worst_node.quantiles.1.relative,46,58,0,2.705434782608696,3.160344827586207,2.05,2.05,-0.21642283564048764,0.4611319340329836,0.2193828909026054,0.1664167916041979,0.4199066652488035,1.0,0.795142408662628,0.21642283564048764
f__pymfe.relative.worst_node.quantiles.1.relative,46,58,0,2.705434782608696,3.160344827586207,2.05,2.05,-0.21642283564048764,0.4611319340329836,0.2193828909026054,0.1664167916041979,0.4199066652488035,1.0,0.795142408662628,0.21642283564048764
f__pymfe.statistical.t_mean.quantiles.1,39,47,18,6.316728143303547,37.520701770540256,1.6870372332909427,1.8126860243055554,-0.21628959968686925,35.2723952801616,0.2444897674341088,0.2160392798690671,0.22676325952135454,0.3365211629646604,0.5597453647969337,0.21628959968686925
f__pymfe.statistical.eigenvalues.min,38,44,22,3.3148460600216016,620.5627933207362,0.0068146742870058554,0.0849566392915729,-0.21606829800227878,617.2479474123458,0.21606829805535746,0.22607655502392343,0.2055288529400826,0.03102441383454945,0.5391485585528886,0.21606829800227878
f__pymfe.statistical.eigenvalues.quantiles.0,38,44,22,3.3148460600216016,620.5627933207362,0.0068146742870058554,0.0849566392915729,-0.21606829800227878,617.2479474123458,0.21606829805535746,0.22607655502392343,0.2055288529400826,0.03102441383454945,0.5391485585528886,0.21606829800227878
f__pymfe.landmarking.worst_node.histogram.3,39,47,18,0.041282051282051285,0.05234042553191489,0.04,0.04,-0.21595189758622235,0.011058374249863612,0.21595189758622246,0.09219858156028368,0.9811223660104332,0.8102189781021902,1.0,0.21595189758622235
f__pymfe.relative.worst_node.histogram.3,39,47,18,0.041282051282051285,0.05234042553191489,0.04,0.04,-0.21595189758622235,0.011058374249863612,0.21595189758622246,0.09219858156028368,0.9811223660104332,0.8102189781021902,1.0,0.21595189758622235
f__pymfe.landmarking.random_node.histogram.0,39,47,18,0.11333333333333333,0.13191489361702127,0.13,0.13,-0.21559530201979146,0.021549372613202417,0.2500297836107389,0.23349699945444627,0.1584927205573888,0.9523809523809521,0.4858181896384924,0.21559530201979146
f__pymfe.relative.random_node.histogram.0,39,47,18,0.11333333333333333,0.13191489361702127,0.13,0.13,-0.21559530201979146,0.021549372613202417,0.2500297836107389,0.23349699945444627,0.1584927205573888,0.9523809523809521,0.4858181896384924,0.21559530201979146
f__pymfe.landmarking.random_node.min.relative,46,58,0,3.2945652173913045,3.6612068965517244,2.75,3.125,-0.2149266769770084,0.46814092953523245,0.27442590425708796,0.15742128935532235,0.48888062088896117,0.9761508596783139,0.8494433347766983,0.2149266769770084
f__pymfe.landmarking.random_node.quantiles.0.relative,46,58,0,3.2945652173913045,3.6612068965517244,2.75,3.125,-0.2149266769770084,0.46814092953523245,0.27442590425708796,0.15742128935532235,0.48888062088896117,0.9761508596783139,0.8494433347766983,0.2149266769770084
f__pymfe.relative.random_node.min.relative,46,58,0,3.2945652173913045,3.6612068965517244,2.75,3.125,-0.2149266769770084,0.46814092953523245,0.27442590425708796,0.15742128935532235,0.48888062088896117,0.9761508596783139,0.8494433347766983,0.2149266769770084
f__pymfe.relative.random_node.quantiles.0.relative,46,58,0,3.2945652173913045,3.6612068965517244,2.75,3.125,-0.2149266769770084,0.46814092953523245,0.27442590425708796,0.15742128935532235,0.48888062088896117,0.9761508596783139,0.8494433347766983,0.2149266769770084
f__pymfe.statistical.cov.median,38,44,22,86.46722076652206,7344817.359992344,5.846265897311525,0.8301524036470831,-0.21456543768205524,7344734.837663141,0.21456555292622106,0.24880382775119617,0.12980406397911476,0.08596048497816255,0.441499173024505,0.21456543768205524
f__pymfe.statistical.cov.quantiles.2,38,44,22,86.46722076652206,7344817.359992344,5.846265897311525,0.8301524036470831,-0.21456543768205524,7344734.837663141,0.21456555292622106,0.24880382775119617,0.12980406397911476,0.08596048497816255,0.441499173024505,0.21456543768205524
f__pymfe.statistical.iq_range.quantiles.1,39,47,18,3.0166790180976824,118.95426660735644,1.85,1.27888805,-0.21415241069042162,116.48900603906016,0.21517095517439433,0.25040916530278234,0.10977762117039488,0.174626766491592,0.3968408592831344,0.21415241069042162
f__pymfe.info-theory.joint_ent.quantiles.3,17,36,51,2.9821316920799323,3.37178798214539,2.4866743524871673,2.8052804415274197,-0.21387487923785567,0.5389372177980457,0.2958123230962849,0.184640522875817,0.7489950140500986,0.8832851763920865,0.9911667077603459,0.21387487923785567
f__pymfe.model-based.var_importance.min,39,47,18,0.05974337639953074,0.10548208846449583,0.00474615916880986,0.009424925755303359,-0.21376351560219725,0.0457409886908094,0.21377415559449742,0.2204037097654119,0.20798614805598323,0.3170997838525513,0.5391485585528886,0.21376351560219725
f__pymfe.model-based.var_importance.quantiles.0,39,47,18,0.05974337639953074,0.10548208846449583,0.00474615916880986,0.009424925755303359,-0.21376351560219725,0.0457409886908094,0.21377415559449742,0.2204037097654119,0.20798614805598323,0.3170997838525513,0.5391485585528886,0.21376351560219725
f__pymfe.model-based.nodes_repeated.histogram.7,39,47,18,0.03946852419022733,0.031183693381482674,0.03333333333333332,0.00364420645545142,0.2133784895768157,0.012542864154580077,0.3230455117377361,0.27986906710310966,0.0548258573845902,0.8338779956427027,0.26535052426016165,0.2133784895768157
f__pymfe.statistical.cov.quantiles.1,38,44,22,10.113636029170568,7230970.328194713,0.677478786924488,0.15115307423573465,-0.21328436111113894,7230960.536686006,0.21328437061260458,0.17942583732057416,0.4600428562698894,0.0992976250746159,0.8265578414730614,0.21328436111113894
f__pymfe.statistical.eigenvalues.quantiles.3,38,44,22,16309.053236249145,775470292652.3242,57.55422607408678,22.503190340367418,-0.2132009884530286,775470276404.0659,0.213200988469743,0.17583732057416268,0.4848945200537604,0.017486547669590752,0.8494433347766983,0.2132009884530286
f__pymfe.statistical.eigenvalues.iq_range,38,44,22,16299.489878258712,775470289458.0673,47.05051640463504,16.535971296709373,-0.21320098755703784,775470273229.4619,0.2132009875765262,0.145933014354067,0.708898641377575,0.01905242965502467,0.9732479843905408,0.21320098755703784
f__pymfe.statistical.cov.min,38,44,22,0.9765598956602372,7007847.424598429,0.005454807638619665,0.010766777706384985,-0.2132009437006127,7007846.448331033,0.21320094370951148,0.18301435406698566,0.4367823516335312,0.1661199862517803,0.8075162691132229,0.2132009437006127
f__pymfe.statistical.cov.quantiles.0,38,44,22,0.9765598956602372,7007847.424598429,0.005454807638619665,0.010766777706384985,-0.2132009437006127,7007846.448331033,0.21320094370951148,0.18301435406698566,0.4367823516335312,0.1661199862517803,0.8075162691132229,0.2132009437006127
f__pymfe.statistical.cov.quantiles.3,38,44,22,1316.903208168079,2826153913370250.5,27.798122368372738,4.878399490788738,-0.21320071692487386,2826153913369164.0,0.21320071692489126,0.18421052631578946,0.42650254899920736,0.14524730271355402,0.8027079820108789,0.21320071692487386
f__pymfe.statistical.cov.iq_range,38,44,22,1306.7895721389086,2826153906139279.5,26.61051539233833,0.7326146258389985,-0.2132007163669078,2826153906138228.5,0.2132007163669271,0.21411483253588517,0.2583974922115257,0.1447749720575257,0.6042306277982571,0.2132007163669078
f__pymfe.statistical.eigenvalues.max,38,44,22,175337290187.4086,5.6516596084381744e+35,38161.35468560565,666.0277553801344,-0.21320071635561044,5.651659608438169e+35,0.21320071635561025,0.35526315789473684,0.008151696856099287,0.06880021258622081,0.098188107996023,0.21320071635561044
f__pymfe.statistical.eigenvalues.quantiles.4,38,44,22,175337290187.4086,5.6516596084381744e+35,38161.35468560565,666.0277553801344,-0.21320071635561044,5.651659608438169e+35,0.21320071635561025,0.35526315789473684,0.008151696856099287,0.06880021258622081,0.098188107996023,0.21320071635561044
f__pymfe.statistical.eigenvalues.range,38,44,22,175337290184.09372,5.6516596084381744e+35,38161.318702373144,665.840680544275,-0.21320071635561044,5.651659608438169e+35,0.21320071635561025,0.35526315789473684,0.008151696856099287,0.06880021255361357,0.098188107996023,0.21320071635561044
f__pymfe.statistical.eigenvalues.sd,38,44,22,33780255331.462986,2.5274990140315203e+35,9513.863740643108,217.8837278724861,-0.21320071635561044,2.527499014031518e+35,0.21320071635561025,0.32894736842105265,0.017760839913388386,0.1130900719599384,0.15215436118314543,0.21320071635561044
f__pymfe.statistical.var.sd,38,44,22,23982907154.95508,2.5274990140315203e+35,6442.033143464406,71.73620046562378,-0.21320071635561044,2.527499014031518e+35,0.21320071635561025,0.32894736842105265,0.017760839913388386,0.0006093287797966229,0.15215436118314543,0.21320071635561044
f__pymfe.statistical.eigenvalues.mean,38,44,22,6779576437.87442,1.1303319216876349e+35,3746.21990705212,157.49423195652378,-0.21320071635561044,1.1303319216876338e+35,0.21320071635561025,0.3062200956937799,0.033103330307349466,0.06406574506595127,0.21383683529183,0.21320071635561044
f__pymfe.statistical.median.sd,38,44,22,8902.047097474386,1.0525349989486336e+17,64.86044306907047,11.608081014155992,-0.21320071635559606,1.0525349989485654e+17,0.21320071635560028,0.28708133971291866,0.05392562187199687,0.8311223756759952,0.263380628777253,0.21320071635559606
f__pymfe.statistical.t_mean.sd,38,44,22,9398.144813026713,1.0195116375431098e+17,86.06959308205819,11.45699430813265,-0.2132007163555946,1.0195116375430387e+17,0.21320071635559937,0.3181818181818182,0.02388581795309774,0.8421343561031476,0.17880878673300268,0.2132007163555946
f__pymfe.statistical.mean.sd,38,44,22,12767.986375741864,9.79941595055414e+16,105.77909494173306,17.44201003468438,-0.21320071635558693,9.79941595055329e+16,0.21320071635559618,0.3444976076555024,0.011233886064418202,0.383169121128687,0.1149266394117715,0.21320071635558693
f__pymfe.statistical.iq_range.sd,38,44,22,12424.664822331884,9.01710937103949e+16,46.50783694445468,4.435396038857673,-0.21320071635558394,9.01710937103859e+16,0.21320071635559207,0.2607655502392344,0.10013203667179356,0.7888597339926132,0.3723230486234583,0.21320071635558394
f__pymfe.statistical.mad.sd,38,44,22,8727.509700237697,6.004743790314125e+16,28.006105119285422,4.1667517340647535,-0.21320071635558266,6.004743790313474e+16,0.2132007163555905,0.2679425837320574,0.08510400794202527,0.9322732946254613,0.33415838412530513,0.21320071635558266
f__pymfe.statistical.sd.sd,38,44,22,18752.447707397452,5.068465857438179e+16,43.06708292253603,3.8521486235420803,-0.21320071635553625,5.068465857437657e+16,0.21320071635559315,0.32894736842105265,0.017760839913388386,0.031108125258739516,0.15215436118314543,0.21320071635553625
f__pymfe.statistical.cov.mean,38,44,22,240070373.64951617,5.930720637392125e+20,193.96302086949754,10.093810185146488,-0.21320071635552681,5.930720637390367e+20,0.21320071635554994,0.2799043062200957,0.06424804752853269,0.016104751570400002,0.28121686377243,0.21320071635552681
f__pymfe.statistical.range.sd,38,44,22,356754.7118990792,1.8742630562764205e+17,267.46842263591805,22.770934742091434,-0.21320071635522211,1.8742630562768893e+17,0.21320071635568127,0.35526315789473684,0.008151696856099287,0.018639003998863122,0.098188107996023,0.21320071635522211
f__pymfe.statistical.max.sd,38,44,22,356926.7269973046,1.8743273861987715e+17,614.9407401684157,27.274267663846917,-0.2132007163552221,1.8743273861992394e+17,0.2132007163556813,0.3815789473684211,0.003514965631410145,0.0187310184973562,0.0790937774080776,0.2132007163552221
f__pymfe.statistical.cov.max,38,44,22,83407635247.94153,5.930658602822413e+21,4819.061255328929,66.82607147522643,-0.2132007163526123,5.930658602762654e+21,0.2132007163534625,0.35167464114832536,0.00908218667166413,0.0008614214870491138,0.10543234092757925,0.2132007163526123
f__pymfe.statistical.cov.quantiles.4,38,44,22,83407635247.94153,5.930658602822413e+21,4819.061255328929,66.82607147522643,-0.2132007163526123,5.930658602762654e+21,0.2132007163534625,0.35167464114832536,0.00908218667166413,0.0008614214870491138,0.10543234092757925,0.2132007163526123
f__pymfe.statistical.cov.range,38,44,22,83407635246.96495,5.930658602822405e+21,4814.2515490530905,55.131545559787696,-0.21320071635261204,5.93065860276266e+21,0.21320071635346272,0.35167464114832536,0.00908218667166413,0.00086142150309854,0.10543234092757925,0.21320071635261204
f__pymfe.statistical.min.sd,38,44,22,352.60857595111,6432992235177.78,3.433625630389839,3.590686048148107,-0.2132007163500263,6432992235018.999,0.21320071635645008,0.14114832535885166,0.7462805521311986,0.7010139020044668,0.9910233605219535,0.2132007163500263
f__pymfe.landmarking.elite_nn.histogram.8,39,47,18,0.06846153846153846,0.061063829787234035,0.06000000000000001,0.05,0.21313896608957975,0.011511183851609388,0.3316542908916025,0.25040916530278234,0.10977762117039488,0.7207207207207207,0.3968408592831344,0.21313896608957975
f__pymfe.relative.elite_nn.histogram.8,39,47,18,0.06846153846153846,0.061063829787234035,0.06000000000000001,0.05,0.21313896608957975,0.011511183851609388,0.3316542908916025,0.25040916530278234,0.10977762117039488,0.7207207207207207,0.3968408592831344,0.21313896608957975
f__pymfe.landmarking.best_node.quantiles.1.relative,46,58,0,3.1521739130434776,3.4948275862068967,3.0,3.7,-0.2129306769484591,0.4281859070464767,0.26608182601828817,0.23388305847076463,0.09913491640244286,0.9708498023715415,0.3705587503160729,0.2129306769484591
f__pymfe.relative.best_node.quantiles.1.relative,46,58,0,3.1521739130434776,3.4948275862068967,3.0,3.7,-0.2129306769484591,0.4281859070464767,0.26608182601828817,0.23388305847076463,0.09913491640244286,0.9708498023715415,0.3705587503160729,0.2129306769484591
f__pymfe.statistical.iq_range.median,39,47,18,9.103770689398079,125.35532338563776,5.0,2.9452,-0.21237752464626114,117.59403377030073,0.214830075178111,0.16039279869067102,0.5716938641371889,0.37212854419660457,0.8897924350523407,0.21237752464626114
f__pymfe.statistical.iq_range.quantiles.2,39,47,18,9.103770689398079,125.35532338563776,5.0,2.9452,-0.21237752464626114,117.59403377030073,0.214830075178111,0.16039279869067102,0.5716938641371889,0.37212854419660457,0.8897924350523407,0.21237752464626114
f__pymfe.statistical.kurtosis.max,39,42,23,338.50879042623416,962.1018548616845,50.706256940408004,10.484986266391306,-0.21200246754103716,828.7868370770494,0.2817620408991154,0.22893772893772893,0.19838740897501111,0.4737920268690883,0.5261864721489533,0.21200246754103716
f__pymfe.statistical.kurtosis.quantiles.4,39,42,23,338.50879042623416,962.1018548616845,50.706256940408004,10.484986266391306,-0.21200246754103716,828.7868370770494,0.2817620408991154,0.22893772893772893,0.19838740897501111,0.4737920268690883,0.5261864721489533,0.21200246754103716
f__pymfe.statistical.kurtosis.range,39,42,23,338.6284558562856,960.9681191936086,51.25731903713845,8.605149563837273,-0.21155818718889058,830.4148014180862,0.28229126368185464,0.2490842490842491,0.1320182775320544,0.4721833153252336,0.443963071653675,0.21155818718889058
f__pymfe.model-based.leaves_branch.quantiles.1,39,47,18,7.360256410256411,6.752659574468084,7.15,6.15,0.21114994753442118,1.264061647572286,0.43928232479825907,0.2755046372067649,0.061292970990212185,0.6561963190184057,0.2697564272701097,0.21114994753442118
f__pymfe.statistical.sd.median,39,47,18,9.391285075681225,400.4658476995345,4.622019546334028,2.949501725275968,-0.21099488142263362,391.7001250246458,0.21133238858160636,0.14457174031642117,0.6915076842079748,0.34549343730514975,0.9624633450053653,0.21099488142263362
f__pymfe.statistical.sd.quantiles.2,39,47,18,9.391285075681225,400.4658476995345,4.622019546334028,2.949501725275968,-0.21099488142263362,391.7001250246458,0.21133238858160636,0.14457174031642117,0.6915076842079748,0.34549343730514975,0.9624633450053653,0.21099488142263362
f__pymfe.general.freq_class.min,46,58,0,0.2019475421868823,0.23419268815849653,0.14841903562184894,0.23938826839626093,-0.21086695187472163,0.058692653724577305,0.3838202810195115,0.20689655172413793,0.18682617155868836,0.8224112492942178,0.519610289647602,0.21086695187472163
f__pymfe.general.freq_class.quantiles.0,46,58,0,0.2019475421868823,0.23419268815849653,0.14841903562184894,0.23938826839626093,-0.21086695187472163,0.058692653724577305,0.3838202810195115,0.20689655172413793,0.18682617155868836,0.8224112492942178,0.519610289647602,0.21086695187472163
f__pymfe.info-theory.joint_ent.kurtosis,16,35,53,-0.06045678124652404,1.5791493774474856,-0.9431006709218231,-1.0357677957307931,-0.21034462753944863,2.746186298339645,0.3523074922689361,0.2892857142857143,0.2517698882027004,0.30576234786586376,0.5924035105964474,0.21034462753944863
f__pymfe.statistical.min.quantiles.3,39,47,18,22.35897093073718,9.769865198777994,0.8315400000000001,1.0,0.21033660026799691,15.674479272335898,0.2618864875163166,0.10965630114566285,0.923900793134328,0.8468313362263095,1.0,0.21033660026799691
f__pymfe.statistical.iq_range.min,39,47,18,1.1205233170814104,111.45747031914897,0.3069249999999999,0.1295079999999999,-0.21028901689065502,110.39743876372451,0.2104043069492841,0.19039825422804146,0.36108281106528256,0.1588700564971754,0.7257900418150348,0.21028901689065502
f__pymfe.statistical.iq_range.quantiles.0,39,47,18,1.1205233170814104,111.45747031914897,0.3069249999999999,0.1295079999999999,-0.21028901689065502,110.39743876372451,0.2104043069492841,0.19039825422804146,0.36108281106528256,0.1588700564971754,0.7257900418150348,0.21028901689065502
f__pymfe.landmarking.best_node.iq_range.relative,46,58,0,2.4652173913043485,2.7551724137931037,2.0,2.875,-0.21018091091614868,0.3798350824587706,0.2753326462285746,0.22563718140929534,0.12148781548945688,0.9656626506024096,0.415862137636987,0.21018091091614868
f__pymfe.relative.best_node.iq_range.relative,46,58,0,2.4652173913043485,2.7551724137931037,2.0,2.875,-0.21018091091614868,0.3798350824587706,0.2753326462285746,0.22563718140929534,0.12148781548945688,0.9656626506024096,0.415862137636987,0.21018091091614868
f__pymfe.info-theory.attr_ent.quantiles.1,17,36,51,1.167316201019151,1.4947980711392175,0.8842837343170675,0.9222089449452737,-0.21006199510196696,0.49889277094127593,0.32001286290276215,0.1895424836601307,0.7150349598597505,0.5257892831665206,0.978638009364789,0.21006199510196696
f__pymfe.general.freq_class.histogram.5,46,58,0,0.12059523809523809,0.06533935413245757,0.0,0.0,0.20973189686422294,0.062293198638775894,0.2364430676930368,0.08320839580209895,0.985093450794211,0.25999999999999945,1.0,0.20973189686422294
f__pymfe.landmarking.best_node.mean,39,47,18,0.4940656489491668,0.5406392913872724,0.5,0.506813350340136,-0.2095597493628566,0.054012230368614134,0.24302993852408789,0.1773049645390071,0.44773801580426853,0.9594849529620768,0.8160139946739912,0.2095597493628566
f__pymfe.relative.best_node.mean,39,47,18,0.4940656489491668,0.5406392913872724,0.5,0.506813350340136,-0.2095597493628566,0.054012230368614134,0.24302993852408789,0.1773049645390071,0.44773801580426853,0.9594849529620768,0.8160139946739912,0.2095597493628566
f__pymfe.statistical.mean.quantiles.1,39,47,18,7.325335533074553,182.93716229383932,2.8710525811397902,2.5901666666666667,-0.20940034004488964,179.86291228794687,0.21446935374044518,0.23786142935079105,0.14437085275535763,0.3251251093153347,0.4653563503301467,0.20940034004488964
f__pymfe.info-theory.joint_ent.histogram.5,17,36,51,0.07695671889170341,0.11251084731001552,0.018333333333333278,0.050713012477718346,-0.20904165257469517,0.04317080081826627,0.2538241252842899,0.21241830065359477,0.5924731358684336,0.6968888888888879,0.9019838783812205,0.20904165257469517
f__pymfe.statistical.cov.histogram.5,38,44,22,0.03502877624739462,0.07438183038556055,7.9365079365075e-05,0.00669485032400183,-0.20902524674871278,0.039353054138165935,0.20902524674871284,0.3576555023923445,0.0076273426359730594,0.3103326256192492,0.098188107996023,0.20902524674871278
f__pymfe.landmarking.linear_discr.mean.relative,46,58,0,5.26304347826087,4.952586206896552,5.4,5.1,0.20899167224384488,0.3104572713643179,0.2089916722438447,0.1191904047976012,0.8053620081069724,1.0,1.0,0.20899167224384488
f__pymfe.relative.linear_discr.mean.relative,46,58,0,5.26304347826087,4.952586206896552,5.4,5.1,0.20899167224384488,0.3104572713643179,0.2089916722438447,0.1191904047976012,0.8053620081069724,1.0,1.0,0.20899167224384488
f__pymfe.landmarking.linear_discr.max.relative,46,58,0,5.189130434782609,4.887068965517241,5.550000000000001,5.1,0.2089077379515549,0.31315592203898057,0.21658073589592225,0.14617691154422788,0.5776430289977743,1.0,0.8897924350523407,0.2089077379515549
f__pymfe.landmarking.linear_discr.quantiles.4.relative,46,58,0,5.189130434782609,4.887068965517241,5.550000000000001,5.1,0.2089077379515549,0.31315592203898057,0.21658073589592225,0.14617691154422788,0.5776430289977743,1.0,0.8897924350523407,0.2089077379515549
f__pymfe.relative.linear_discr.max.relative,46,58,0,5.189130434782609,4.887068965517241,5.550000000000001,5.1,0.2089077379515549,0.31315592203898057,0.21658073589592225,0.14617691154422788,0.5776430289977743,1.0,0.8897924350523407,0.2089077379515549
f__pymfe.relative.linear_discr.quantiles.4.relative,46,58,0,5.189130434782609,4.887068965517241,5.550000000000001,5.1,0.2089077379515549,0.31315592203898057,0.21658073589592225,0.14617691154422788,0.5776430289977743,1.0,0.8897924350523407,0.2089077379515549
f__pymfe.statistical.skewness.kurtosis,38,39,27,1.3216405587721398,0.30990684148424386,-0.007186954026697237,-0.9206263896981428,0.2088985780069989,1.5224992108265105,0.3143593168081926,0.27800269905533065,0.07147540383306951,0.9461079358528216,0.3037230688078975,0.2088985780069989
f__pymfe.statistical.sd.quantiles.1,39,47,18,3.192889638032701,386.91224186321205,2.4383864253081176,1.00634027809212,-0.20856276887874842,384.2577396288108,0.2088553982887056,0.23295144571740317,0.1616361392492612,0.1925653933465279,0.4858181896384924,0.20856276887874842
f__pymfe.landmarking.worst_node.histogram.3.relative,46,58,0,3.8304347826086955,4.158620689655173,3.5,3.725,-0.20839480041521594,0.3486506746626687,0.22138972515558872,0.16041979010494753,0.4633920052514057,0.9765625,0.8265578414730614,0.20839480041521594
f__pymfe.relative.worst_node.histogram.3.relative,46,58,0,3.8304347826086955,4.158620689655173,3.5,3.725,-0.20839480041521594,0.3486506746626687,0.22138972515558872,0.16041979010494753,0.4633920052514057,0.9765625,0.8265578414730614,0.20839480041521594
f__pymfe.statistical.max.min,39,47,18,9.641553961117948,2272.190958408422,2.132,3.0,-0.20813549606566906,2262.61352463259,0.20814139458286654,0.24113475177304963,0.1368336002955676,0.32390342111885867,0.4510440898631673,0.20813549606566906
f__pymfe.statistical.max.quantiles.0,39,47,18,9.641553961117948,2272.190958408422,2.132,3.0,-0.20813549606566906,2262.61352463259,0.20814139458286654,0.24113475177304963,0.1368336002955676,0.32390342111885867,0.4510440898631673,0.20813549606566906
f__pymfe.statistical.range.min,39,47,18,9.780065684061539,2271.582747821686,2.3226,3.0,-0.2080671869344222,2261.997258698882,0.20808508637280554,0.14893617021276595,0.6566231976984581,0.19800184396455492,0.9342391145591725,0.2080671869344222
f__pymfe.statistical.range.quantiles.0,39,47,18,9.780065684061539,2271.582747821686,2.3226,3.0,-0.2080671869344222,2261.997258698882,0.20808508637280554,0.14893617021276595,0.6566231976984581,0.19800184396455492,0.9342391145591725,0.2080671869344222
f__pymfe.landmarking.worst_node.histogram.1,39,47,18,0.03153846153846154,0.04042553191489361,0.01,0.030000000000000006,-0.20796490593538858,0.009410801963993451,0.22022066466454607,0.127114020731042,0.8227577912277843,0.9453125000000014,1.0,0.20796490593538858
f__pymfe.relative.worst_node.histogram.1,39,47,18,0.03153846153846154,0.04042553191489361,0.01,0.030000000000000006,-0.20796490593538858,0.009410801963993451,0.22022066466454607,0.127114020731042,0.8227577912277843,0.9453125000000014,1.0,0.20796490593538858
f__pymfe.statistical.range.quantiles.3,39,47,18,558.6084449928616,563105.0602715939,97.4133,45.9,-0.20790431323002784,562902.9938342613,0.20803608300832718,0.2531369339879978,0.10624865110214712,0.04634187727909354,0.39039068593036624,0.20790431323002784
f__pymfe.statistical.max.quantiles.3,39,47,18,608.3754741314666,563109.7347227247,139.7,50.0,-0.20788768593752255,562945.8989657529,0.208051977688268,0.29132569558101473,0.042127914293177866,0.04643388939806269,0.23763703766785543,0.20788768593752255
f__pymfe.statistical.max.quantiles.1,39,47,18,37.48193038664744,2435.4843956687223,10.0,10.0,-0.2078304901906448,2399.4832685996216,0.2079588287073133,0.16475722858701583,0.5375591102216764,0.2980072117695388,0.8878038088403356,0.2078304901906448
f__pymfe.statistical.range.quantiles.1,39,47,18,36.45612168908846,2434.4186442458404,9.889999999999999,8.53933945,-0.20782594393344125,2402.504725843519,0.20821960633505518,0.1778505182760502,0.44240590173807276,0.25886624302295486,0.8109087581057124,0.20782594393344125
f__pymfe.landmarking.linear_discr.histogram.8,39,47,18,0.07025641025641025,0.05936170212765956,0.06,0.06000000000000001,0.20771985836840057,0.013371522094926354,0.254943101082098,0.12220403709765412,0.8556060303688228,0.7743902439024384,1.0,0.20771985836840057
f__pymfe.relative.linear_discr.histogram.8,39,47,18,0.07025641025641025,0.05936170212765956,0.06,0.06000000000000001,0.20771985836840057,0.013371522094926354,0.254943101082098,0.12220403709765412,0.8556060303688228,0.7743902439024384,1.0,0.20771985836840057
f__pymfe.statistical.sd.min,39,47,18,1.1691541014095492,377.7276856224707,0.33123118160820064,0.641758208679977,-0.20759705597790015,376.58196800975514,0.20760997653512583,0.20403709765411893,0.2824217010543366,0.23635882065592326,0.6257808645768289,0.20759705597790015
f__pymfe.statistical.sd.quantiles.0,39,47,18,1.1691541014095492,377.7276856224707,0.33123118160820064,0.641758208679977,-0.20759705597790015,376.58196800975514,0.20760997653512583,0.20403709765411893,0.2824217010543366,0.23635882065592326,0.6257808645768289,0.20759705597790015
f__pymfe.statistical.sd.quantiles.3,39,47,18,52.86560221122252,124842.33437099094,19.04397053034521,9.962164598012638,-0.2071355117667742,124807.57931727494,0.20716557309941666,0.23186033824331698,0.16806539026471098,0.046399139430809005,0.49583932818428544,0.2071355117667742
f__pymfe.statistical.range.iq_range,39,47,18,522.1523233037731,560670.6416273479,91.97,13.914120000000002,-0.20700051211372508,560537.5045014885,0.20714427103948965,0.28696126568466995,0.047136223778152186,0.14136646884768203,0.25170743497533266,0.20700051211372508
f__pymfe.statistical.max.iq_range,39,47,18,570.8935437448192,560674.2503270559,86.405,10.48,-0.20698387088951925,560580.3462237818,0.207160140357585,0.31260229132569556,0.02369892163479338,0.14096138627672644,0.1782425937039389,0.20698387088951925
f__pymfe.statistical.mad.quantiles.3,39,47,18,22.35282456608159,3601.624985563843,9.271439099999998,9.043859999999999,-0.20697970122285864,3582.4302734024714,0.20716232638589535,0.13911620294599017,0.7364767440089253,0.27932731522150445,0.9881371389466485,0.20697970122285864
f__pymfe.model-based.leaves_homo.median,39,47,18,855390.4684369961,34185972808.73812,8192.620606060605,1715.4031746031746,-0.20685820638999602,34185127982.247814,0.2068582703138826,0.2755046372067649,0.061292970990212185,0.0020764283096404625,0.2697564272701097,0.20685820638999602
f__pymfe.model-based.leaves_homo.quantiles.2,39,47,18,855390.4684369961,34185972808.73812,8192.620606060605,1715.4031746031746,-0.20685820638999602,34185127982.247814,0.2068582703138826,0.2755046372067649,0.061292970990212185,0.0020764283096404625,0.2697564272701097,0.20685820638999602
f__pymfe.statistical.mean.quantiles.3,39,47,18,82.26114168102612,67100.2742942085,22.144410837766934,19.375,-0.20680566729563715,67036.10244488054,0.2068614876340806,0.13802509547190397,0.7466470187229635,0.4644380791071432,0.9910233605219535,0.20680566729563715
f__pymfe.statistical.iq_range.quantiles.3,39,47,18,40.04222286109037,66948.64102546123,17.4555,12.475,-0.20664515389959306,66916.26137940865,0.2066688195328928,0.1778505182760502,0.44240590173807276,0.347287041588467,0.8109087581057124,0.20664515389959306
f__pymfe.statistical.sd.iq_range,39,47,18,49.67271257318982,124455.4221291277,15.752875046929159,0.9517978646289512,-0.20648560832630417,124430.33888784253,0.20652642132699858,0.24877250409165302,0.11720253668330641,0.24755359768333787,0.41085003012397564,0.20648560832630417
f__pymfe.model-based.leaves_homo.quantiles.3,39,47,18,9873622.466331916,14517196644392.572,21014.34181818182,5797.908686868687,-0.20638527005796237,14517186884123.74,0.20638527166946746,0.254228041462084,0.1015601045287554,0.0011003513880380811,0.3766187209608013,0.20638527005796237
f__pymfe.model-based.leaves_homo.iq_range,39,47,18,9741117.102485735,14517192786234.44,17855.2788011988,5158.36582972583,-0.20638522862622163,14517183156017.664,0.20638523020284907,0.24986361156573922,0.1123379440689262,0.0010950639474101255,0.3968408592831344,0.20638522862622163
f__pymfe.statistical.t_mean.quantiles.3,39,47,18,69.31858382323612,16528.859395679076,20.882075287548222,17.52998409879884,-0.2063606066801574,16475.486020926688,0.2065605188803284,0.1303873431533006,0.8008070343899413,0.6400684465261489,1.0,0.2063606066801574
f__pymfe.statistical.var.median,39,47,18,254.61101578422387,6892929.658099823,21.502992250087395,8.699758617965955,-0.20635296102014136,6892679.238871762,0.20635308651391596,0.14457174031642117,0.6915076842079748,0.14863051115458573,0.9624633450053653,0.20635296102014136
f__pymfe.statistical.var.quantiles.2,39,47,18,254.61101578422387,6892929.658099823,21.502992250087395,8.699758617965955,-0.20635296102014136,6892679.238871762,0.20635308651391596,0.14457174031642117,0.6915076842079748,0.14863051115458573,0.9624633450053653,0.20635296102014136
f__pymfe.statistical.mad.iq_range,39,47,18,20.52865116215733,3588.3547528693434,7.4197643625,1.3593964583916085,-0.20630180114106958,3574.010168173217,0.20665938136329728,0.18166939443535188,0.41808942821613204,0.3841117021409601,0.795142408662628,0.20630180114106958
f__pymfe.statistical.var.quantiles.1,39,47,18,21.86952422497506,6782530.415084736,5.94663307768334,1.0371956021455424,-0.206290949205705,6782509.940379066,0.20629099162930709,0.23295144571740317,0.1616361392492612,0.04806971600588512,0.4858181896384924,0.206290949205705
f__pymfe.statistical.var.quantiles.3,39,47,18,20946.90831085769,726043849634.7772,469.5053378753505,107.95793802231636,-0.206286537273223,726043830214.2998,0.2062865377069188,0.2160392798690671,0.22676325952135454,0.0016555831413795701,0.5597453647969337,0.206286537273223
f__pymfe.statistical.var.min,39,47,18,5.1535937365657905,6589780.691468733,0.10977752349903161,0.41377973420591985,-0.20628625470852271,6589775.541523696,0.20628625482274154,0.20403709765411893,0.2824217010543366,0.05925772234203775,0.6257808645768289,0.20628625470852271
f__pymfe.statistical.var.quantiles.0,39,47,18,5.1535937365657905,6589780.691468733,0.10977752349903161,0.41377973420591985,-0.20628625470852271,6589775.541523696,0.20628625482274154,0.20403709765411893,0.2824217010543366,0.05925772234203775,0.6257808645768289,0.20628625470852271
f__pymfe.statistical.var.iq_range,39,47,18,20925.038786632704,726037067104.3622,469.0512450829803,7.955492929200912,-0.20628456831558412,726037048088.1667,0.2062845688579324,0.23622476813966176,0.15339758482494723,0.0066615777120254994,0.48345993050299996,0.20628456831558412
f__pymfe.statistical.min.mean,39,47,18,49.58187097061183,2693288294499.2534,0.8842857142857143,1.0333333333333334,-0.20628424925303854,2693288294489.6577,0.20628424925610117,0.12438625204582651,0.8440489228095662,0.535410296719501,1.0,0.20628424925303854
f__pymfe.statistical.var.mean,39,47,18,6605741144.698709,1.0581830756224667e+35,2910.5976321531366,205.6345543309667,-0.2062842492517587,1.0581830756224682e+35,0.20628424925175898,0.2956901254773595,0.037572575492766144,0.056563338997279194,0.2283259634961865,0.2062842492517587
f__pymfe.statistical.var.max,39,47,18,90063329090.81288,5.2909153781123334e+35,23566.598058474046,243.4918376597972,-0.20628424925175867,5.290915378112341e+35,0.20628424925175895,0.33006001091107473,0.014322510662184113,0.0019418076699384368,0.1357672312474494,0.20628424925175867
f__pymfe.statistical.var.quantiles.4,39,47,18,90063329090.81288,5.2909153781123334e+35,23566.598058474046,243.4918376597972,-0.20628424925175867,5.290915378112341e+35,0.20628424925175895,0.33006001091107473,0.014322510662184113,0.0019418076699384368,0.1357672312474494,0.20628424925175867
f__pymfe.statistical.var.range,39,47,18,90063329085.65929,5.2909153781123334e+35,23562.656301282048,127.13241746343058,-0.20628424925175867,5.290915378112341e+35,0.20628424925175895,0.33006001091107473,0.014322510662184113,0.00040391818346333054,0.1357672312474494,0.20628424925175867
f__pymfe.statistical.median.mean,39,47,18,2454.5635561781437,4.406627722521751e+16,37.969036177777774,13.6425411518321,-0.20628424925175054,4.406627722521575e+16,0.2062842492517538,0.2236770321876705,0.19754865497365404,0.9501183143849905,0.5261864721489533,0.20628424925175054
f__pymfe.statistical.t_mean.mean,39,47,18,2601.6431493674568,4.2683694603210424e+16,45.0972500270597,13.819198646577252,-0.20628424925174965,4.268369460320857e+16,0.20628424925175323,0.2918712493180578,0.04128167816364467,0.7852849997807163,0.23763703766785543,0.20628424925174965
f__pymfe.statistical.mean.mean,39,47,18,3649.4008295824797,4.102702336300961e+16,61.89090454878004,16.53877640036731,-0.20628424925174504,4.10270233630072e+16,0.2062842492517513,0.31260229132569556,0.02369892163479338,0.31391214337228046,0.1782425937039389,0.20628424925174504
f__pymfe.statistical.iq_range.mean,39,47,18,3445.5971544920744,3.7751755686168504e+16,31.093346874999998,12.507291666666667,-0.2062842492517431,3.775175568616618e+16,0.20628424925174924,0.28314238952536824,0.05185900450244416,0.17210159218662027,0.25720781799664255,0.2062842492517431
f__pymfe.statistical.mad.mean,39,47,18,2392.1941582654936,2.5139943545317196e+16,16.32904129808,7.094718147061779,-0.206284249251742,2.513994354531554e+16,0.20628424925174801,0.23186033824331698,0.16806539026471098,0.68857093987917,0.49583932818428544,0.206284249251742
f__pymfe.statistical.median.range,39,47,18,32723.294227376897,2.203313861260858e+17,207.8,30.933999999999997,-0.206284249251732,2.203313861260642e+17,0.2062842492517424,0.31751227495908346,0.020497828916055547,0.6079431058572607,0.16337075583841287,0.206284249251732
f__pymfe.statistical.median.max,39,47,18,32724.15013913654,2.203313861260858e+17,208.1,37.97,-0.206284249251732,2.203313861260642e+17,0.2062842492517424,0.29132569558101473,0.042127914293177866,0.6085690298913742,0.23763703766785543,0.206284249251732
f__pymfe.statistical.median.quantiles.4,39,47,18,32724.15013913654,2.203313861260858e+17,208.1,37.97,-0.206284249251732,2.203313861260642e+17,0.2062842492517424,0.29132569558101473,0.042127914293177866,0.6085690298913742,0.23763703766785543,0.206284249251732
f__pymfe.statistical.t_mean.max,39,47,18,34600.86359277356,2.134184730160363e+17,223.58924533476193,38.59272516054473,-0.20628424925172936,2.1341847301601376e+17,0.20628424925174102,0.29623567921440264,0.036708717087055774,0.6546177169077639,0.22705546244580443,0.20628424925172936
f__pymfe.statistical.t_mean.quantiles.4,39,47,18,34600.86359277356,2.134184730160363e+17,223.58924533476193,38.59272516054473,-0.20628424925172936,2.1341847301601376e+17,0.20628424925174102,0.29623567921440264,0.036708717087055774,0.6546177169077639,0.22705546244580443,0.20628424925172936
f__pymfe.statistical.t_mean.range,39,47,18,34599.927691332174,2.1341847301603626e+17,223.07292477081523,31.227045833333335,-0.20628424925172933,2.134184730160138e+17,0.20628424925174108,0.31751227495908346,0.020497828916055547,0.6539746228120868,0.16337075583841287,0.20628424925172933
f__pymfe.statistical.sd.mean,39,47,18,5204.342446673287,2.1220047010678908e+16,25.728664662950575,9.752398154195468,-0.20628424925171646,2.122004701067625e+16,0.2062842492517412,0.2662302236770322,0.07826302020395602,0.871382561274408,0.326503537413379,0.20628424925171646
f__pymfe.statistical.mean.max,39,47,18,47696.237425405,2.0513511681498125e+17,439.9136052971372,38.03915852204139,-0.20628424925171548,2.051351168149548e+17,0.20628424925173688,0.3513366066557556,0.007472612430547775,0.3183015027332258,0.098188107996023,0.20628424925171548
f__pymfe.statistical.mean.quantiles.4,39,47,18,47696.237425405,2.0513511681498125e+17,439.9136052971372,38.03915852204139,-0.20628424925171548,2.051351168149548e+17,0.20628424925173688,0.3513366066557556,0.007472612430547775,0.3183015027332258,0.098188107996023,0.20628424925171548
f__pymfe.statistical.mean.range,39,47,18,47695.06385168475,2.051351168149811e+17,433.5364547876764,31.202980000000004,-0.20628424925171537,2.0513511681495498e+17,0.20628424925173705,0.3513366066557556,0.007472612430547775,0.26444427011974236,0.098188107996023,0.20628424925171537
f__pymfe.statistical.iq_range.max,39,47,18,45697.44095240194,1.8875877843077578e+17,193.38297161,20.6,-0.20628424925171204,1.8875877843074675e+17,0.20628424925173025,0.3131478450627387,0.023245967693142005,0.6473494060491837,0.17649308172707817,0.20628424925171204
f__pymfe.statistical.iq_range.quantiles.4,39,47,18,45697.44095240194,1.8875877843077578e+17,193.38297161,20.6,-0.20628424925171204,1.8875877843074675e+17,0.20628424925173025,0.3131478450627387,0.023245967693142005,0.6473494060491837,0.17649308172707817,0.20628424925171204
f__pymfe.statistical.iq_range.range,39,47,18,45696.32042908487,1.8875877843077568e+17,193.30913107,9.0,-0.20628424925171193,1.8875877843074688e+17,0.2062842492517304,0.3131478450627387,0.023245967693142005,0.5428041537094987,0.17649308172707817,0.20628424925171193
f__pymfe.statistical.mad.range,39,47,18,31929.55850028335,1.2569971772658272e+17,113.27064,7.561259999999999,-0.20628424925170982,1.2569971772656178e+17,0.20628424925172786,0.3087834151663939,0.026304236668356056,0.8589121975446941,0.19051950585280425,0.20628424925170982
f__pymfe.statistical.mad.max,39,47,18,31930.22857162222,1.2569971772658272e+17,113.27064,15.493170000000001,-0.20628424925170982,1.2569971772656176e+17,0.20628424925172784,0.287506819421713,0.046325266419325876,0.8591773639093261,0.24820427024668917,0.20628424925170982
f__pymfe.statistical.mad.quantiles.4,39,47,18,31930.22857162222,1.2569971772658272e+17,113.27064,15.493170000000001,-0.20628424925170982,1.2569971772656176e+17,0.20628424925172784,0.287506819421713,0.046325266419325876,0.8591773639093261,0.24820427024668917,0.20628424925170982
f__pymfe.statistical.sd.max,39,47,18,75321.54400642519,1.0610023505326906e+17,153.5118854740735,15.603782486802382,-0.20628424925161826,1.0610023505326296e+17,0.20628424925175287,0.33006001091107473,0.014322510662184113,0.043245514141861834,0.1357672312474494,0.20628424925161826
f__pymfe.statistical.sd.quantiles.4,39,47,18,75321.54400642519,1.0610023505326906e+17,153.5118854740735,15.603782486802382,-0.20628424925161826,1.0610023505326296e+17,0.20628424925175287,0.33006001091107473,0.014322510662184113,0.043245514141861834,0.1357672312474494,0.20628424925161826
f__pymfe.statistical.sd.range,39,47,18,75320.37485232377,1.0610023505326869e+17,145.8532842214525,9.146661510784257,-0.20628424925161754,1.0610023505326334e+17,0.2062842492517536,0.33006001091107473,0.014322510662184113,0.019558920496885394,0.1357672312474494,0.20628424925161754
f__pymfe.statistical.max.mean,39,47,18,89347.11151235628,7.847209859406462e+16,287.62516666666664,52.58610583333334,-0.2062842492515474,7.84720985940759e+16,0.20628424925181194,0.3769776322967812,0.003214527245171227,0.2096303631041862,0.07573048009947508,0.2062842492515474
f__pymfe.statistical.range.mean,39,47,18,89297.52964138564,7.846940530577011e+16,240.87795389666672,53.15213333333334,-0.20628424925154737,7.846940530578149e+16,0.20628424925181202,0.32569558101472995,0.016309548274020487,0.20965656684681605,0.1443530184253084,0.20628424925154737
f__pymfe.statistical.range.max,39,47,18,1540912.2622363789,3.923470265282873e+17,825.6,100.0,-0.20628424925096933,3.923470265285498e+17,0.20628424925191752,0.31751227495908346,0.020497828916055547,0.013268079150962014,0.16337075583841287,0.20628424925096933
f__pymfe.statistical.range.quantiles.4,39,47,18,1540912.2622363789,3.923470265282873e+17,825.6,100.0,-0.20628424925096933,3.923470265285498e+17,0.20628424925191752,0.31751227495908346,0.020497828916055547,0.013268079150962014,0.16337075583841287,0.20628424925096933
f__pymfe.statistical.max.max,39,47,18,1541810.8622051652,3.9236049296975974e+17,1345.8,100.0,-0.2062842492509691,3.923604929700224e+17,0.20628424925191782,0.3769776322967812,0.003214527245171227,0.013267501968573191,0.07573048009947508,0.2062842492509691
f__pymfe.statistical.max.quantiles.4,39,47,18,1541810.8622051652,3.9236049296975974e+17,1345.8,100.0,-0.2062842492509691,3.923604929700224e+17,0.20628424925191782,0.3769776322967812,0.003214527245171227,0.013267501968573191,0.07573048009947508,0.2062842492509691
f__pymfe.statistical.range.range,39,47,18,1540902.4821706952,3.92347026528285e+17,816.8,56.8,-0.20628424925096808,3.923470265285521e+17,0.2062842492519187,0.33878887070376434,0.010971617745756305,0.010134827735913838,0.11339697824968775,0.20628424925096808
f__pymfe.statistical.max.range,39,47,18,1541801.2206512038,3.9236049296975744e+17,1328.8,64.4,-0.20628424925096783,3.923604929700247e+17,0.20628424925191896,0.3769776322967812,0.003214527245171227,0.010134628748636434,0.07573048009947508,0.20628424925096783
f__pymfe.statistical.min.max,39,47,18,1166.0350680593258,13466441472599.152,2.2,5.0,-0.2062842492405856,13466441472041.525,0.20628424924990546,0.11565739225313694,0.8959229111682974,0.5030558859743305,1.0,0.2062842492405856
f__pymfe.statistical.min.quantiles.4,39,47,18,1166.0350680593258,13466441472599.152,2.2,5.0,-0.2062842492405856,13466441472041.525,0.20628424924990546,0.11565739225313694,0.8959229111682974,0.5030558859743305,1.0,0.2062842492405856
f__pymfe.statistical.min.range,39,47,18,1370.310392941023,13466441472635.117,11.052200000000001,8.504100556662612,-0.20628424923801936,13466441472204.307,0.20628424925241098,0.14839061647572285,0.6618984987669543,0.48322834018377714,0.9342391145591725,0.20628424923801936
f__pymfe.statistical.iq_range.iq_range,39,47,18,37.0255438429927,66829.68675885387,15.4555,2.6875,-0.20627946334050828,66805.43578129685,0.20631891573886973,0.25859247135842883,0.0917036707385062,0.5056585822818529,0.35314730894972823,0.20627946334050828
f__pymfe.statistical.mean.iq_range,39,47,18,74.93580614795157,66917.33713191467,19.480461304666015,4.490923154212218,-0.20625231203045039,66872.95525522203,0.2063465907886455,0.18985270049099837,0.36608249083457384,0.6757686765016677,0.7312040027427197,0.20625231203045039
f__pymfe.statistical.mean.median,39,47,18,20.272923895095776,193.80408452954777,6.2496255801137846,3.6599275137192158,-0.20623553930672164,178.56400793653737,0.21221689720117168,0.11402073104200763,0.9026359766551468,0.9959016711617301,1.0,0.20623553930672164
f__pymfe.statistical.mean.quantiles.2,39,47,18,20.272923895095776,193.80408452954777,6.2496255801137846,3.6599275137192158,-0.20623553930672164,178.56400793653737,0.21221689720117168,0.11402073104200763,0.9026359766551468,0.9959016711617301,1.0,0.20623553930672164
f__pymfe.model-based.leaves_branch.histogram.6,39,47,18,0.11801485405731998,0.10787161689777741,0.10865916898043267,0.10651417508845003,0.2061813584039729,0.013882164088135807,0.28218244375622664,0.15821058374249863,0.5900630044674823,0.6677959748537715,0.9019838783812205,0.2061813584039729
f__pymfe.statistical.t_mean.iq_range,39,47,18,63.00185567993258,16491.338693908536,14.808817036456244,4.489037441401773,-0.20595986717858947,16458.52805914097,0.20633837048725068,0.1685761047463175,0.5096392939784742,0.9758783448327879,0.8615225198426961,0.20595986717858947
f__pymfe.statistical.sparsity.quantiles.1,46,58,0,0.08469889504399873,0.11692422618464157,0.00552161736920478,0.027651598103088787,-0.2056119051529585,0.03225752801760601,0.20581733550783926,0.3110944527736132,0.0104217878736565,0.9389620687809584,0.11093754319023626,0.2056119051529585
f__pymfe.statistical.mean.min,39,47,18,1.1735737202472303,171.97805667487097,0.129413698365784,0.6744733102022783,-0.20527448004084406,183.0134083722271,0.21994728472139669,0.23295144571740317,0.1616361392492612,0.17541593771223754,0.4858181896384924,0.20527448004084406
f__pymfe.statistical.mean.quantiles.0,39,47,18,1.1735737202472303,171.97805667487097,0.129413698365784,0.6744733102022783,-0.20527448004084406,183.0134083722271,0.21994728472139669,0.23295144571740317,0.1616361392492612,0.17541593771223754,0.4858181896384924,0.20527448004084406
f__pymfe.statistical.median.quantiles.3,39,47,18,64.60821208790779,2457.1495270077194,16.0,18.240000000000002,-0.2051571852466731,2404.2559753751225,0.2061617015533069,0.10911074740861974,0.9267233021236654,0.7690383565924239,1.0,0.2051571852466731
f__pymfe.landmarking.best_node.mean.relative,46,58,0,3.0315217391304343,3.368965517241379,3.0,3.3,-0.20506900303685183,0.4202773613193403,0.255408056320362,0.19940029985007496,0.22052165521547512,0.9518867924528303,0.554592922535622,0.20506900303685183
f__pymfe.relative.best_node.mean.relative,46,58,0,3.0315217391304343,3.368965517241379,3.0,3.3,-0.20506900303685183,0.4202773613193403,0.255408056320362,0.19940029985007496,0.22052165521547512,0.9518867924528303,0.554592922535622,0.20506900303685183
f__pymfe.landmarking.best_node.median.relative,46,58,0,3.0467391304347826,3.3801724137931033,3.0,3.3499999999999996,-0.20495778850455737,0.40607196401799106,0.24960799018192176,0.19940029985007496,0.22052165521547512,0.9861248761149652,0.554592922535622,0.20495778850455737
f__pymfe.landmarking.best_node.quantiles.2.relative,46,58,0,3.0467391304347826,3.3801724137931033,3.0,3.3499999999999996,-0.20495778850455737,0.40607196401799106,0.24960799018192176,0.19940029985007496,0.22052165521547512,0.9861248761149652,0.554592922535622,0.20495778850455737
f__pymfe.relative.best_node.median.relative,46,58,0,3.0467391304347826,3.3801724137931033,3.0,3.3499999999999996,-0.20495778850455737,0.40607196401799106,0.24960799018192176,0.19940029985007496,0.22052165521547512,0.9861248761149652,0.554592922535622,0.20495778850455737
f__pymfe.relative.best_node.quantiles.2.relative,46,58,0,3.0467391304347826,3.3801724137931033,3.0,3.3499999999999996,-0.20495778850455737,0.40607196401799106,0.24960799018192176,0.19940029985007496,0.22052165521547512,0.9861248761149652,0.554592922535622,0.20495778850455737
f__pymfe.statistical.cov.histogram.7,38,44,22,0.011920927018184651,0.01851846635710737,0.0,0.00200541985550578,-0.2048281655559607,0.007155753055031171,0.2221585497469461,0.2595693779904306,0.10265085622838828,0.9310924369747904,0.3797844611498338,0.2048281655559607
f__pymfe.statistical.median.iq_range,39,47,18,58.46243115373303,2443.756266245619,14.5,4.426583550654203,-0.20451392401137472,2407.32297997526,0.2064026920937105,0.19421713038734315,0.33953436877606163,0.7174068200687567,0.700945952035117,0.20451392401137472
f__pymfe.landmarking.linear_discr.quantiles.1.relative,46,58,0,5.230434782608696,4.93103448275862,5.4,5.15,0.2038934448324786,0.299400299850075,0.20389344483247804,0.12293853073463268,0.7764646283152684,1.0,0.9992603581404673,0.2038934448324786
f__pymfe.relative.linear_discr.quantiles.1.relative,46,58,0,5.230434782608696,4.93103448275862,5.4,5.15,0.2038934448324786,0.299400299850075,0.20389344483247804,0.12293853073463268,0.7764646283152684,1.0,0.9992603581404673,0.2038934448324786
f__pymfe.statistical.cor.median,38,40,26,0.2659714126279729,0.21998780932648368,0.19581109445775102,0.14803783355752273,0.20345219316533075,0.055438305931162966,0.24528406034462255,0.2,0.34618393456878194,0.9651338183005818,0.7082843718763585,0.20345219316533075
f__pymfe.statistical.cor.quantiles.2,38,40,26,0.2659714126279729,0.21998780932648368,0.19581109445775102,0.14803783355752273,0.20345219316533075,0.055438305931162966,0.24528406034462255,0.2,0.34618393456878194,0.9651338183005818,0.7082843718763585,0.20345219316533075
f__pymfe.statistical.median.quantiles.1,39,47,18,6.145780934174786,13.393260762100454,1.0,2.0,-0.20341367839710306,11.289647961872866,0.3168644652013056,0.2073104200763775,0.26829203532429496,0.3246850362035174,0.6087873096168845,0.20341367839710306
f__pymfe.info-theory.joint_ent.median,17,36,51,2.7059338939790325,3.0647839983043528,2.2817520290403843,2.454819596118106,-0.20335345081803102,0.5057672353429585,0.28660856267843315,0.3006535947712418,0.19598113136478987,0.9920941047735783,0.5261864721489533,0.20335345081803102
f__pymfe.info-theory.joint_ent.quantiles.2,17,36,51,2.7059338939790325,3.0647839983043528,2.2817520290403843,2.454819596118106,-0.20335345081803102,0.5057672353429585,0.28660856267843315,0.3006535947712418,0.19598113136478987,0.9920941047735783,0.5261864721489533,0.20335345081803102
f__pymfe.model-based.leaves_branch.histogram.1,39,47,18,0.07017874585836972,0.06136191986083475,0.07197512178172573,0.05980960863795206,0.20302972391480462,0.009870213505101304,0.22728663619778383,0.2236770321876705,0.19754865497365404,0.9009043121851886,0.5261864721489533,0.20302972391480462
f__pymfe.statistical.sd.histogram.5,39,47,18,0.0648216340919425,0.1051854113081422,0.0,0.00294117647058823,-0.2006816902774706,0.04043651771447204,0.2010433434019225,0.15602836879432624,0.605717023805685,0.36303191489361836,0.9034996947269157,0.2006816902774706
f__pymfe.model-based.leaves_branch.skewness,39,46,19,0.18912731009406583,0.11048859831543423,0.15580206672514443,0.17172494567184474,0.20066478051986428,0.10408500336580566,0.2655968527892913,0.13377926421404682,0.7794427586237398,0.6732567694135767,0.9992603581404673,0.20066478051986428
f__pymfe.landmarking.worst_node.histogram.6,39,47,18,0.04589743589743591,0.0572340425531915,0.04,0.030000000000000006,-0.19982741087871275,0.013518821603927984,0.2382927450228346,0.1276595744680851,0.8182888819181918,0.5550000000000002,1.0,0.19982741087871275
f__pymfe.relative.worst_node.histogram.6,39,47,18,0.04589743589743591,0.0572340425531915,0.04,0.030000000000000006,-0.19982741087871275,0.013518821603927984,0.2382927450228346,0.1276595744680851,0.8182888819181918,0.5550000000000002,1.0,0.19982741087871275
f__pymfe.model-based.leaves_branch.histogram.2,39,47,18,0.12729076038076304,0.11495659453296955,0.11442312418433424,0.11348729298251439,0.19981871139528748,0.014585754755707381,0.23629540545982888,0.14020731042007636,0.7262192501335131,0.7599356756870885,0.9816732130859414,0.19981871139528748
f__pymfe.landmarking.elite_nn.histogram.2.relative,46,58,0,4.203260869565217,3.96896551724138,4.425000000000001,4.175,0.19827863324751982,0.2462143928035982,0.20836543621867867,0.17391304347826086,0.3665148652948838,0.9684563758389263,0.7312040027427197,0.19827863324751982
f__pymfe.relative.elite_nn.histogram.2.relative,46,58,0,4.203260869565217,3.96896551724138,4.425000000000001,4.175,0.19827863324751982,0.2462143928035982,0.20836543621867867,0.17391304347826086,0.3665148652948838,0.9684563758389263,0.7312040027427197,0.19827863324751982
f__pymfe.landmarking.random_node.histogram.2,39,47,18,0.04974358974358976,0.0397872340425532,0.04,0.02,0.19754449514473132,0.012084015275504638,0.2397594831482629,0.15984724495362793,0.5772278257324267,0.8106060606060602,0.8897924350523407,0.19754449514473132
f__pymfe.relative.random_node.histogram.2,39,47,18,0.04974358974358976,0.0397872340425532,0.04,0.02,0.19754449514473132,0.012084015275504638,0.2397594831482629,0.15984724495362793,0.5772278257324267,0.8106060606060602,0.8897924350523407,0.19754449514473132
f__pymfe.model-based.nodes_repeated.iq_range,39,47,18,24.122435897435896,76.65212765957448,3.375,3.2,-0.19721223450374234,53.53329241680305,0.20098005268459168,0.2673213311511184,0.07426833918951257,0.4370746131688321,0.31146041722931717,0.19721223450374234
f__pymfe.statistical.kurtosis.histogram.8,39,42,23,0.015863408050441452,0.022168431658881098,0.00129870129870129,0.0,-0.19450859160745537,0.006834229842622607,0.21083448753955436,0.1336996336996337,0.8064065035207453,0.8156565656565664,1.0,0.19450859160745537
f__pymfe.landmarking.naive_bayes.histogram.0,39,47,18,0.15256410256410255,0.14361702127659576,0.15,0.14,0.19403670196820208,0.009939989088925263,0.21557004328418622,0.15657392253136934,0.6001965133298259,0.8529411764705873,0.9019838783812205,0.19403670196820208
f__pymfe.relative.naive_bayes.histogram.0,39,47,18,0.15256410256410255,0.14361702127659576,0.15,0.14,0.19403670196820208,0.009939989088925263,0.21557004328418622,0.15657392253136934,0.6001965133298259,0.8529411764705873,0.9019838783812205,0.19403670196820208
f__pymfe.info-theory.joint_ent.histogram.8,17,36,51,0.05990960020371784,0.04328811075374373,0.0,0.0,0.1939321994538264,0.01989259924069173,0.23209806408816588,0.1830065359477124,0.7591849347053062,0.8035714285714287,0.9937630606310162,0.1939321994538264
f__pymfe.statistical.t_mean.median,39,47,18,18.726518708911637,47.04974242827239,4.469978914558123,2.53684139310825,-0.1938481077164425,33.525846962094796,0.229455589433864,0.1303873431533006,0.8008070343899413,0.9950631082456327,1.0,0.1938481077164425
f__pymfe.statistical.t_mean.quantiles.2,39,47,18,18.726518708911637,47.04974242827239,4.469978914558123,2.53684139310825,-0.1938481077164425,33.525846962094796,0.229455589433864,0.1303873431533006,0.8008070343899413,0.9950631082456327,1.0,0.1938481077164425
f__pymfe.info-theory.mut_inf.histogram.7,17,36,51,0.0329418019201301,0.022329072009332897,0.0,0.0,0.19354673388729593,0.018721644449135152,0.34143082567689165,0.20915032679738563,0.6142573905079206,0.6094858156028369,0.9085519594572714,0.19354673388729593
f__pymfe.statistical.kurtosis.histogram.3,39,42,23,0.061739000598183824,0.04788997589252205,0.033333333333333284,0.011269841269841256,0.1928977891041208,0.014095099632587767,0.19632527301485256,0.19047619047619047,0.3906289137000676,0.7570979805534775,0.765957796508578,0.1928977891041208
f__pymfe.model-based.nodes_repeated.mean,39,47,18,30.176909114878427,64.96489995930197,6.509150326797385,8.16842105263158,-0.19248828575074103,35.815566277143986,0.19817404766807925,0.14402618657937807,0.6967737621460607,0.863866454698288,0.9647636706637762,0.19248828575074103
f__pymfe.landmarking.worst_node.mean.relative,46,58,0,2.648913043478261,3.0534482758620687,2.0,2.0,-0.1922942931060119,0.4280734632683658,0.20348310215544918,0.12668665667166418,0.7472114676880524,1.0,0.9910233605219535,0.1922942931060119
f__pymfe.relative.worst_node.mean.relative,46,58,0,2.648913043478261,3.0534482758620687,2.0,2.0,-0.1922942931060119,0.4280734632683658,0.20348310215544918,0.12668665667166418,0.7472114676880524,1.0,0.9910233605219535,0.1922942931060119
f__pymfe.landmarking.random_node.median,39,47,18,0.4443975359205945,0.4856838798788302,0.5,0.5,-0.1918956909576489,0.052101890882914864,0.24216550540999332,0.2204037097654119,0.20798614805598323,0.7958808124152128,0.5391485585528886,0.1918956909576489
f__pymfe.landmarking.random_node.quantiles.2,39,47,18,0.4443975359205945,0.4856838798788302,0.5,0.5,-0.1918956909576489,0.052101890882914864,0.24216550540999332,0.2204037097654119,0.20798614805598323,0.7958808124152128,0.5391485585528886,0.1918956909576489
f__pymfe.relative.random_node.median,39,47,18,0.4443975359205945,0.4856838798788302,0.5,0.5,-0.1918956909576489,0.052101890882914864,0.24216550540999332,0.2204037097654119,0.20798614805598323,0.7958808124152128,0.5391485585528886,0.1918956909576489
f__pymfe.relative.random_node.quantiles.2,39,47,18,0.4443975359205945,0.4856838798788302,0.5,0.5,-0.1918956909576489,0.052101890882914864,0.24216550540999332,0.2204037097654119,0.20798614805598323,0.7958808124152128,0.5391485585528886,0.1918956909576489
f__pymfe.landmarking.random_node.kurtosis,29,40,35,-0.42739592307936625,-0.1411743730125885,-0.9177667813520193,-0.9497523210029692,-0.19061626312474095,0.3359168454018157,0.2237120642250957,0.12758620689655173,0.9016411820131787,0.8575337172769012,1.0,0.19061626312474095
f__pymfe.relative.random_node.kurtosis,29,40,35,-0.42739592307936625,-0.1411743730125885,-0.9177667813520193,-0.9497523210029692,-0.19061626312474095,0.3359168454018157,0.2237120642250957,0.12758620689655173,0.9016411820131787,0.8575337172769012,1.0,0.19061626312474095
f__pymfe.landmarking.worst_node.histogram.0,39,47,18,0.1535897435897436,0.18340425531914895,0.13,0.15,-0.1905894591918962,0.0400709219858156,0.25615362813622633,0.23295144571740317,0.1616361392492612,0.8780068728522341,0.4858181896384924,0.1905894591918962
f__pymfe.relative.worst_node.histogram.0,39,47,18,0.1535897435897436,0.18340425531914895,0.13,0.15,-0.1905894591918962,0.0400709219858156,0.25615362813622633,0.23295144571740317,0.1616361392492612,0.8780068728522341,0.4858181896384924,0.1905894591918962
f__pymfe.landmarking.linear_discr.quantiles.3.relative,46,58,0,5.1673913043478255,4.881896551724139,5.35,5.175,0.19037219364066463,0.28909295352323844,0.19277152810167433,0.13118440779610194,0.7095840485444143,1.0,0.9732479843905408,0.19037219364066463
f__pymfe.relative.linear_discr.quantiles.3.relative,46,58,0,5.1673913043478255,4.881896551724139,5.35,5.175,0.19037219364066463,0.28909295352323844,0.19277152810167433,0.13118440779610194,0.7095840485444143,1.0,0.9732479843905408,0.19037219364066463
f__pymfe.model-based.leaves_homo.histogram.5,39,47,18,0.05625643023946535,0.0774556838636654,0.04248586592591023,0.04001262365489944,-0.19011187115552772,0.026839097691016903,0.24068918522398058,0.16530278232405893,0.5320434275482114,0.8952581181239518,0.882332889163804,0.19011187115552772
f__pymfe.statistical.min.min,39,47,18,-204.27532488169746,-35.96701438519431,0.0,0.0,-0.18945428123900251,189.04065748059642,0.21279140514382955,0.23786142935079105,0.14437085275535763,0.14491137442004098,0.4653563503301467,0.18945428123900251
f__pymfe.statistical.min.quantiles.0,39,47,18,-204.27532488169746,-35.96701438519431,0.0,0.0,-0.18945428123900251,189.04065748059642,0.21279140514382955,0.23786142935079105,0.14437085275535763,0.14491137442004098,0.4653563503301467,0.18945428123900251
f__pymfe.landmarking.best_node.histogram.7.relative,46,58,0,3.446739130434783,3.194827586206897,3.6,3.625,0.18945287441959127,0.28317091454272864,0.21296183101324387,0.1664167916041979,0.4199066652488035,0.8360110803324099,0.795142408662628,0.18945287441959127
f__pymfe.relative.best_node.histogram.7.relative,46,58,0,3.446739130434783,3.194827586206897,3.6,3.625,0.18945287441959127,0.28317091454272864,0.21296183101324387,0.1664167916041979,0.4199066652488035,0.8360110803324099,0.795142408662628,0.18945287441959127
f__pymfe.model-based.nodes_per_attr,39,47,18,29.897550444781334,64.14263118257045,6.472222222222223,8.16842105263158,-0.18939711089848932,35.36401300663415,0.195585519114928,0.11838516093835243,0.8783953212572448,0.9124424975012253,1.0,0.18939711089848932
f__pymfe.statistical.cor.skewness,37,38,29,1.0808530334380004,0.8658928600208189,0.9227863867146369,0.7900031875461513,0.18921625405554615,0.3090907265473452,0.27207360559340327,0.17923186344238975,0.4914067082669015,0.6399812356945276,0.8527760974137782,0.18921625405554615
f__pymfe.general.freq_class.histogram.4,46,58,0,0.03202898550724637,0.011089145276985565,0.0,0.0,0.18904868151334403,0.02318871579247969,0.2093519386179836,0.043478260869565216,0.9999999565462736,0.5245033112582773,1.0,0.18904868151334403
f__pymfe.statistical.p_trace,39,47,18,1.484825203475709,1.1131417113982807,0.5003405099585254,0.49113249467751563,0.18880413555837286,0.5886360506162104,0.29900956879714313,0.18003273322422259,0.43270389661297853,0.5411386370552159,0.8075162691132229,0.18880413555837286
f__pymfe.statistical.g_mean.histogram.6,29,33,42,0.021740403342036727,0.03256885732461768,0.0,0.0,-0.18854697539729204,0.011357231403431818,0.1977541423225236,0.10867293625914315,0.9790587409631276,0.8221354166666671,1.0,0.18854697539729204
f__pymfe.statistical.h_mean.histogram.8,29,33,42,0.010258873847803062,0.01698876852793903,0.0,0.0,-0.18847303672488042,0.008295933477183316,0.23233049686904553,0.11285266457680251,0.969932824518707,0.677211416648035,1.0,0.18847303672488042
f__pymfe.landmarking.naive_bayes.histogram.2,39,47,18,0.07410256410256409,0.0648936170212766,0.07,0.06000000000000001,0.1879764540273491,0.016803055100927444,0.34299021232478477,0.19530823786142934,0.3300377241435646,0.724550898203593,0.6920424529816629,0.1879764540273491
f__pymfe.relative.naive_bayes.histogram.2,39,47,18,0.07410256410256409,0.0648936170212766,0.07,0.06000000000000001,0.1879764540273491,0.016803055100927444,0.34299021232478477,0.19530823786142934,0.3300377241435646,0.724550898203593,0.6920424529816629,0.1879764540273491
f__pymfe.statistical.iq_range.histogram.5,39,47,18,0.07455133825074217,0.11872269296523297,0.0,0.02,-0.187913958123611,0.04417135471449077,0.1879139581236109,0.24168030551009276,0.13385403471206306,0.3196721311475434,0.443963071653675,0.187913958123611
f__pymfe.landmarking.worst_node.kurtosis.relative,46,58,0,5.477173913043479,5.162068965517241,6.0,5.3,0.18738373542388295,0.3187031484257872,0.18952348070765704,0.1664167916041979,0.4199066652488035,0.9588299024918743,0.795142408662628,0.18738373542388295
f__pymfe.relative.worst_node.kurtosis.relative,46,58,0,5.477173913043479,5.162068965517241,6.0,5.3,0.18738373542388295,0.3187031484257872,0.18952348070765704,0.1664167916041979,0.4199066652488035,0.9588299024918743,0.795142408662628,0.18738373542388295
f__pymfe.landmarking.naive_bayes.histogram.1,39,47,18,0.058205128205128215,0.05106382978723403,0.06000000000000001,0.05,0.18729968642071074,0.011211129296235684,0.2940419064893504,0.18166939443535188,0.41808942821613204,0.8615384615384618,0.795142408662628,0.18729968642071074
f__pymfe.relative.naive_bayes.histogram.1,39,47,18,0.058205128205128215,0.05106382978723403,0.06000000000000001,0.05,0.18729968642071074,0.011211129296235684,0.2940419064893504,0.18166939443535188,0.41808942821613204,0.8615384615384618,0.795142408662628,0.18729968642071074
f__pymfe.statistical.t_mean.min,39,47,18,0.9359014413889067,28.260012118687964,0.06330755157083329,0.3398585919284732,-0.18725830938958968,40.83184439970434,0.27982986315085534,0.2160392798690671,0.22676325952135454,0.15495376384721518,0.5597453647969337,0.18725830938958968
f__pymfe.statistical.t_mean.quantiles.0,39,47,18,0.9359014413889067,28.260012118687964,0.06330755157083329,0.3398585919284732,-0.18725830938958968,40.83184439970434,0.27982986315085534,0.2160392798690671,0.22676325952135454,0.15495376384721518,0.5597453647969337,0.18725830938958968
f__pymfe.statistical.kurtosis.histogram.1,39,42,23,0.11432186193722466,0.09569185365060055,0.09583333333333331,0.07155765920826158,0.1869803267208002,0.026436349775309752,0.2653287772202324,0.2490842490842491,0.1320182775320544,0.8116149334859103,0.443963071653675,0.1869803267208002
f__pymfe.landmarking.naive_bayes.histogram.6.relative,46,58,0,4.3,4.15948275862069,4.275,4.0,0.18618800542007705,0.16143178410794604,0.21390017053728383,0.10794602698650675,0.8830882122745258,0.8678707224334603,1.0,0.18618800542007705
f__pymfe.relative.naive_bayes.histogram.6.relative,46,58,0,4.3,4.15948275862069,4.275,4.0,0.18618800542007705,0.16143178410794604,0.21390017053728383,0.10794602698650675,0.8830882122745258,0.8678707224334603,1.0,0.18618800542007705
f__pymfe.statistical.kurtosis.mean,39,42,23,58.14980856017966,160.51761387644584,4.39123938940614,2.8732137841429304,-0.18611062496676156,135.00577334776108,0.24544834945172228,0.22893772893772893,0.19838740897501111,0.5583080170347872,0.5261864721489533,0.18611062496676156
f__pymfe.statistical.gravity,46,58,0,33246.624278935844,1590632399749166.2,53.442075494506156,4.326826622715826,-0.1856953381732658,1590632399738216.2,0.18569533817586875,0.23163418290854573,0.10499967225908015,0.07163895996448749,0.3866884481817158,0.1856953381732658
f__pymfe.model-based.leaves_corrob.histogram.4,39,47,18,0.009139115164117041,0.01396405514034556,0.0025260576302593,0.00270453008789722,-0.18545881039195208,0.009072150411144862,0.34871111998017906,0.24168030551009276,0.13385403471206306,0.23517308718412844,0.443963071653675,0.18545881039195208
f__pymfe.model-based.tree_shape.range,39,47,18,0.3617590739735822,0.3788788295737792,0.37017822265625,0.37750244140625,-0.18458200227485397,0.02659910964262746,0.2867866242499426,0.21112929623567922,0.25107266076798984,0.9821094311633082,0.5924035105964474,0.18458200227485397
f__pymfe.landmarking.worst_node.median.relative,46,58,0,2.6978260869565216,3.085344827586207,2.0,2.025,-0.18390672332591132,0.38864317841079465,0.18444035343518447,0.15217391304347827,0.5298475596978304,1.0,0.8805143056389256,0.18390672332591132
f__pymfe.landmarking.worst_node.quantiles.2.relative,46,58,0,2.6978260869565216,3.085344827586207,2.0,2.025,-0.18390672332591132,0.38864317841079465,0.18444035343518447,0.15217391304347827,0.5298475596978304,1.0,0.8805143056389256,0.18390672332591132
f__pymfe.relative.worst_node.median.relative,46,58,0,2.6978260869565216,3.085344827586207,2.0,2.025,-0.18390672332591132,0.38864317841079465,0.18444035343518447,0.15217391304347827,0.5298475596978304,1.0,0.8805143056389256,0.18390672332591132
f__pymfe.relative.worst_node.quantiles.2.relative,46,58,0,2.6978260869565216,3.085344827586207,2.0,2.025,-0.18390672332591132,0.38864317841079465,0.18444035343518447,0.15217391304347827,0.5298475596978304,1.0,0.8805143056389256,0.18390672332591132
f__pymfe.info-theory.attr_conc.sd,16,34,54,0.12680636836748954,0.1000423086725274,0.0590213179995923,0.0594368036027043,0.18366469055374257,0.041511078626113355,0.28486408629002924,0.16911764705882354,0.8558654925161521,0.7456263089718493,1.0,0.18366469055374257
f__pymfe.landmarking.one_nn.quantiles.3,39,47,18,0.7370541303982584,0.7025960838885995,0.682587932900433,0.6818257704926503,0.18340864496776632,0.04304363412969135,0.22910685340221107,0.14184397163120568,0.7177292684049377,0.8181492575361381,0.978638009364789,0.18340864496776632
f__pymfe.relative.one_nn.quantiles.3,39,47,18,0.7370541303982584,0.7025960838885995,0.682587932900433,0.6818257704926503,0.18340864496776632,0.04304363412969135,0.22910685340221107,0.14184397163120568,0.7177292684049377,0.8181492575361381,0.978638009364789,0.18340864496776632
f__pymfe.landmarking.best_node.min.relative,46,58,0,3.3782608695652177,3.6655172413793102,3.4,4.0,-0.18276273647822025,0.3719640179910044,0.23665675845640133,0.15817091454272864,0.48174034355090317,0.9167492566897919,0.8452880945986275,0.18276273647822025
f__pymfe.landmarking.best_node.quantiles.0.relative,46,58,0,3.3782608695652177,3.6655172413793102,3.4,4.0,-0.18276273647822025,0.3719640179910044,0.23665675845640133,0.15817091454272864,0.48174034355090317,0.9167492566897919,0.8452880945986275,0.18276273647822025
f__pymfe.relative.best_node.min.relative,46,58,0,3.3782608695652177,3.6655172413793102,3.4,4.0,-0.18276273647822025,0.3719640179910044,0.23665675845640133,0.15817091454272864,0.48174034355090317,0.9167492566897919,0.8452880945986275,0.18276273647822025
f__pymfe.relative.best_node.quantiles.0.relative,46,58,0,3.3782608695652177,3.6655172413793102,3.4,4.0,-0.18276273647822025,0.3719640179910044,0.23665675845640133,0.15817091454272864,0.48174034355090317,0.9167492566897919,0.8452880945986275,0.18276273647822025
f__pymfe.model-based.nodes_repeated.quantiles.3,39,47,18,41.01987179487179,94.16436170212766,8.25,9.85,-0.1826912948988535,55.55090016366611,0.19096365213793284,0.16093835242771412,0.5661607773934147,0.8633923923384869,0.8897924350523407,0.1826912948988535
f__pymfe.info-theory.joint_ent.mean,17,36,51,2.742619718695558,3.049951942703359,2.2749010760603836,2.4526685272307223,-0.1826813154037834,0.45225014866235785,0.26882196397049163,0.21405228758169934,0.5802516807440892,0.9551851795387795,0.8929521542286559,0.1826813154037834
f__pymfe.landmarking.elite_nn.kurtosis.relative,46,58,0,3.1673913043478263,3.3586206896551727,3.1,3.3,-0.18241076640227857,0.23260869565217396,0.2218818534481656,0.15067466266866567,0.5399496694103216,0.826645264847512,0.8890024361719787,0.18241076640227857
f__pymfe.relative.elite_nn.kurtosis.relative,46,58,0,3.1673913043478263,3.3586206896551727,3.1,3.3,-0.18241076640227857,0.23260869565217396,0.2218818534481656,0.15067466266866567,0.5399496694103216,0.826645264847512,0.8890024361719787,0.18241076640227857
f__pymfe.general.freq_class.iq_range,46,58,0,0.16990613039904154,0.1455074319757323,0.14227242298371334,0.126795596841004,0.18228434834460935,0.032689944251292964,0.24422881425411438,0.12668665667166418,0.7472114676880524,0.8048745012447919,0.9910233605219535,0.18228434834460935
f__pymfe.model-based.tree_imbalance.histogram.9,39,47,18,0.11127077455404738,0.12307474640382943,0.10246503496503497,0.10105042016806717,-0.18197446804715797,0.01569666793711141,0.24198573448999466,0.127114020731042,0.8227577912277843,0.7744478893851475,1.0,0.18197446804715797
f__pymfe.model-based.tree_depth.quantiles.1,39,47,18,6.261538461538461,5.74255319148936,6.0,5.05,0.1819018073006202,1.208837970540098,0.4236918160587763,0.2755046372067649,0.061292970990212185,0.655593551538838,0.2697564272701097,0.1819018073006202
f__pymfe.landmarking.best_node.quantiles.3.relative,46,58,0,2.9586956521739127,3.2508620689655174,3.0,3.275,-0.18179248223991173,0.3645052473763117,0.22680332133202535,0.20389805097451275,0.20022972292504862,0.9569377990430623,0.5288480560963227,0.18179248223991173
f__pymfe.relative.best_node.quantiles.3.relative,46,58,0,2.9586956521739127,3.2508620689655174,3.0,3.275,-0.18179248223991173,0.3645052473763117,0.22680332133202535,0.20389805097451275,0.20022972292504862,0.9569377990430623,0.5288480560963227,0.18179248223991173
f__pymfe.landmarking.one_nn.histogram.0,39,47,18,0.14512820512820512,0.15042553191489363,0.15,0.15,-0.18135241377315975,0.005973813420621933,0.20451173334872208,0.1336606655755592,0.7793612170344875,0.9381443298969072,0.9992603581404673,0.18135241377315975
f__pymfe.relative.one_nn.histogram.0,39,47,18,0.14512820512820512,0.15042553191489363,0.15,0.15,-0.18135241377315975,0.005973813420621933,0.20451173334872208,0.1336606655755592,0.7793612170344875,0.9381443298969072,0.9992603581404673,0.18135241377315975
f__pymfe.landmarking.worst_node.quantiles.3.relative,46,58,0,2.6956521739130435,3.072413793103448,2.0,2.0,-0.180492065822783,0.3839580209895053,0.18393958637968477,0.10569715142428786,0.898822414170932,1.0,1.0,0.180492065822783
f__pymfe.relative.worst_node.quantiles.3.relative,46,58,0,2.6956521739130435,3.072413793103448,2.0,2.0,-0.180492065822783,0.3839580209895053,0.18393958637968477,0.10569715142428786,0.898822414170932,1.0,1.0,0.180492065822783
f__pymfe.landmarking.linear_discr.histogram.1,39,47,18,0.05333333333333332,0.06255319148936171,0.05,0.06000000000000001,-0.180153315181242,0.010845608292416811,0.2119199944262181,0.15657392253136934,0.6001965133298259,0.9917355371900823,0.9019838783812205,0.180153315181242
f__pymfe.relative.linear_discr.histogram.1,39,47,18,0.05333333333333332,0.06255319148936171,0.05,0.06000000000000001,-0.180153315181242,0.010845608292416811,0.2119199944262181,0.15657392253136934,0.6001965133298259,0.9917355371900823,0.9019838783812205,0.180153315181242
f__pymfe.statistical.min.histogram.1,39,47,18,0.04977312864595899,0.03444236255517788,0.0,0.0,0.18009500464875663,0.016917529221297235,0.19873517642325259,0.12056737588652482,0.8674670085303332,0.624252553389043,1.0,0.18009500464875663
f__pymfe.info-theory.joint_ent.histogram.6,17,36,51,0.04529818306908089,0.034361287698631206,0.01499999999999995,0.0,0.17995682661134582,0.020465208379154845,0.3367366909080345,0.25163398692810457,0.373067015560718,0.8506250588502461,0.7396699986736017,0.17995682661134582
f__pymfe.statistical.min.skewness,35,41,28,1.4713576690063979,1.0923037867589624,1.143046091712341,0.5842984574578365,0.1799228646313528,0.6438029133478332,0.3055894421678528,0.2048780487804878,0.34799825539027707,0.8945130928551087,0.7103999147741384,0.1799228646313528
f__pymfe.info-theory.joint_ent.min,17,36,51,2.048634287297746,2.320658065695858,1.9036390193096693,1.6911264026493305,-0.1796519417534653,0.4227053161392557,0.2791661496694244,0.238562091503268,0.4496648261374985,0.7547414439177883,0.8176652116597872,0.1796519417534653
f__pymfe.info-theory.joint_ent.quantiles.0,17,36,51,2.048634287297746,2.320658065695858,1.9036390193096693,1.6911264026493305,-0.1796519417534653,0.4227053161392557,0.2791661496694244,0.238562091503268,0.4496648261374985,0.7547414439177883,0.8176652116597872,0.1796519417534653
f__pymfe.info-theory.joint_ent.histogram.9,17,36,51,0.24118017861051916,0.2083074771317247,0.23388888888888887,0.13809523809523805,0.17943562387012224,0.05803199003618167,0.31676758733334426,0.31699346405228757,0.15391046476687265,0.8670868791099899,0.48345993050299996,0.17943562387012224
f__pymfe.landmarking.worst_node.histogram.6.relative,46,58,0,3.8467391304347838,4.122413793103449,3.375,3.625,-0.17840805715427016,0.3205022488755623,0.20741907501375517,0.1679160419790105,0.4061797255967173,0.9305339554173147,0.7877723007335848,0.17840805715427016
f__pymfe.relative.worst_node.histogram.6.relative,46,58,0,3.8467391304347838,4.122413793103449,3.375,3.625,-0.17840805715427016,0.3205022488755623,0.20741907501375517,0.1679160419790105,0.4061797255967173,0.9305339554173147,0.7877723007335848,0.17840805715427016
f__pymfe.statistical.can_cor.histogram.7,39,47,18,0.02617012617012616,0.016551073040434742,0.0,0.0,0.17815020959262332,0.011668737094269006,0.21611149569478771,0.10310965630114566,0.9526489411217736,0.9240702479338826,1.0,0.17815020959262332
f__pymfe.statistical.skewness.sd,38,39,27,2.7930919589501264,4.299565788884777,1.2545742629839203,1.0788475993181321,-0.17616219173485112,2.70494108030232,0.31630708728631746,0.18960863697705804,0.43566262779514475,0.4611325574645789,0.8075162691132229,0.17616219173485112
f__pymfe.statistical.g_mean.histogram.2,29,33,42,0.048701947741894444,0.037027387103423966,0.021621621621621602,0.0,0.17583130621632462,0.01422185687601213,0.21419629815366212,0.2142110762800418,0.4036123096530555,0.892857142857143,0.7874594084158583,0.17583130621632462
f__pymfe.info-theory.joint_ent.iq_range,17,36,51,0.5704574559196695,0.6838832174902048,0.5075610835277068,0.48025488766277014,-0.1755268093875141,0.15526970908868462,0.24028048173091662,0.10130718954248366,0.9978909985008954,0.7654291558073681,1.0,0.1755268093875141
f__pymfe.statistical.can_cor.histogram.3,39,47,18,0.02045177045177045,0.01342720518252433,0.0,0.0,0.17536794641742387,0.007990974746293891,0.19949431422699976,0.09001636661211129,0.9853422245339398,0.5175824175824174,1.0,0.17536794641742387
f__pymfe.statistical.h_mean.median,29,33,42,14.587139046962722,20.22247709523586,0.1511545563387129,3.7721081724959418,-0.17502248553004912,9.130968692590681,0.2835898791136416,0.3396029258098224,0.04151641168508133,0.9185623417152693,0.23763703766785543,0.17502248553004912
f__pymfe.statistical.h_mean.quantiles.2,29,33,42,14.587139046962722,20.22247709523586,0.1511545563387129,3.7721081724959418,-0.17502248553004912,9.130968692590681,0.2835898791136416,0.3396029258098224,0.04151641168508133,0.9185623417152693,0.23763703766785543,0.17502248553004912
f__pymfe.landmarking.random_node.mean,39,47,18,0.4452125572757919,0.4825667186668885,0.5,0.5,-0.17477870678715357,0.0503385100060737,0.2355319823228795,0.2629569012547736,0.08264349738288082,0.8195851292343725,0.32934050449595786,0.17477870678715357
f__pymfe.relative.random_node.mean,39,47,18,0.4452125572757919,0.4825667186668885,0.5,0.5,-0.17477870678715357,0.0503385100060737,0.2355319823228795,0.2629569012547736,0.08264349738288082,0.8195851292343725,0.32934050449595786,0.17477870678715357
f__pymfe.landmarking.linear_discr.histogram.3.relative,46,58,0,4.14891304347826,3.9862068965517246,4.300000000000001,3.75,0.17455955385774954,0.2633808095952025,0.282568529131171,0.18215892053973012,0.31323790587846945,0.9285714285714287,0.6655266912696394,0.17455955385774954
f__pymfe.relative.linear_discr.histogram.3.relative,46,58,0,4.14891304347826,3.9862068965517246,4.300000000000001,3.75,0.17455955385774954,0.2633808095952025,0.282568529131171,0.18215892053973012,0.31323790587846945,0.9285714285714287,0.6655266912696394,0.17455955385774954
f__pymfe.landmarking.worst_node.mean,39,47,18,0.4224221727715266,0.4562126947486408,0.5,0.5001633336879056,-0.17399585828503983,0.04242002274105302,0.21843131841228752,0.2629569012547736,0.08264349738288082,0.7712375080889269,0.32934050449595786,0.17399585828503983
f__pymfe.relative.worst_node.mean,39,47,18,0.4224221727715266,0.4562126947486408,0.5,0.5001633336879056,-0.17399585828503983,0.04242002274105302,0.21843131841228752,0.2629569012547736,0.08264349738288082,0.7712375080889269,0.32934050449595786,0.17399585828503983
f__pymfe.landmarking.worst_node.histogram.2,39,47,18,0.041794871794871805,0.05148936170212766,0.03,0.02,-0.17393644411942513,0.011200218221494817,0.20095189632930793,0.11893071467539552,0.874641004849651,0.6436781609195409,1.0,0.17393644411942513
f__pymfe.relative.worst_node.histogram.2,39,47,18,0.041794871794871805,0.05148936170212766,0.03,0.02,-0.17393644411942513,0.011200218221494817,0.20095189632930793,0.11893071467539552,0.874641004849651,0.6436781609195409,1.0,0.17393644411942513
f__pymfe.model-based.leaves_branch.histogram.3,39,47,18,0.13450537658671563,0.12422436323343422,0.13836870026525197,0.12126326421553943,0.17372880295251364,0.014917484172830333,0.2520759947833077,0.15602836879432624,0.605717023805685,0.7053649497778801,0.9034996947269157,0.17372880295251364
f__pymfe.statistical.max.histogram.8,39,47,18,0.021815521619854544,0.011978996253186939,0.0,0.0,0.17313492579129192,0.009957355416575678,0.17526168305001685,0.09874522640480088,0.9669021024612588,0.7019607843137212,1.0,0.17313492579129192
f__pymfe.model-based.tree_depth.histogram.8,39,47,18,0.07864889229279826,0.08687276966018985,0.06559407625789772,0.07644620496098849,-0.17303811453564544,0.0114282557527677,0.24046124954770412,0.1298417894162575,0.8054445995632528,0.8191726059229473,1.0,0.17303811453564544
f__pymfe.landmarking.best_node.histogram.9,39,47,18,0.1587179487179487,0.18319148936170213,0.15,0.17,-0.1730336998474756,0.03687943262411349,0.26074627975232606,0.18985270049099837,0.36608249083457384,0.8784067085953884,0.7312040027427197,0.1730336998474756
f__pymfe.relative.best_node.histogram.9,39,47,18,0.1587179487179487,0.18319148936170213,0.15,0.17,-0.1730336998474756,0.03687943262411349,0.26074627975232606,0.18985270049099837,0.36608249083457384,0.8784067085953884,0.7312040027427197,0.1730336998474756
f__pymfe.landmarking.worst_node.histogram.1.relative,46,58,0,4.034782608695652,4.287068965517242,3.6,3.8499999999999996,-0.17182225786700353,0.2603823088455773,0.1773360905366321,0.17616191904047976,0.3503626591481449,0.9775280898876403,0.7121839980878458,0.17182225786700353
f__pymfe.relative.worst_node.histogram.1.relative,46,58,0,4.034782608695652,4.287068965517242,3.6,3.8499999999999996,-0.17182225786700353,0.2603823088455773,0.1773360905366321,0.17616191904047976,0.3503626591481449,0.9775280898876403,0.7121839980878458,0.17182225786700353
f__pymfe.landmarking.elite_nn.histogram.5.relative,46,58,0,3.28695652173913,3.461206896551724,3.3499999999999996,3.7750000000000004,-0.1696938645606694,0.23212143928035978,0.226051646208695,0.17841079460269865,0.33745817748932355,0.910224438902743,0.700945952035117,0.1696938645606694
f__pymfe.relative.elite_nn.histogram.5.relative,46,58,0,3.28695652173913,3.461206896551724,3.3499999999999996,3.7750000000000004,-0.1696938645606694,0.23212143928035978,0.226051646208695,0.17841079460269865,0.33745817748932355,0.910224438902743,0.700945952035117,0.1696938645606694
f__pymfe.landmarking.one_nn.histogram.9,39,47,18,0.18615384615384611,0.2076595744680851,0.16,0.16,-0.16752517472650605,0.02672122204037098,0.20815279193567354,0.09656301145662848,0.9717482891155151,0.5251046025104612,1.0,0.16752517472650605
f__pymfe.relative.one_nn.histogram.9,39,47,18,0.18615384615384611,0.2076595744680851,0.16,0.16,-0.16752517472650605,0.02672122204037098,0.20815279193567354,0.09656301145662848,0.9717482891155151,0.5251046025104612,1.0,0.16752517472650605
f__pymfe.statistical.sparsity.histogram.8,46,58,0,0.017193828609732495,0.008989828918643701,0.0,0.0,0.16640044935511952,0.008203999691088783,0.1664004493551193,0.08320839580209895,0.985093450794211,0.24827586206896513,1.0,0.16640044935511952
f__pymfe.landmarking.worst_node.max.relative,46,58,0,2.7663043478260865,3.102586206896552,2.0,2.1500000000000004,-0.16601093117790933,0.34985007496251874,0.17270909848580052,0.1184407796101949,0.8121072569103771,1.0,1.0,0.16601093117790933
f__pymfe.landmarking.worst_node.quantiles.4.relative,46,58,0,2.7663043478260865,3.102586206896552,2.0,2.1500000000000004,-0.16601093117790933,0.34985007496251874,0.17270909848580052,0.1184407796101949,0.8121072569103771,1.0,1.0,0.16601093117790933
f__pymfe.relative.worst_node.max.relative,46,58,0,2.7663043478260865,3.102586206896552,2.0,2.1500000000000004,-0.16601093117790933,0.34985007496251874,0.17270909848580052,0.1184407796101949,0.8121072569103771,1.0,1.0,0.16601093117790933
f__pymfe.relative.worst_node.quantiles.4.relative,46,58,0,2.7663043478260865,3.102586206896552,2.0,2.1500000000000004,-0.16601093117790933,0.34985007496251874,0.17270909848580052,0.1184407796101949,0.8121072569103771,1.0,1.0,0.16601093117790933
f__pymfe.info-theory.attr_ent.kurtosis,16,35,53,0.2143496839538508,1.5347625213147529,-0.9223355611042289,-1.05196589254223,-0.1657976305342626,2.121135771484344,0.26634040127667025,0.19464285714285715,0.7177900505640618,0.42415170066978125,0.978638009364789,0.1657976305342626
f__pymfe.statistical.t_mean.histogram.3,39,47,18,0.05597103829699947,0.04352074996947507,0.0,0.0,0.1656622762984693,0.014160566489793894,0.188419064415477,0.13693398799781778,0.7551489201672351,0.7387140902872775,0.9924106399572687,0.1656622762984693
f__pymfe.info-theory.joint_ent.quantiles.1,17,36,51,2.411674236160263,2.687904764655185,2.232871850591811,2.0733085725296982,-0.16464976616173901,0.44519969362944883,0.26536540276978876,0.24509803921568626,0.4109317669495174,0.8974334586096993,0.7923222160491822,0.16464976616173901
f__pymfe.landmarking.worst_node.median,39,47,18,0.42243229964280443,0.4548182029263215,0.5,0.5,-0.16394606135283182,0.04166039826010363,0.2108960231660587,0.27605019094380795,0.059649126984446466,0.7750464426631446,0.2684210714300091,0.16394606135283182
f__pymfe.landmarking.worst_node.quantiles.2,39,47,18,0.42243229964280443,0.4548182029263215,0.5,0.5,-0.16394606135283182,0.04166039826010363,0.2108960231660587,0.27605019094380795,0.059649126984446466,0.7750464426631446,0.2684210714300091,0.16394606135283182
f__pymfe.relative.worst_node.median,39,47,18,0.42243229964280443,0.4548182029263215,0.5,0.5,-0.16394606135283182,0.04166039826010363,0.2108960231660587,0.27605019094380795,0.059649126984446466,0.7750464426631446,0.2684210714300091,0.16394606135283182
f__pymfe.relative.worst_node.quantiles.2,39,47,18,0.42243229964280443,0.4548182029263215,0.5,0.5,-0.16394606135283182,0.04166039826010363,0.2108960231660587,0.27605019094380795,0.059649126984446466,0.7750464426631446,0.2684210714300091,0.16394606135283182
f__pymfe.model-based.leaves_per_class.max,39,47,18,0.440588257581295,0.4662926925317536,0.5124915841885821,0.5201808402139351,-0.1635968074550695,0.035387565922614335,0.2252254453250383,0.15548281505728315,0.6112309449507293,0.9629842087565826,0.9049833399362923,0.1635968074550695
f__pymfe.model-based.leaves_per_class.quantiles.4,39,47,18,0.440588257581295,0.4662926925317536,0.5124915841885821,0.5201808402139351,-0.1635968074550695,0.035387565922614335,0.2252254453250383,0.15548281505728315,0.6112309449507293,0.9629842087565826,0.9049833399362923,0.1635968074550695
f__pymfe.model-based.leaves_per_class.histogram.2,39,47,18,0.03434565434565435,0.02595653755228223,0.0,0.0,0.16327119656765166,0.012448036596972769,0.24226696089287716,0.14184397163120568,0.7177292684049377,0.9781021897810219,0.978638009364789,0.16327119656765166
f__pymfe.info-theory.attr_conc.quantiles.1,16,34,54,0.029374975529637592,0.0199300227075549,0.0025003816035558853,0.0102191295288294,0.16322149319406645,0.021804678352196197,0.3768141806850245,0.3639705882352941,0.08401486339599464,0.45906217811146655,0.33232545965526766,0.16322149319406645
f__pymfe.model-based.leaves_homo.kurtosis,39,46,19,45.4024521047771,81.03297652901111,13.800677117021735,7.134097152219532,-0.16321503832259196,45.964752510982954,0.2105537025850222,0.2909698996655518,0.04360935309510861,0.4772363195149766,0.24257702659154168,0.16321503832259196
f__pymfe.landmarking.elite_nn.histogram.6.relative,46,58,0,4.001086956521739,3.8198275862068964,4.2,3.875,0.1628015600815621,0.1919790104947526,0.17242960933369741,0.20014992503748125,0.21755847760736086,0.9151079136690647,0.5523433932281966,0.1628015600815621
f__pymfe.relative.elite_nn.histogram.6.relative,46,58,0,4.001086956521739,3.8198275862068964,4.2,3.875,0.1628015600815621,0.1919790104947526,0.17242960933369741,0.20014992503748125,0.21755847760736086,0.9151079136690647,0.5523433932281966,0.1628015600815621
f__pymfe.landmarking.linear_discr.histogram.7,39,47,18,0.07820512820512822,0.08659574468085104,0.08,0.08,-0.16163405322455845,0.020720130932896888,0.39914573091474337,0.2078559738134206,0.26401459025799273,0.5837563451776652,0.6068168918124883,0.16163405322455845
f__pymfe.relative.linear_discr.histogram.7,39,47,18,0.07820512820512822,0.08659574468085104,0.08,0.08,-0.16163405322455845,0.020720130932896888,0.39914573091474337,0.2078559738134206,0.26401459025799273,0.5837563451776652,0.6068168918124883,0.16163405322455845
f__pymfe.landmarking.elite_nn.histogram.8.relative,46,58,0,4.021739130434782,3.853448275862069,4.1,4.025,0.1612673271298848,0.1827586206896552,0.17513128888314478,0.1409295352323838,0.6239672531487963,0.949367088607595,0.9162195596190391,0.1612673271298848
f__pymfe.relative.elite_nn.histogram.8.relative,46,58,0,4.021739130434782,3.853448275862069,4.1,4.025,0.1612673271298848,0.1827586206896552,0.17513128888314478,0.1409295352323838,0.6239672531487963,0.949367088607595,0.9162195596190391,0.1612673271298848
f__pymfe.statistical.mean.histogram.3,39,47,18,0.0392281760559336,0.05205493231999194,0.0,0.0,-0.16030572645542093,0.016495864325262927,0.20616135987405618,0.14402618657937807,0.6967737621460607,0.9125957327069427,0.9647636706637762,0.16030572645542093
f__pymfe.statistical.var.histogram.6,39,47,18,0.018564676036437973,0.0270834318257035,0.0,0.0,-0.15979153229295487,0.00962037546880595,0.180455288943856,0.1314784506273868,0.7914448504529545,0.9492140314926665,1.0,0.15979153229295487
f__pymfe.landmarking.linear_discr.histogram.4.relative,46,58,0,4.165217391304348,4.031896551724138,4.275,4.025,0.15964423804782993,0.17724887556221888,0.21224560071076365,0.19715142428785606,0.23177876869909225,0.9842105263157892,0.5686211140213565,0.15964423804782993
f__pymfe.relative.linear_discr.histogram.4.relative,46,58,0,4.165217391304348,4.031896551724138,4.275,4.025,0.15964423804782993,0.17724887556221888,0.21224560071076365,0.19715142428785606,0.23177876869909225,0.9842105263157892,0.5686211140213565,0.15964423804782993
f__pymfe.info-theory.attr_ent.min,17,36,51,0.8130493300829529,1.02514384936646,0.5808693456132165,0.574301812044101,-0.15933692806185107,0.44544136742004403,0.3346397604056302,0.1650326797385621,0.8433806838030226,0.5411632723113292,1.0,0.15933692806185107
f__pymfe.info-theory.attr_ent.quantiles.0,17,36,51,0.8130493300829529,1.02514384936646,0.5808693456132165,0.574301812044101,-0.15933692806185107,0.44544136742004403,0.3346397604056302,0.1650326797385621,0.8433806838030226,0.5411632723113292,1.0,0.15933692806185107
f__pymfe.landmarking.one_nn.histogram.5,39,47,18,0.09307692307692308,0.10021276595744678,0.1,0.1,-0.15909499911918418,0.011260229132569558,0.25104898943577797,0.1740316421167485,0.4669263109693345,0.6787878787878794,0.8265578414730614,0.15909499911918418
f__pymfe.relative.one_nn.histogram.5,39,47,18,0.09307692307692308,0.10021276595744678,0.1,0.1,-0.15909499911918418,0.011260229132569558,0.25104898943577797,0.1740316421167485,0.4669263109693345,0.6787878787878794,0.8265578414730614,0.15909499911918418
f__pymfe.landmarking.best_node.max.relative,46,58,0,2.840217391304347,3.0887931034482756,2.5,3.0,-0.15894931236859647,0.3299850074962519,0.2110056915098192,0.18290854572713644,0.30971697183672664,0.9432553509208561,0.6603439241898184,0.15894931236859647
f__pymfe.landmarking.best_node.quantiles.4.relative,46,58,0,2.840217391304347,3.0887931034482756,2.5,3.0,-0.15894931236859647,0.3299850074962519,0.2110056915098192,0.18290854572713644,0.30971697183672664,0.9432553509208561,0.6603439241898184,0.15894931236859647
f__pymfe.relative.best_node.max.relative,46,58,0,2.840217391304347,3.0887931034482756,2.5,3.0,-0.15894931236859647,0.3299850074962519,0.2110056915098192,0.18290854572713644,0.30971697183672664,0.9432553509208561,0.6603439241898184,0.15894931236859647
f__pymfe.relative.best_node.quantiles.4.relative,46,58,0,2.840217391304347,3.0887931034482756,2.5,3.0,-0.15894931236859647,0.3299850074962519,0.2110056915098192,0.18290854572713644,0.30971697183672664,0.9432553509208561,0.6603439241898184,0.15894931236859647
f__pymfe.model-based.nodes_repeated.histogram.6,39,47,18,0.0549222726404892,0.047277626586886244,0.04530303030303027,0.036474520600718506,0.15853742286232822,0.010472615653258306,0.21718487483311838,0.18657937806873978,0.38397779964887674,0.9212056600116306,0.7584863563964248,0.15853742286232822
f__pymfe.landmarking.random_node.histogram.7.relative,46,58,0,3.7989130434782616,3.993103448275862,3.3,3.825,-0.15766032347391226,0.2444902548725637,0.19849802934189056,0.15967016491754124,0.46745406015892244,0.9667359667359667,0.8265578414730614,0.15766032347391226
f__pymfe.relative.random_node.histogram.7.relative,46,58,0,3.7989130434782616,3.993103448275862,3.3,3.825,-0.15766032347391226,0.2444902548725637,0.19849802934189056,0.15967016491754124,0.46745406015892244,0.9667359667359667,0.8265578414730614,0.15766032347391226
f__pymfe.info-theory.attr_conc.kurtosis,16,34,54,4.512633514467083,5.776840596742466,2.0682134037401476,3.6140330947475925,-0.15743761291950564,1.6212981983934682,0.20190783754062278,0.14705882352941177,0.9351967946024797,0.8417058958630113,1.0,0.15743761291950564
f__pymfe.info-theory.class_conc.histogram.2,17,36,51,0.04954585662016,0.059307754481754044,0.0166666666666666,0.05059612518628907,-0.15733596544174175,0.01450632046710158,0.23380350502110578,0.23039215686274508,0.4881593041107212,0.9246031746031744,0.8494433347766983,0.15733596544174175
f__pymfe.statistical.var.histogram.2,39,47,18,0.03284968684031743,0.042070473610453324,0.0,0.0,-0.15695580651544008,0.009443424652348239,0.16074553826335394,0.1691216584833606,0.5041377636444033,0.7948739666621495,0.8573553050513101,0.15695580651544008
f__pymfe.landmarking.worst_node.histogram.9.relative,46,58,0,3.9326086956521733,4.208620689655172,3.575,3.95,-0.15525729888111528,0.2775862068965517,0.156142796783479,0.13118440779610194,0.7095840485444143,0.9760191846522782,0.9732479843905408,0.15525729888111528
f__pymfe.relative.worst_node.histogram.9.relative,46,58,0,3.9326086956521733,4.208620689655172,3.575,3.95,-0.15525729888111528,0.2775862068965517,0.156142796783479,0.13118440779610194,0.7095840485444143,0.9760191846522782,0.9732479843905408,0.15525729888111528
f__pymfe.landmarking.best_node.skewness,30,38,36,-0.14921228031992914,-0.2258666673220719,-0.17602212031595557,-0.22536902832878855,0.15467247212685103,0.15575201806470423,0.3142748982147669,0.1824561403508772,0.557116394251688,0.7217704686804374,0.8897924350523407,0.15467247212685103
f__pymfe.relative.best_node.skewness,30,38,36,-0.14921228031992914,-0.2258666673220719,-0.17602212031595557,-0.22536902832878855,0.15467247212685103,0.15575201806470423,0.3142748982147669,0.1824561403508772,0.557116394251688,0.7217704686804374,0.8897924350523407,0.15467247212685103
f__pymfe.statistical.cor.min,38,40,26,0.052519856306895984,0.0761665097099203,0.0020302669308096804,0.007746919238408316,-0.15433137156870336,0.028713686905774458,0.1874016846035274,0.20526315789473684,0.3226394512162957,0.8864535253480584,0.6813082251251581,0.15433137156870336
f__pymfe.statistical.cor.quantiles.0,38,40,26,0.052519856306895984,0.0761665097099203,0.0020302669308096804,0.007746919238408316,-0.15433137156870336,0.028713686905774458,0.1874016846035274,0.20526315789473684,0.3226394512162957,0.8864535253480584,0.6813082251251581,0.15433137156870336
f__pymfe.model-based.var_importance.histogram.0,39,47,18,0.49060448416013086,0.44920157770816643,0.38378378378378375,0.36666666666666664,0.15360626260908963,0.04833770047466441,0.17933459627152645,0.1352973267866885,0.7647516588453841,0.8579761116193001,0.9976646233471542,0.15360626260908963
f__pymfe.landmarking.best_node.range.relative,46,58,0,2.4206521739130435,2.6387931034482754,2.0,2.575,-0.15187763523050465,0.3316341829085458,0.2308957588521492,0.2128935532233883,0.1639626067611415,0.9352601156069363,0.4891398436337964,0.15187763523050465
f__pymfe.relative.best_node.range.relative,46,58,0,2.4206521739130435,2.6387931034482754,2.0,2.575,-0.15187763523050465,0.3316341829085458,0.2308957588521492,0.2128935532233883,0.1639626067611415,0.9352601156069363,0.4891398436337964,0.15187763523050465
f__pymfe.landmarking.linear_discr.kurtosis,38,47,19,-0.9300328327726155,-0.8286890884884954,-1.024959156496386,-1.065441886955077,-0.15168740257936464,0.15164173792645433,0.2269714969697333,0.09462486002239642,0.9772878817922557,0.5556052427518882,1.0,0.15168740257936464
f__pymfe.relative.linear_discr.kurtosis,38,47,19,-0.9300328327726155,-0.8286890884884954,-1.024959156496386,-1.065441886955077,-0.15168740257936464,0.15164173792645433,0.2269714969697333,0.09462486002239642,0.9772878817922557,0.5556052427518882,1.0,0.15168740257936464
f__pymfe.landmarking.worst_node.histogram.4,39,47,18,0.04461538461538462,0.05191489361702128,0.030000000000000006,0.05,-0.15069632072525874,0.010932896890343699,0.2257065969607015,0.1298417894162575,0.8054445995632528,0.792857142857143,1.0,0.15069632072525874
f__pymfe.relative.worst_node.histogram.4,39,47,18,0.04461538461538462,0.05191489361702128,0.030000000000000006,0.05,-0.15069632072525874,0.010932896890343699,0.2257065969607015,0.1298417894162575,0.8054445995632528,0.792857142857143,1.0,0.15069632072525874
f__pymfe.model-based.tree_shape.kurtosis,39,46,19,19.80323972447752,31.159808514540053,6.47161501697676,5.0576662471328095,-0.15046829891038083,17.270576783521197,0.22882565657432535,0.225752508361204,0.19329489284735388,0.712442999036668,0.5261864721489533,0.15046829891038083
f__pymfe.landmarking.best_node.histogram.7,39,47,18,0.06846153846153845,0.05978723404255319,0.06999999999999999,0.06999999999999999,0.15021410395524198,0.009645390070921984,0.16703052565589194,0.132569558101473,0.7867563782885995,0.769230769230769,1.0,0.15021410395524198
f__pymfe.relative.best_node.histogram.7,39,47,18,0.06846153846153845,0.05978723404255319,0.06999999999999999,0.06999999999999999,0.15021410395524198,0.009645390070921984,0.16703052565589194,0.132569558101473,0.7867563782885995,0.769230769230769,1.0,0.15021410395524198
f__pymfe.statistical.mad.histogram.5,39,47,18,0.09839385603336705,0.13970287514693142,0.0,0.04,-0.14952226178790132,0.04393146110495166,0.15901446146666448,0.27932351336606653,0.056482671458469504,0.9699999999999995,0.2661330578719651,0.14952226178790132
f__pymfe.statistical.min.quantiles.1,39,47,18,0.18663148497307683,-4.288997200664785,0.0,0.029200000000000004,0.1491308556489245,8.927877178362738,0.2974826680797332,0.3098745226404801,0.024556292011923594,0.14329853967741488,0.18297292931675163,0.1491308556489245
f__pymfe.model-based.leaves_corrob.kurtosis,39,47,18,64.73306505817021,119.37877080646196,32.64928204181159,14.584241379036268,-0.14913021624358735,81.66803867933308,0.22287519397293767,0.314784506273868,0.021118862021864797,0.4864001214435594,0.1674872126684525,0.14913021624358735
f__pymfe.info-theory.attr_conc.histogram.6,16,34,54,0.01983878968253966,0.016016042780748654,0.008712121212121164,0.0018849206349206302,0.14789558982826534,0.0045651764493676176,0.17661892900442994,0.2426470588235294,0.4569338433559151,0.9784090909090912,0.8256717315573555,0.14789558982826534
f__pymfe.landmarking.naive_bayes.histogram.3,39,47,18,0.08871794871794872,0.08255319148936172,0.09,0.09,0.1477818344741792,0.01134751773049646,0.27202319974008277,0.14839061647572285,0.6618984987669543,0.801324503311258,0.9342391145591725,0.1477818344741792
f__pymfe.relative.naive_bayes.histogram.3,39,47,18,0.08871794871794872,0.08255319148936172,0.09,0.09,0.1477818344741792,0.01134751773049646,0.27202319974008277,0.14839061647572285,0.6618984987669543,0.801324503311258,0.9342391145591725,0.1477818344741792
f__pymfe.landmarking.worst_node.histogram.5.relative,46,58,0,4.929347826086956,4.706034482758621,5.025,4.225,0.1477158460779942,0.3041979010494751,0.20121883295887982,0.1679160419790105,0.4061797255967173,0.9966405375139978,0.7877723007335848,0.1477158460779942
f__pymfe.relative.worst_node.histogram.5.relative,46,58,0,4.929347826086956,4.706034482758621,5.025,4.225,0.1477158460779942,0.3041979010494751,0.20121883295887982,0.1679160419790105,0.4061797255967173,0.9966405375139978,0.7877723007335848,0.1477158460779942
f__pymfe.landmarking.best_node.kurtosis,30,38,36,-0.9054562047891319,-0.7904904451777404,-1.013492927897942,-1.0175532637817892,-0.14747509239014525,0.230431851012474,0.29559199741354586,0.12280701754385964,0.9268668416672772,0.43005153151995634,1.0,0.14747509239014525
f__pymfe.relative.best_node.kurtosis,30,38,36,-0.9054562047891319,-0.7904904451777404,-1.013492927897942,-1.0175532637817892,-0.14747509239014525,0.230431851012474,0.29559199741354586,0.12280701754385964,0.9268668416672772,0.43005153151995634,1.0,0.14747509239014525
f__pymfe.statistical.kurtosis.min,39,42,23,-0.1196654300514962,1.133735668075901,-0.8585136464855738,-0.9915451772971623,-0.1474504844108816,1.9558087494044885,0.23008193302653435,0.16666666666666666,0.5520909170874022,0.510160549972288,0.8897924350523407,0.1474504844108816
f__pymfe.statistical.kurtosis.quantiles.0,39,42,23,-0.1196654300514962,1.133735668075901,-0.8585136464855738,-0.9915451772971623,-0.1474504844108816,1.9558087494044885,0.23008193302653435,0.16666666666666666,0.5520909170874022,0.510160549972288,0.8897924350523407,0.1474504844108816
f__pymfe.landmarking.naive_bayes.histogram.5.relative,46,58,0,3.7304347826086954,3.849137931034482,3.8,4.0,-0.14665914807848937,0.21300599700149925,0.26317143622673106,0.1634182908545727,0.43954693300045594,0.9027272727272724,0.8075162691132229,0.14665914807848937
f__pymfe.relative.naive_bayes.histogram.5.relative,46,58,0,3.7304347826086954,3.849137931034482,3.8,4.0,-0.14665914807848937,0.21300599700149925,0.26317143622673106,0.1634182908545727,0.43954693300045594,0.9027272727272724,0.8075162691132229,0.14665914807848937
f__pymfe.landmarking.linear_discr.histogram.1.relative,46,58,0,3.914130434782609,4.033620689655172,4.0,4.0,-0.14650438519171852,0.15044977511244373,0.18446317508141838,0.12443778110944528,0.7618642835064018,0.9138613861386139,0.9947078909350088,0.14650438519171852
f__pymfe.relative.linear_discr.histogram.1.relative,46,58,0,3.914130434782609,4.033620689655172,4.0,4.0,-0.14650438519171852,0.15044977511244373,0.18446317508141838,0.12443778110944528,0.7618642835064018,0.9138613861386139,0.9947078909350088,0.14650438519171852
f__pymfe.info-theory.attr_ent.histogram.9,17,36,51,0.25428475377391785,0.22492268535818605,0.22222222222222224,0.1547619047619047,0.14610528999939498,0.047380534463318955,0.2357649546372059,0.17483660130718953,0.8039416456534332,0.8598352612341916,1.0,0.14610528999939498
f__pymfe.landmarking.one_nn.iq_range.relative,46,58,0,4.858695652173913,5.001724137931034,5.0,5.0,-0.1461026539838233,0.152623688155922,0.15590408989049542,0.09745127436281859,0.9410588980885385,0.9456264775413714,1.0,0.1461026539838233
f__pymfe.relative.one_nn.iq_range.relative,46,58,0,4.858695652173913,5.001724137931034,5.0,5.0,-0.1461026539838233,0.152623688155922,0.15590408989049542,0.09745127436281859,0.9410588980885385,0.9456264775413714,1.0,0.1461026539838233
f__pymfe.landmarking.linear_discr.histogram.2,39,47,18,0.07769230769230769,0.07063829787234044,0.07,0.07,0.1459997969139283,0.00913802509547191,0.18913353428525195,0.10529187124931806,0.9436211065180707,0.8650306748466255,1.0,0.1459997969139283
f__pymfe.relative.linear_discr.histogram.2,39,47,18,0.07769230769230769,0.07063829787234044,0.07,0.07,0.1459997969139283,0.00913802509547191,0.18913353428525195,0.10529187124931806,0.9436211065180707,0.8650306748466255,1.0,0.1459997969139283
f__pymfe.statistical.h_mean.histogram.3,29,33,42,0.0274751295437089,0.02097498354180381,0.0,0.0,0.14553319605811801,0.012962648320206783,0.2902235794187062,0.30094043887147337,0.09282284154362044,0.7466666666666668,0.35489783330042945,0.14553319605811801
f__pymfe.statistical.median.histogram.3,39,47,18,0.03644455053038012,0.047094840995751334,0.0,0.0,-0.1446390687557663,0.01781225173105588,0.24190396601858413,0.14839061647572285,0.6618984987669543,0.846265060240963,0.9342391145591725,0.1446390687557663
f__pymfe.landmarking.random_node.iq_range.relative,46,58,0,3.2195652173913043,3.450862068965517,2.775,3.025,-0.14325902430173992,0.2793478260869565,0.17302050042470712,0.13268365817091454,0.6944432670724557,0.9513742071881606,0.9647636706637762,0.14325902430173992
f__pymfe.relative.random_node.iq_range.relative,46,58,0,3.2195652173913043,3.450862068965517,2.775,3.025,-0.14325902430173992,0.2793478260869565,0.17302050042470712,0.13268365817091454,0.6944432670724557,0.9513742071881606,0.9647636706637762,0.14325902430173992
f__pymfe.landmarking.elite_nn.quantiles.1,39,47,18,0.4712373861104598,0.4994795232855985,0.5113175699312931,0.4993973214285714,-0.1432232886427449,0.04088234506358811,0.2073250997657833,0.127114020731042,0.8227577912277843,0.8419882514786313,1.0,0.1432232886427449
f__pymfe.relative.elite_nn.quantiles.1,39,47,18,0.4712373861104598,0.4994795232855985,0.5113175699312931,0.4993973214285714,-0.1432232886427449,0.04088234506358811,0.2073250997657833,0.127114020731042,0.8227577912277843,0.8419882514786313,1.0,0.1432232886427449
f__pymfe.statistical.mean.histogram.7,39,47,18,0.020151877907511998,0.026305855358884148,0.0,0.0,-0.14312223854645503,0.007784750145974631,0.18104890312334596,0.21222040370976542,0.2428236607793399,0.9717391304347821,0.5849102733553077,0.14312223854645503
f__pymfe.landmarking.one_nn.histogram.8.relative,46,58,0,4.507608695652174,4.406896551724138,4.65,4.55,0.14300833547141148,0.12732383808095943,0.1807961725330789,0.12293853073463268,0.7764646283152684,0.8793814432989693,0.9992603581404673,0.14300833547141148
f__pymfe.relative.one_nn.histogram.8.relative,46,58,0,4.507608695652174,4.406896551724138,4.65,4.55,0.14300833547141148,0.12732383808095943,0.1807961725330789,0.12293853073463268,0.7764646283152684,0.8793814432989693,0.9992603581404673,0.14300833547141148
f__pymfe.model-based.var_importance.histogram.8,39,47,18,0.011880611654810275,0.017191058353521575,0.0,0.0,-0.14292304156537178,0.007392643461759118,0.19896237524036822,0.13966175668303327,0.7313653779765578,0.6763285024154593,0.9845775928726432,0.14292304156537178
f__pymfe.model-based.leaves_per_class.histogram.9,39,47,18,0.3675052725052725,0.34583047567090125,0.45,0.4,0.14153060397873732,0.025883657319827537,0.16901333293443652,0.11292962356792144,0.909107176687722,0.8199153045474333,1.0,0.14153060397873732
f__pymfe.statistical.min.iq_range,39,47,18,22.172339445764102,14.058862399442775,1.0,1.0,0.14142471719045768,11.748793223882608,0.20479133046541662,0.15220949263502456,0.6334158250792467,0.9126722545425365,0.9233231590327144,0.14142471719045768
f__pymfe.model-based.leaves_per_class.range,39,47,18,0.14333035678455852,0.16261328547352744,0.11933073849418505,0.08274509803921568,-0.14120661120687802,0.043608967706608076,0.31934332421210526,0.24986361156573922,0.1123379440689262,0.722563636822862,0.3968408592831344,0.14120661120687802
f__pymfe.landmarking.naive_bayes.histogram.7.relative,46,58,0,4.413043478260869,4.307758620689655,4.275,4.074999999999999,0.14085828270371314,0.15700899550224895,0.21005886302807253,0.11094452773613193,0.8653417348556454,0.8629441624365484,1.0,0.14085828270371314
f__pymfe.relative.naive_bayes.histogram.7.relative,46,58,0,4.413043478260869,4.307758620689655,4.275,4.074999999999999,0.14085828270371314,0.15700899550224895,0.21005886302807253,0.11094452773613193,0.8653417348556454,0.8629441624365484,1.0,0.14085828270371314
f__pymfe.landmarking.random_node.histogram.0.relative,46,58,0,3.8228260869565216,4.024137931034483,3.95,3.9749999999999996,-0.1385682395629084,0.26990254872563724,0.18578102645550215,0.1664167916041979,0.4199066652488035,0.9221590909090909,0.795142408662628,0.1385682395629084
f__pymfe.relative.random_node.histogram.0.relative,46,58,0,3.8228260869565216,4.024137931034483,3.95,3.9749999999999996,-0.1385682395629084,0.26990254872563724,0.18578102645550215,0.1664167916041979,0.4199066652488035,0.9221590909090909,0.795142408662628,0.1385682395629084
f__pymfe.landmarking.naive_bayes.histogram.2.relative,46,58,0,4.2250000000000005,4.123275862068966,4.0,4.0,0.13850610628232504,0.1447526236881559,0.19709306649312416,0.1889055472263868,0.27388986328498305,0.9575569358178052,0.6188597475071126,0.13850610628232504
f__pymfe.relative.naive_bayes.histogram.2.relative,46,58,0,4.2250000000000005,4.123275862068966,4.0,4.0,0.13850610628232504,0.1447526236881559,0.19709306649312416,0.1889055472263868,0.27388986328498305,0.9575569358178052,0.6188597475071126,0.13850610628232504
f__pymfe.landmarking.linear_discr.quantiles.3,39,47,18,0.7319914016337106,0.7081023275250813,0.7109975932120421,0.743235746208892,0.13828607965764506,0.044949063226035965,0.26019550651261253,0.11893071467539552,0.874641004849651,0.7269492414028841,1.0,0.13828607965764506
f__pymfe.relative.linear_discr.quantiles.3,39,47,18,0.7319914016337106,0.7081023275250813,0.7109975932120421,0.743235746208892,0.13828607965764506,0.044949063226035965,0.26019550651261253,0.11893071467539552,0.874641004849651,0.7269492414028841,1.0,0.13828607965764506
f__pymfe.statistical.cor.histogram.5,38,40,26,0.08306509231463516,0.10747883069296775,0.047263083437114745,0.05399963490324933,-0.13709138053949,0.026206299894171038,0.14715721843371246,0.1368421052631579,0.8007160719952168,0.6255924170616127,1.0,0.13709138053949
f__pymfe.landmarking.worst_node.histogram.7,39,47,18,0.041794871794871805,0.03574468085106383,0.03,0.02,0.13686056194422638,0.007926895799236224,0.1793132520333279,0.11620294599018004,0.8927569228068,0.8396946564885495,1.0,0.13686056194422638
f__pymfe.relative.worst_node.histogram.7,39,47,18,0.041794871794871805,0.03574468085106383,0.03,0.02,0.13686056194422638,0.007926895799236224,0.1793132520333279,0.11620294599018004,0.8927569228068,0.8396946564885495,1.0,0.13686056194422638
f__pymfe.landmarking.worst_node.histogram.4.relative,46,58,0,3.8391304347826094,4.050000000000001,3.375,3.6,-0.135675804253302,0.28140929535232384,0.1810618447091702,0.20614692653673164,0.19048957232498245,0.9935309973045822,0.5216483672899519,0.135675804253302
f__pymfe.relative.worst_node.histogram.4.relative,46,58,0,3.8391304347826094,4.050000000000001,3.375,3.6,-0.135675804253302,0.28140929535232384,0.1810618447091702,0.20614692653673164,0.19048957232498245,0.9935309973045822,0.5216483672899519,0.135675804253302
f__pymfe.landmarking.best_node.quantiles.1,39,47,18,0.48169651708620165,0.5102557591379917,0.5,0.5,-0.13430352378366098,0.04176516539833931,0.19640608368501225,0.14784506273867976,0.6673237387298667,0.9414708022863065,0.9385887879238337,0.13430352378366098
f__pymfe.relative.best_node.quantiles.1,39,47,18,0.48169651708620165,0.5102557591379917,0.5,0.5,-0.13430352378366098,0.04176516539833931,0.19640608368501225,0.14784506273867976,0.6673237387298667,0.9414708022863065,0.9385887879238337,0.13430352378366098
f__pymfe.model-based.leaves_branch.mean,39,47,18,9.53123537523201,8.991705746382703,9.03939200640817,8.007593499915242,0.13279666583674232,1.511124324582181,0.3719392990470253,0.22913256955810146,0.17377101107764548,0.5888398281227114,0.4979984968629482,0.13279666583674232
f__pymfe.model-based.leaves_branch.median,39,47,18,9.28076923076923,8.77127659574468,9.0,8.05,0.13263632540946063,1.566012002182215,0.40768023566533523,0.22913256955810146,0.17377101107764548,0.5788479697828152,0.4979984968629482,0.13263632540946063
f__pymfe.model-based.leaves_branch.quantiles.2,39,47,18,9.28076923076923,8.77127659574468,9.0,8.05,0.13263632540946063,1.566012002182215,0.40768023566533523,0.22913256955810146,0.17377101107764548,0.5788479697828152,0.4979984968629482,0.13263632540946063
f__pymfe.landmarking.random_node.histogram.8,39,47,18,0.03871794871794872,0.03276595744680852,0.030000000000000006,0.01,0.13245006769347323,0.009410801963993458,0.20941921793880985,0.15548281505728315,0.6112309449507293,0.862903225806451,0.9049833399362923,0.13245006769347323
f__pymfe.relative.random_node.histogram.8,39,47,18,0.03871794871794872,0.03276595744680852,0.030000000000000006,0.01,0.13245006769347323,0.009410801963993458,0.20941921793880985,0.15548281505728315,0.6112309449507293,0.862903225806451,0.9049833399362923,0.13245006769347323
f__pymfe.info-theory.joint_ent.histogram.3,17,36,51,0.0727028578576566,0.062061533234112815,0.055555555555555504,0.00625,0.1317623105037608,0.025665666896338077,0.3177957341325045,0.23039215686274508,0.4881593041107212,0.7120152574698029,0.8494433347766983,0.1317623105037608
f__pymfe.model-based.var_importance.kurtosis,38,44,22,6.254954722906164,4.816317068997674,3.0774131873535002,-0.9973965447048859,0.13068159508133095,4.252155533513979,0.386253248789817,0.3349282296650718,0.01501994034813053,0.627746367163102,0.1413663748007651,0.13068159508133095
f__pymfe.statistical.median.median,39,47,18,18.128939509138057,23.708739135347592,4.05,2.53684139310825,-0.1298431321164773,10.044806164515633,0.23374479036438275,0.1260229132569558,0.8314928036039257,0.9842361240767559,1.0,0.1298431321164773
f__pymfe.statistical.median.quantiles.2,39,47,18,18.128939509138057,23.708739135347592,4.05,2.53684139310825,-0.1298431321164773,10.044806164515633,0.23374479036438275,0.1260229132569558,0.8314928036039257,0.9842361240767559,1.0,0.1298431321164773
f__pymfe.statistical.can_cor.count,46,58,0,2.5869565217391304,2.1982758620689653,1.0,1.0,0.1291465947613992,0.6176161919040478,0.20521481084651252,0.09220389805097451,0.9619113446200014,0.9905555555555556,1.0,0.1291465947613992
f__pymfe.landmarking.random_node.histogram.1.relative,46,58,0,3.9836956521739126,4.130172413793104,3.6,3.8,-0.12858433747641485,0.166791604197901,0.14641768213153614,0.1934032983508246,0.24970742808964294,0.9733840304182511,0.5908881828650044,0.12858433747641485
f__pymfe.relative.random_node.histogram.1.relative,46,58,0,3.9836956521739126,4.130172413793104,3.6,3.8,-0.12858433747641485,0.166791604197901,0.14641768213153614,0.1934032983508246,0.24970742808964294,0.9733840304182511,0.5908881828650044,0.12858433747641485
f__pymfe.statistical.nr_norm,39,47,18,1.1794871794871795,0.6787234042553191,0.0,0.0,0.12818760873846233,0.8008183306055651,0.20499683066476623,0.22476813966175668,0.19025891533095923,0.9611940298507415,0.5216483672899519,0.12818760873846233
f__pymfe.statistical.max.histogram.1,39,47,18,0.049556431066669904,0.06113006747372836,0.0,0.0111111111111111,-0.12808689317886746,0.019241659671318353,0.21294987333464,0.15602836879432624,0.605717023805685,0.9247252747252743,0.9034996947269157,0.12808689317886746
f__pymfe.landmarking.elite_nn.histogram.3.relative,46,58,0,4.083695652173913,3.9344827586206894,4.324999999999999,4.05,0.12778068560425837,0.1809970014992504,0.1549994802268184,0.16041979010494753,0.4633920052514057,0.9714285714285715,0.8265578414730614,0.12778068560425837
f__pymfe.relative.elite_nn.histogram.3.relative,46,58,0,4.083695652173913,3.9344827586206894,4.324999999999999,4.05,0.12778068560425837,0.1809970014992504,0.1549994802268184,0.16041979010494753,0.4633920052514057,0.9714285714285715,0.8265578414730614,0.12778068560425837
f__pymfe.model-based.leaves_per_class.sd,39,47,18,0.07738302338161937,0.08721597178127052,0.0636629924272689,0.057942409574769906,-0.12694904069807422,0.017613677076418935,0.22740273996519425,0.14020731042007636,0.7262192501335131,0.7158614082264653,0.9816732130859414,0.12694904069807422
f__pymfe.landmarking.one_nn.kurtosis,39,47,18,-0.8789256418870752,-0.9713613024021701,-1.0516448249889834,-1.1360975534322646,0.12692241073632132,0.12043761634033193,0.16537159494581455,0.14675395526459356,0.6781304536376807,0.9218453380642785,0.9512828255057482,0.12692241073632132
f__pymfe.relative.one_nn.kurtosis,39,47,18,-0.8789256418870752,-0.9713613024021701,-1.0516448249889834,-1.1360975534322646,0.12692241073632132,0.12043761634033193,0.16537159494581455,0.14675395526459356,0.6781304536376807,0.9218453380642785,0.9512828255057482,0.12692241073632132
f__pymfe.statistical.g_mean.histogram.1,29,33,42,0.060398693607800834,0.050025660669851785,0.00625,0.0,0.12689085038011316,0.014623910240755388,0.1788908236802334,0.15778474399164055,0.7598999683352027,0.9224999999999999,0.9937630606310162,0.12689085038011316
f__pymfe.model-based.nodes_per_level.histogram.0,39,47,18,0.26114423740985804,0.27283530889245133,0.2569191919191919,0.26053571428571426,-0.1263953580346288,0.03560058910677968,0.38488766518062517,0.20403709765411893,0.2824217010543366,0.6068031034436198,0.6257808645768289,0.1263953580346288
f__pymfe.statistical.sparsity.histogram.2,46,58,0,0.05001098089133758,0.040570382646392705,0.016247582205028976,0.0,0.12637285988970492,0.01235975933867013,0.1654490631473062,0.1896551724137931,0.2689483818394185,0.8696259073143493,0.6094134479586257,0.12637285988970492
f__pymfe.general.freq_class.sd,46,58,0,0.22146919484641864,0.19779186149388986,0.16077299114252536,0.1448145451951811,0.12624033399444856,0.03741605496914186,0.19949101555199614,0.14392803598200898,0.6001744139417048,0.7724516243513679,0.9019838783812205,0.12624033399444856
f__pymfe.model-based.leaves,39,47,18,277.323076923077,404.3042553191489,110.8,57.8,-0.1257764006592144,207.63267866884865,0.2056626919994537,0.3055100927441353,0.02782869186613995,0.37983101703264943,0.19051950585280425,0.1257764006592144
f__pymfe.model-based.leaves_branch.count,39,47,18,277.323076923077,404.3042553191489,110.8,57.8,-0.1257764006592144,207.63267866884865,0.2056626919994537,0.3055100927441353,0.02782869186613995,0.37983101703264943,0.19051950585280425,0.1257764006592144
f__pymfe.model-based.leaves_corrob.count,39,47,18,277.323076923077,404.3042553191489,110.8,57.8,-0.1257764006592144,207.63267866884865,0.2056626919994537,0.3055100927441353,0.02782869186613995,0.37983101703264943,0.19051950585280425,0.1257764006592144
f__pymfe.model-based.leaves_homo.count,39,47,18,277.323076923077,404.3042553191489,110.8,57.8,-0.1257764006592144,207.63267866884865,0.2056626919994537,0.3055100927441353,0.02782869186613995,0.37983101703264943,0.19051950585280425,0.1257764006592144
f__pymfe.model-based.nodes,39,47,18,276.323076923077,403.3042553191489,109.8,56.8,-0.1257764006592144,207.63267866884865,0.2056626919994537,0.3055100927441353,0.02782869186613995,0.37983101703264943,0.19051950585280425,0.1257764006592144
f__pymfe.model-based.tree_depth.count,39,47,18,553.646153846154,807.6085106382978,220.6,114.6,-0.1257764006592144,415.2653573376973,0.2056626919994537,0.3055100927441353,0.02782869186613995,0.37983101703264943,0.19051950585280425,0.1257764006592144
f__pymfe.model-based.tree_shape.count,39,47,18,277.323076923077,404.3042553191489,110.8,57.8,-0.1257764006592144,207.63267866884865,0.2056626919994537,0.3055100927441353,0.02782869186613995,0.37983101703264943,0.19051950585280425,0.1257764006592144
f__pymfe.landmarking.linear_discr.kurtosis.relative,46,58,0,3.539130434782609,3.4103448275862065,3.45,3.3,0.12380946862135142,0.15689655172413786,0.15083423621914244,0.10644677661169415,0.8936870432765207,0.796271637816245,1.0,0.12380946862135142
f__pymfe.relative.linear_discr.kurtosis.relative,46,58,0,3.539130434782609,3.4103448275862065,3.45,3.3,0.12380946862135142,0.15689655172413786,0.15083423621914244,0.10644677661169415,0.8936870432765207,0.796271637816245,1.0,0.12380946862135142
f__pymfe.statistical.skewness.histogram.8,39,42,23,0.022665823328034036,0.028070371215994518,0.0,0.0,-0.12379065698646192,0.005594544863671745,0.12814251970214485,0.09706959706959707,0.9747216687920096,0.7356945032745762,1.0,0.12379065698646192
f__pymfe.general.freq_class.quantiles.1,46,58,0,0.2794895434681508,0.29856573727651214,0.28560295901084565,0.3455769230769231,-0.12320546098925592,0.044209545059126186,0.28553166495653315,0.23388305847076463,0.09913491640244286,0.8006489734848011,0.3705587503160729,0.12320546098925592
f__pymfe.info-theory.mut_inf.histogram.6,17,36,51,0.02934336733098342,0.03640598843019164,0.0,0.009583333333333329,-0.12295076827606469,0.015295745998999775,0.2662784390547865,0.18137254901960784,0.7700404487168311,0.8203338806787082,0.9992603581404673,0.12295076827606469
f__pymfe.statistical.mad.histogram.1,39,47,18,0.061542775995241654,0.05080369358042961,0.0,0.0,0.1228879892710059,0.019213222032585325,0.21985809697719166,0.1287506819421713,0.8143586933283282,0.9984399375975039,1.0,0.1228879892710059
f__pymfe.info-theory.class_ent,46,58,0,1.4840205722290316,1.3697124728404646,0.9908759386293883,0.9927340388681432,0.12219943530890806,0.22512542563198293,0.24066710961915821,0.14392803598200898,0.6001744139417048,0.9025674889185,0.9019838783812205,0.12219943530890806
f__pymfe.landmarking.worst_node.histogram.8,39,47,18,0.04282051282051282,0.036382978723404256,0.02,0.02,0.12214833134024085,0.009929078014184398,0.1883982737620664,0.09438079650845609,0.977415183124369,0.8157894736842098,1.0,0.12214833134024085
f__pymfe.relative.worst_node.histogram.8,39,47,18,0.04282051282051282,0.036382978723404256,0.02,0.02,0.12214833134024085,0.009929078014184398,0.1883982737620664,0.09438079650845609,0.977415183124369,0.8157894736842098,1.0,0.12214833134024085
f__pymfe.landmarking.linear_discr.iq_range.relative,46,58,0,4.139130434782608,4.286206896551724,4.05,4.15,-0.1221014264917682,0.20352323838080955,0.16896298314227737,0.11544227886056972,0.8333054981633036,0.7353906762967826,1.0,0.1221014264917682
f__pymfe.relative.linear_discr.iq_range.relative,46,58,0,4.139130434782608,4.286206896551724,4.05,4.15,-0.1221014264917682,0.20352323838080955,0.16896298314227737,0.11544227886056972,0.8333054981633036,0.7353906762967826,1.0,0.1221014264917682
f__pymfe.landmarking.best_node.sd.relative,46,58,0,2.4293478260869565,2.605172413793104,2.0,2.55,-0.12205634781328943,0.3125562218890554,0.21697460763483656,0.19490254872563717,0.24226989964498075,0.8613636363636361,0.5849102733553077,0.12205634781328943
f__pymfe.relative.best_node.sd.relative,46,58,0,2.4293478260869565,2.605172413793104,2.0,2.55,-0.12205634781328943,0.3125562218890554,0.21697460763483656,0.19490254872563717,0.24226989964498075,0.8613636363636361,0.5849102733553077,0.12205634781328943
f__pymfe.info-theory.attr_conc.histogram.4,16,34,54,0.03719516594516593,0.031876326288090964,0.0208333333333333,0.01969696969696966,0.12202360757671585,0.012065587598675827,0.27680596168469124,0.16911764705882354,0.8558654925161521,0.6786994367639526,1.0,0.12202360757671585
f__pymfe.statistical.min.histogram.3,39,47,18,0.018477140985001916,0.02395723665317808,0.0,0.0,-0.12195882906596645,0.006184061241294384,0.13762549297090945,0.10583742498636116,0.9412037670686942,0.8939750588470984,1.0,0.12195882906596645
f__pymfe.landmarking.elite_nn.histogram.3,39,47,18,0.09589743589743589,0.09085106382978725,0.11000000000000001,0.09,0.1218309728059491,0.008854337152209494,0.21376396633952016,0.15548281505728315,0.6112309449507293,0.9166666666666667,0.9049833399362923,0.1218309728059491
f__pymfe.relative.elite_nn.histogram.3,39,47,18,0.09589743589743589,0.09085106382978725,0.11000000000000001,0.09,0.1218309728059491,0.008854337152209494,0.21376396633952016,0.15548281505728315,0.6112309449507293,0.9166666666666667,0.9049833399362923,0.1218309728059491
f__pymfe.statistical.t_mean.histogram.2,39,47,18,0.05114002101667784,0.0614318317662071,0.0,0.025,-0.1211970199451274,0.018165872312464575,0.21392247123035266,0.14293507910529188,0.7073415236542259,0.9439746300211407,0.9732479843905408,0.1211970199451274
f__pymfe.model-based.tree_depth.mean,39,47,18,8.586824648526564,8.10441042881129,8.07427665538346,7.08883718360776,0.12044397413096908,1.4549704190433295,0.3632613060535612,0.22913256955810146,0.17377101107764548,0.5924323500117581,0.4979984968629482,0.12044397413096908
f__pymfe.landmarking.best_node.kurtosis.relative,46,58,0,3.7065217391304346,3.5232758620689655,4.0,3.8,0.12018903506567319,0.20888305847076458,0.13700419153630541,0.11094452773613193,0.8653417348556454,0.9676136363636364,1.0,0.12018903506567319
f__pymfe.relative.best_node.kurtosis.relative,46,58,0,3.7065217391304346,3.5232758620689655,4.0,3.8,0.12018903506567319,0.20888305847076458,0.13700419153630541,0.11094452773613193,0.8653417348556454,0.9676136363636364,1.0,0.12018903506567319
f__pymfe.model-based.leaves_corrob.max,39,47,18,0.21791791536978353,0.240001137078849,0.13871858424997174,0.1799270805833553,-0.11965697200269487,0.037862128967083394,0.20515429159128998,0.16039279869067102,0.5716938641371889,0.8846442178726576,0.8897924350523407,0.11965697200269487
f__pymfe.model-based.leaves_corrob.quantiles.4,39,47,18,0.21791791536978353,0.240001137078849,0.13871858424997174,0.1799270805833553,-0.11965697200269487,0.037862128967083394,0.20515429159128998,0.16039279869067102,0.5716938641371889,0.8846442178726576,0.8897924350523407,0.11965697200269487
f__pymfe.info-theory.joint_ent.range,17,36,51,1.6046632430841559,1.7646088204164754,1.4302112275507088,1.5386308312567176,-0.11951346248323727,0.3104203382692489,0.23195020500438174,0.18137254901960784,0.7700404487168311,0.7360552605081434,0.9992603581404673,0.11951346248323727
f__pymfe.statistical.can_cor.min,39,47,18,0.4391301683006115,0.4692320081966757,0.4100041034926778,0.470064772898397,-0.1194515756764384,0.04561981690547476,0.18103076191505774,0.15984724495362793,0.5772278257324267,0.8610222886481829,0.8897924350523407,0.1194515756764384
f__pymfe.statistical.can_cor.quantiles.0,39,47,18,0.4391301683006115,0.4692320081966757,0.4100041034926778,0.470064772898397,-0.1194515756764384,0.04561981690547476,0.18103076191505774,0.15984724495362793,0.5772278257324267,0.8610222886481829,0.8897924350523407,0.1194515756764384
f__pymfe.landmarking.linear_discr.histogram.6,39,47,18,0.08846153846153847,0.08276595744680851,0.08,0.08,0.11933615085459268,0.009459901800327334,0.19820774481021403,0.13584288052373159,0.7597980716481314,0.7560975609756103,0.9937630606310162,0.11933615085459268
f__pymfe.relative.linear_discr.histogram.6,39,47,18,0.08846153846153847,0.08276595744680851,0.08,0.08,0.11933615085459268,0.009459901800327334,0.19820774481021403,0.13584288052373159,0.7597980716481314,0.7560975609756103,0.9937630606310162,0.11933615085459268
f__pymfe.model-based.nodes_repeated.skewness,38,42,24,0.6169928064464808,0.526520726837955,0.3778857978291036,0.22357507366563156,0.11837107477315996,0.21494224781424193,0.2812242738093649,0.22305764411027568,0.22918335483699254,0.744928820168793,0.5639811589076222,0.11837107477315996
f__pymfe.info-theory.class_conc.histogram.1,17,36,51,0.10522895920728736,0.09500646410737218,0.1,0.09232954545454544,0.11749530812209844,0.013836338223654597,0.15903209607636332,0.17483660130718953,0.8039416456534332,0.9418004587155964,1.0,0.11749530812209844
f__pymfe.statistical.range.kurtosis,35,43,26,6.2379835153563725,4.371671556288662,1.2512253285716919,-0.9199999999999996,0.11662504839998239,6.560493492865084,0.4099624756813774,0.38870431893687707,0.003934616139921932,0.5804945623873203,0.07997577074098139,0.11662504839998239
f__pymfe.info-theory.attr_conc.histogram.2,16,34,54,0.05391414141414138,0.06063141923436038,0.04513888888888884,0.037689393939393884,-0.11604116192821387,0.01513074548001019,0.2613840507021355,0.20588235294117646,0.6530318008321413,0.7016656124815519,0.9342391145591725,0.11604116192821387
f__pymfe.landmarking.naive_bayes.quantiles.3,39,47,18,0.7273410950081534,0.7080329914280238,0.7155702243018419,0.7429563492063492,0.1154965372839046,0.045813176645226626,0.2740436543931165,0.15657392253136934,0.6001965133298259,0.7229405380812393,0.9019838783812205,0.1154965372839046
f__pymfe.relative.naive_bayes.quantiles.3,39,47,18,0.7273410950081534,0.7080329914280238,0.7155702243018419,0.7429563492063492,0.1154965372839046,0.045813176645226626,0.2740436543931165,0.15657392253136934,0.6001965133298259,0.7229405380812393,0.9019838783812205,0.1154965372839046
f__pymfe.general.nr_cat,46,58,0,9.0,12.0,0.0,3.0,-0.11503169077513378,5.4797601199400265,0.21011535721295038,0.2556221889055472,0.05607087103281819,0.554662379421222,0.2661330578719651,0.11503169077513378
f__pymfe.info-theory.attr_ent.count,46,58,0,9.0,12.0,0.0,3.0,-0.11503169077513378,5.4797601199400265,0.21011535721295038,0.2556221889055472,0.05607087103281819,0.554662379421222,0.2661330578719651,0.11503169077513378
f__pymfe.info-theory.class_conc.count,46,58,0,9.0,12.0,0.0,3.0,-0.11503169077513378,5.4797601199400265,0.21011535721295038,0.2556221889055472,0.05607087103281819,0.554662379421222,0.2661330578719651,0.11503169077513378
f__pymfe.info-theory.joint_ent.count,46,58,0,9.0,12.0,0.0,3.0,-0.11503169077513378,5.4797601199400265,0.21011535721295038,0.2556221889055472,0.05607087103281819,0.554662379421222,0.2661330578719651,0.11503169077513378
f__pymfe.info-theory.mut_inf.count,46,58,0,9.0,12.0,0.0,3.0,-0.11503169077513378,5.4797601199400265,0.21011535721295038,0.2556221889055472,0.05607087103281819,0.554662379421222,0.2661330578719651,0.11503169077513378
f__pymfe.model-based.tree_imbalance.range,39,47,18,0.2536098452990692,0.2595337239984691,0.2511771450264728,0.2544902005291427,-0.11473931951238492,0.018062747150666334,0.3498564744078379,0.15602836879432624,0.605717023805685,0.7320708576124992,0.9034996947269157,0.11473931951238492
f__pymfe.info-theory.attr_ent.histogram.5,17,36,51,0.1364405666572849,0.11157111265115649,0.04545454545454545,0.06249999999999999,0.11464387179013191,0.036999856450643354,0.17056292422566097,0.15522875816993464,0.8942675339143319,0.896652497343253,1.0,0.11464387179013191
f__pymfe.model-based.leaves_per_class.median,39,47,18,0.3614715778451096,0.38111424681412026,0.5,0.5,-0.11397515070388478,0.021200298664013583,0.12301318313770955,0.10310965630114566,0.9526489411217736,0.978962533391448,1.0,0.11397515070388478
f__pymfe.model-based.leaves_per_class.quantiles.2,39,47,18,0.3614715778451096,0.38111424681412026,0.5,0.5,-0.11397515070388478,0.021200298664013583,0.12301318313770955,0.10310965630114566,0.9526489411217736,0.978962533391448,1.0,0.11397515070388478
f__pymfe.model-based.nodes_repeated.kurtosis,38,42,24,-0.1916205783704492,-0.4367481479235089,-0.6354399458022378,-1.337142541401563,0.11376884946953075,0.7045399549071644,0.3269917791019956,0.2869674185463659,0.05789455481083191,0.8478696487131112,0.2684210714300091,0.11376884946953075
f__pymfe.statistical.eigenvalues.count,46,58,0,30.47826086956522,24.637931034482758,15.0,6.0,0.11366692489807148,9.901799100449779,0.19271292657921013,0.2593703148425787,0.05061891184543857,0.698362147406734,0.251836946510536,0.11366692489807148
f__pymfe.statistical.can_cor.histogram.1,39,47,18,0.021904761904761903,0.029045162874950105,0.0,0.0,-0.1133852873912242,0.01004976111359091,0.1595841825739403,0.127114020731042,0.8227577912277843,0.8267857142857135,1.0,0.1133852873912242
f__pymfe.general.nr_num,46,58,0,30.5,24.689655172413794,15.0,6.0,0.11312487794110176,9.871814092953525,0.19219991196056888,0.2593703148425787,0.05061891184543857,0.698362147406734,0.251836946510536,0.11312487794110176
f__pymfe.statistical.g_mean.count,46,58,0,30.5,24.689655172413794,15.0,6.0,0.11312487794110176,9.871814092953525,0.19219991196056888,0.2593703148425787,0.05061891184543857,0.698362147406734,0.251836946510536,0.11312487794110176
f__pymfe.statistical.kurtosis.count,46,58,0,30.5,24.689655172413794,15.0,6.0,0.11312487794110176,9.871814092953525,0.19219991196056888,0.2593703148425787,0.05061891184543857,0.698362147406734,0.251836946510536,0.11312487794110176
f__pymfe.statistical.mad.count,46,58,0,30.5,24.689655172413794,15.0,6.0,0.11312487794110176,9.871814092953525,0.19219991196056888,0.2593703148425787,0.05061891184543857,0.698362147406734,0.251836946510536,0.11312487794110176
f__pymfe.statistical.max.count,46,58,0,30.5,24.689655172413794,15.0,6.0,0.11312487794110176,9.871814092953525,0.19219991196056888,0.2593703148425787,0.05061891184543857,0.698362147406734,0.251836946510536,0.11312487794110176
f__pymfe.statistical.mean.count,46,58,0,30.5,24.689655172413794,15.0,6.0,0.11312487794110176,9.871814092953525,0.19219991196056888,0.2593703148425787,0.05061891184543857,0.698362147406734,0.251836946510536,0.11312487794110176
f__pymfe.statistical.median.count,46,58,0,30.5,24.689655172413794,15.0,6.0,0.11312487794110176,9.871814092953525,0.19219991196056888,0.2593703148425787,0.05061891184543857,0.698362147406734,0.251836946510536,0.11312487794110176
f__pymfe.statistical.min.count,46,58,0,30.5,24.689655172413794,15.0,6.0,0.11312487794110176,9.871814092953525,0.19219991196056888,0.2593703148425787,0.05061891184543857,0.698362147406734,0.251836946510536,0.11312487794110176
f__pymfe.statistical.range.count,46,58,0,30.5,24.689655172413794,15.0,6.0,0.11312487794110176,9.871814092953525,0.19219991196056888,0.2593703148425787,0.05061891184543857,0.698362147406734,0.251836946510536,0.11312487794110176
f__pymfe.statistical.sd.count,46,58,0,30.5,24.689655172413794,15.0,6.0,0.11312487794110176,9.871814092953525,0.19219991196056888,0.2593703148425787,0.05061891184543857,0.698362147406734,0.251836946510536,0.11312487794110176
f__pymfe.statistical.skewness.count,46,58,0,30.5,24.689655172413794,15.0,6.0,0.11312487794110176,9.871814092953525,0.19219991196056888,0.2593703148425787,0.05061891184543857,0.698362147406734,0.251836946510536,0.11312487794110176
f__pymfe.statistical.var.count,46,58,0,30.5,24.689655172413794,15.0,6.0,0.11312487794110176,9.871814092953525,0.19219991196056888,0.2593703148425787,0.05061891184543857,0.698362147406734,0.251836946510536,0.11312487794110176
f__pymfe.landmarking.random_node.quantiles.1,39,47,18,0.43455700913313694,0.45777863321436957,0.5,0.5,-0.11281681220541619,0.03789485512542835,0.18410326251435782,0.19912711402073105,0.3099741766484041,0.8261333938996424,0.6603439241898184,0.11281681220541619
f__pymfe.relative.random_node.quantiles.1,39,47,18,0.43455700913313694,0.45777863321436957,0.5,0.5,-0.11281681220541619,0.03789485512542835,0.18410326251435782,0.19912711402073105,0.3099741766484041,0.8261333938996424,0.6603439241898184,0.11281681220541619
f__pymfe.landmarking.one_nn.min.relative,46,58,0,5.071739130434783,4.9017241379310335,5.0,5.0,0.11277416150285663,0.20667166416791605,0.13708922542476773,0.12218890554722639,0.7828644485952163,0.9764705882352942,0.9993217901589934,0.11277416150285663
f__pymfe.landmarking.one_nn.quantiles.0.relative,46,58,0,5.071739130434783,4.9017241379310335,5.0,5.0,0.11277416150285663,0.20667166416791605,0.13708922542476773,0.12218890554722639,0.7828644485952163,0.9764705882352942,0.9993217901589934,0.11277416150285663
f__pymfe.relative.one_nn.min.relative,46,58,0,5.071739130434783,4.9017241379310335,5.0,5.0,0.11277416150285663,0.20667166416791605,0.13708922542476773,0.12218890554722639,0.7828644485952163,0.9764705882352942,0.9993217901589934,0.11277416150285663
f__pymfe.relative.one_nn.quantiles.0.relative,46,58,0,5.071739130434783,4.9017241379310335,5.0,5.0,0.11277416150285663,0.20667166416791605,0.13708922542476773,0.12218890554722639,0.7828644485952163,0.9764705882352942,0.9993217901589934,0.11277416150285663
f__pymfe.statistical.min.histogram.5,39,47,18,0.14453104495546729,0.181668288463469,0.0,0.0,-0.11264641825154907,0.03745522030774145,0.11361092030378281,0.09219858156028368,0.9811223660104332,1.0,1.0,0.11264641825154907
f__pymfe.landmarking.naive_bayes.histogram.6,39,47,18,0.09384615384615384,0.08829787234042553,0.09,0.09,0.1122174881477788,0.011996726677577745,0.24264135342867835,0.14020731042007636,0.7262192501335131,0.7112299465240645,0.9816732130859414,0.1122174881477788
f__pymfe.relative.naive_bayes.histogram.6,39,47,18,0.09384615384615384,0.08829787234042553,0.09,0.09,0.1122174881477788,0.011996726677577745,0.24264135342867835,0.14020731042007636,0.7262192501335131,0.7112299465240645,0.9816732130859414,0.1122174881477788
f__pymfe.general.freq_class.max,46,58,0,0.5362754256036607,0.5638472202831939,0.5673601685046734,0.558,-0.11154743293493037,0.06277706423235323,0.25397767695943096,0.1656671664167916,0.4256216786244734,0.7413736565318262,0.8027079820108789,0.11154743293493037
f__pymfe.general.freq_class.quantiles.4,46,58,0,0.5362754256036607,0.5638472202831939,0.5673601685046734,0.558,-0.11154743293493037,0.06277706423235323,0.25397767695943096,0.1656671664167916,0.4256216786244734,0.7413736565318262,0.8027079820108789,0.11154743293493037
f__pymfe.landmarking.linear_discr.histogram.5.relative,46,58,0,3.5934782608695657,3.4931034482758614,3.45,3.4000000000000004,0.11084142782045925,0.2057721139430285,0.22722906599488962,0.13718140929535233,0.655142299616474,0.8974358974358974,0.9342391145591725,0.11084142782045925
f__pymfe.relative.linear_discr.histogram.5.relative,46,58,0,3.5934782608695657,3.4931034482758614,3.45,3.4000000000000004,0.11084142782045925,0.2057721139430285,0.22722906599488962,0.13718140929535233,0.655142299616474,0.8974358974358974,0.9342391145591725,0.11084142782045925
f__pymfe.general.nr_bin,46,58,0,11.58695652173913,7.646551724137931,0.0,1.0,0.11070591970541846,7.290179910044973,0.2048180613958269,0.2901049475262369,0.020452291092246708,0.7382315150099291,0.16337075583841287,0.11070591970541846
f__pymfe.landmarking.random_node.histogram.6,39,47,18,0.06076923076923076,0.06787234042553192,0.05,0.05,-0.11052610630569028,0.00752864157119476,0.11714748594612313,0.05946535733769776,0.9999717465483106,0.8695652173913048,1.0,0.11052610630569028
f__pymfe.relative.random_node.histogram.6,39,47,18,0.06076923076923076,0.06787234042553192,0.05,0.05,-0.11052610630569028,0.00752864157119476,0.11714748594612313,0.05946535733769776,0.9999717465483106,0.8695652173913048,1.0,0.11052610630569028
f__pymfe.landmarking.worst_node.histogram.8.relative,46,58,0,4.122826086956522,4.285344827586208,3.3,3.825,-0.11005323711670488,0.21709145427286355,0.1470083831595829,0.19415292353823088,0.24535562028387436,0.9919954259576901,0.5849102733553077,0.11005323711670488
f__pymfe.relative.worst_node.histogram.8.relative,46,58,0,4.122826086956522,4.285344827586208,3.3,3.825,-0.11005323711670488,0.21709145427286355,0.1470083831595829,0.19415292353823088,0.24535562028387436,0.9919954259576901,0.5849102733553077,0.11005323711670488
f__pymfe.statistical.sparsity.histogram.5,46,58,0,0.11091197591081957,0.08125161171909055,0.0,0.0,0.10983847087108517,0.02966036419172904,0.10983847087108525,0.27061469265367316,0.036647478915901935,1.0,0.22705546244580443,0.10983847087108517
f__pymfe.statistical.nr_disc,39,47,18,3.051282051282051,2.7127659574468086,1.0,1.0,0.1096612026695165,0.6234042553191488,0.2019498086872789,0.10310965630114566,0.9526489411217736,0.9962499999999999,1.0,0.1096612026695165
f__pymfe.model-based.tree_imbalance.iq_range,39,47,18,0.0951128371135854,0.09966701374944766,0.09897953221561748,0.10108675460959526,-0.1093001154935252,0.01064457615839241,0.2554695385177203,0.1702127659574468,0.4936970289594369,0.7118851891468927,0.8527760974137782,0.1093001154935252
f__pymfe.model-based.leaves_per_class.histogram.0,39,47,18,0.3763167388167388,0.3606019925700777,0.45,0.4,0.10914827245356723,0.030749427877087447,0.21357309109797093,0.15984724495362793,0.5772278257324267,0.8503299978709816,0.8897924350523407,0.10914827245356723
f__pymfe.model-based.nodes_per_level.histogram.6,39,47,18,0.07177259483903857,0.06740571762248282,0.06774509803921568,0.0609259259259259,0.108936424870297,0.013810199479184548,0.3445102033792884,0.18276050190943807,0.4079841091178086,0.5607164072832198,0.7893605589453253,0.108936424870297
f__pymfe.model-based.nodes_per_level.quantiles.1,39,47,18,3.3608974358974355,3.0808510638297877,2.95,2.2,0.10867417547383884,0.9319012547735948,0.3616315388691865,0.3311511183851609,0.013261834517581275,0.8098676293622162,0.13034023863291536,0.10867417547383884
f__pymfe.model-based.tree_depth.median,39,47,18,8.3974358974359,7.991489361702128,8.0,7.0,0.10821145612684399,1.4670485542825966,0.39106494647318246,0.2078559738134206,0.26401459025799273,0.5815926892950405,0.6068168918124883,0.10821145612684399
f__pymfe.model-based.tree_depth.quantiles.2,39,47,18,8.3974358974359,7.991489361702128,8.0,7.0,0.10821145612684399,1.4670485542825966,0.39106494647318246,0.2078559738134206,0.26401459025799273,0.5815926892950405,0.6068168918124883,0.10821145612684399
f__pymfe.model-based.leaves_branch.histogram.8,39,47,18,0.06320759413149586,0.06716192953481247,0.059535910735719136,0.06777577320684586,-0.107989866811861,0.013412263134718671,0.36627861874061085,0.19094380796508456,0.3562070778312718,0.5801843591627083,0.7214206557341308,0.107989866811861
f__pymfe.landmarking.worst_node.quantiles.1,39,47,18,0.40758002728328313,0.42735628581655777,0.5,0.4994617224880383,-0.10663351130286478,0.03244534928560623,0.17494520077955342,0.127114020731042,0.8227577912277843,0.7026811289507564,1.0,0.10663351130286478
f__pymfe.relative.worst_node.quantiles.1,39,47,18,0.40758002728328313,0.42735628581655777,0.5,0.4994617224880383,-0.10663351130286478,0.03244534928560623,0.17494520077955342,0.127114020731042,0.8227577912277843,0.7026811289507564,1.0,0.10663351130286478
f__pymfe.landmarking.one_nn.histogram.3.relative,46,58,0,4.442391304347826,4.361206896551724,4.6,4.475,0.10628787541104903,0.15577211394302842,0.20393924755693377,0.14392803598200898,0.6001744139417048,0.8996023856858847,0.9019838783812205,0.10628787541104903
f__pymfe.relative.one_nn.histogram.3.relative,46,58,0,4.442391304347826,4.361206896551724,4.6,4.475,0.10628787541104903,0.15577211394302842,0.20393924755693377,0.14392803598200898,0.6001744139417048,0.8996023856858847,0.9019838783812205,0.10628787541104903
f__pymfe.model-based.leaves_per_class.quantiles.3,39,47,18,0.39847111470939617,0.41605278100630355,0.5062457920942911,0.5093894811096678,-0.10563967983126915,0.024312583224640475,0.14608248526329282,0.16312056737588654,0.5537590731657883,0.993312636891099,0.8897924350523407,0.10563967983126915
f__pymfe.model-based.leaves_per_class.iq_range,39,47,18,0.06874133315989325,0.07579507164030559,0.053238599212167226,0.040971470728608114,-0.10534654739773523,0.017966938714461193,0.2683335887956745,0.2198581560283688,0.2118290653363584,0.8123096947136693,0.5447033108649216,0.10534654739773523
f__pymfe.landmarking.random_node.histogram.6.relative,46,58,0,3.9630434782608703,4.0905172413793105,3.85,3.8,-0.10480918039035521,0.16150674662668674,0.1327911668044819,0.12743628185907047,0.7403056576076571,0.9408934707903779,0.9891783227859093,0.10480918039035521
f__pymfe.relative.random_node.histogram.6.relative,46,58,0,3.9630434782608703,4.0905172413793105,3.85,3.8,-0.10480918039035521,0.16150674662668674,0.1327911668044819,0.12743628185907047,0.7403056576076571,0.9408934707903779,0.9891783227859093,0.10480918039035521
f__pymfe.statistical.can_cor.histogram.5,39,47,18,0.603011803011803,0.6512859599029812,1.0,1.0,-0.10458021524786587,0.04931233856765771,0.10682931228414075,0.07419530823786143,0.9986646113854482,1.0,1.0,0.10458021524786587
f__pymfe.statistical.range.histogram.1,39,47,18,0.05937096919629592,0.04936572680619888,0.0,0.0,0.10427654151383328,0.016217472584512026,0.16902158761112426,0.12929623567921442,0.8100131971263029,0.811780938788021,1.0,0.10427654151383328
f__pymfe.model-based.leaves_per_class.histogram.4,39,47,18,0.032001887001887,0.02692716857610474,0.0,0.0,0.1040980165173666,0.007602663294152655,0.15595390773798135,0.10310965630114566,0.9526489411217736,0.9364864864864862,1.0,0.1040980165173666
f__pymfe.statistical.kurtosis.histogram.5,39,42,23,0.06617134034897192,0.08724446497907473,0.019047619047619042,0.013809523809523796,-0.10397225373317551,0.034583817633982286,0.17063238248806067,0.16483516483516483,0.5672900235504216,0.2997638505625145,0.8897924350523407,0.10397225373317551
f__pymfe.info-theory.attr_conc.min,16,34,54,0.00658060138634748,0.00501734183646722,8.279714514372664e-05,0.0009135900428712371,0.1031549744065735,0.002859476971246922,0.18868861143868018,0.27941176470588236,0.2998663438341593,0.771886928044783,0.6500485559165401,0.1031549744065735
f__pymfe.info-theory.attr_conc.quantiles.0,16,34,54,0.00658060138634748,0.00501734183646722,8.279714514372664e-05,0.0009135900428712371,0.1031549744065735,0.002859476971246922,0.18868861143868018,0.27941176470588236,0.2998663438341593,0.771886928044783,0.6500485559165401,0.1031549744065735
f__pymfe.statistical.max.histogram.5,39,47,18,0.11976966067768284,0.1516638801664662,0.0,0.0,-0.10265052179021773,0.031894219488783335,0.10265052179021764,0.22476813966175668,0.19025891533095923,1.0,0.5216483672899519,0.10265052179021773
f__pymfe.model-based.tree_depth.histogram.3,39,47,18,0.12983174815415272,0.1238651774796701,0.12818412519487138,0.13049038287987513,0.10184916875735471,0.010658232961360025,0.18193569250411817,0.13584288052373159,0.7597980716481314,0.7576059228648714,0.9937630606310162,0.10184916875735471
f__pymfe.statistical.can_cor.sd,16,17,71,0.2180213482922324,0.2310255833023593,0.21655226780569387,0.21960672719699453,-0.10074506781549969,0.036008475197892804,0.2789611440364956,0.2610294117647059,0.5429932690186264,0.8389349367905684,0.8897924350523407,0.10074506781549969
f__pymfe.statistical.iq_range.count,39,47,18,35.97435897435897,30.46808510638298,21.0,7.0,0.10037144827452153,10.978177850518277,0.20011638300091136,0.28805237315875615,0.04500301621379085,0.6011042097998647,0.24438926093048458,0.10037144827452153
f__pymfe.statistical.t_mean.count,39,47,18,35.97435897435897,30.46808510638298,21.0,7.0,0.10037144827452153,10.978177850518277,0.20011638300091136,0.28805237315875615,0.04500301621379085,0.6011042097998647,0.24438926093048458,0.10037144827452153
f__pymfe.model-based.var_importance.count,39,47,18,35.97435897435897,30.46808510638298,21.0,7.0,0.10037144827452153,10.978177850518277,0.20011638300091136,0.28805237315875615,0.04500301621379085,0.6011042097998647,0.24438926093048458,0.10037144827452153
f__pymfe.model-based.leaves_homo.histogram.1,39,47,18,0.08601822286637374,0.0799295962859331,0.07129629629629629,0.07222222222222222,0.10022857039500978,0.00978855292854871,0.16113529928342574,0.10256410256410256,0.9537589448490406,0.739225136652504,1.0,0.10022857039500978
f__pymfe.statistical.h_mean.kurtosis,27,29,48,4.932978155285391,3.4255449380525627,2.074235275826111,-1.1948966239105938,0.10007857974485128,5.453433220901936,0.3620537515307779,0.4278416347381865,0.007933768623928828,0.9234516502121239,0.098188107996023,0.10007857974485128
f__pymfe.statistical.max.histogram.2,39,47,18,0.040608104052995544,0.048854317705998816,0.0,0.0,-0.10004646367132886,0.020121764347303426,0.24412554057974922,0.13747954173486088,0.751563583101044,0.6725744149057032,0.9911667077603459,0.10004646367132886
f__pymfe.statistical.mad.histogram.3,39,47,18,0.04090128660001382,0.04859066418659627,0.0,0.01666666666666666,-0.09947731469635114,0.021522991274467513,0.2784424814763993,0.24549918166939444,0.1241138932276048,0.7931121577520486,0.4239455372081511,0.09947731469635114
f__pymfe.statistical.max.kurtosis,35,42,27,7.151580213150219,5.496775077038573,4.314211334059909,-0.6447540292585905,0.09945127879933083,6.4069983268806805,0.385050881803927,0.34285714285714286,0.017027073008950705,0.7513577340502509,0.1498756646172474,0.09945127879933083
f__pymfe.model-based.leaves_per_class.histogram.1,39,47,18,0.027556332556332556,0.02203614942976645,0.0,0.0,0.09899376535394068,0.009794336868804958,0.1756424132239007,0.11620294599018004,0.8927569228068,0.8022922636103165,1.0,0.09899376535394068
f__pymfe.landmarking.best_node.count,46,58,0,8.478260869565217,8.10344827586207,10.0,10.0,0.09872614187715553,0.37481259370314823,0.09872614187715574,0.037481259370314844,0.999999999785561,1.0,1.0,0.09872614187715553
f__pymfe.landmarking.elite_nn.count,46,58,0,8.478260869565217,8.10344827586207,10.0,10.0,0.09872614187715553,0.37481259370314823,0.09872614187715574,0.037481259370314844,0.999999999785561,1.0,1.0,0.09872614187715553
f__pymfe.landmarking.linear_discr.count,46,58,0,8.478260869565217,8.10344827586207,10.0,10.0,0.09872614187715553,0.37481259370314823,0.09872614187715574,0.037481259370314844,0.999999999785561,1.0,1.0,0.09872614187715553
f__pymfe.landmarking.naive_bayes.count,46,58,0,8.478260869565217,8.10344827586207,10.0,10.0,0.09872614187715553,0.37481259370314823,0.09872614187715574,0.037481259370314844,0.999999999785561,1.0,1.0,0.09872614187715553
f__pymfe.landmarking.one_nn.count,46,58,0,8.478260869565217,8.10344827586207,10.0,10.0,0.09872614187715553,0.37481259370314823,0.09872614187715574,0.037481259370314844,0.999999999785561,1.0,1.0,0.09872614187715553
f__pymfe.landmarking.random_node.count,46,58,0,8.478260869565217,8.10344827586207,10.0,10.0,0.09872614187715553,0.37481259370314823,0.09872614187715574,0.037481259370314844,0.999999999785561,1.0,1.0,0.09872614187715553
f__pymfe.landmarking.worst_node.count,46,58,0,8.478260869565217,8.10344827586207,10.0,10.0,0.09872614187715553,0.37481259370314823,0.09872614187715574,0.037481259370314844,0.999999999785561,1.0,1.0,0.09872614187715553
f__pymfe.relative.best_node.count,46,58,0,8.478260869565217,8.10344827586207,10.0,10.0,0.09872614187715553,0.37481259370314823,0.09872614187715574,0.037481259370314844,0.999999999785561,1.0,1.0,0.09872614187715553
f__pymfe.relative.elite_nn.count,46,58,0,8.478260869565217,8.10344827586207,10.0,10.0,0.09872614187715553,0.37481259370314823,0.09872614187715574,0.037481259370314844,0.999999999785561,1.0,1.0,0.09872614187715553
f__pymfe.relative.linear_discr.count,46,58,0,8.478260869565217,8.10344827586207,10.0,10.0,0.09872614187715553,0.37481259370314823,0.09872614187715574,0.037481259370314844,0.999999999785561,1.0,1.0,0.09872614187715553
f__pymfe.relative.naive_bayes.count,46,58,0,8.478260869565217,8.10344827586207,10.0,10.0,0.09872614187715553,0.37481259370314823,0.09872614187715574,0.037481259370314844,0.999999999785561,1.0,1.0,0.09872614187715553
f__pymfe.relative.one_nn.count,46,58,0,8.478260869565217,8.10344827586207,10.0,10.0,0.09872614187715553,0.37481259370314823,0.09872614187715574,0.037481259370314844,0.999999999785561,1.0,1.0,0.09872614187715553
f__pymfe.relative.random_node.count,46,58,0,8.478260869565217,8.10344827586207,10.0,10.0,0.09872614187715553,0.37481259370314823,0.09872614187715574,0.037481259370314844,0.999999999785561,1.0,1.0,0.09872614187715553
f__pymfe.relative.worst_node.count,46,58,0,8.478260869565217,8.10344827586207,10.0,10.0,0.09872614187715553,0.37481259370314823,0.09872614187715574,0.037481259370314844,0.999999999785561,1.0,1.0,0.09872614187715553
f__pymfe.landmarking.naive_bayes.histogram.9.relative,46,58,0,4.306521739130435,4.209482758620689,4.25,4.0,0.09859439321411805,0.16315592203898055,0.1657711060876991,0.13418290854572715,0.6803965489115835,0.8654841093865484,0.9527930693674448,0.09859439321411805
f__pymfe.relative.naive_bayes.histogram.9.relative,46,58,0,4.306521739130435,4.209482758620689,4.25,4.0,0.09859439321411805,0.16315592203898055,0.1657711060876991,0.13418290854572715,0.6803965489115835,0.8654841093865484,0.9527930693674448,0.09859439321411805
f__pymfe.statistical.can_cor.range,39,47,18,0.2123338914936595,0.1832613285916644,0.0,0.0,0.09715582274602326,0.03666214268548635,0.12251897599286264,0.11565739225313694,0.8959229111682974,0.867927613699281,1.0,0.09715582274602326
f__pymfe.model-based.leaves_per_class.count,39,47,18,4.128205128205129,3.821276595744681,2.0,2.0,0.09642844614676016,0.5918166939443533,0.1859324180234718,0.10310965630114566,0.9526489411217736,1.0,1.0,0.09642844614676016
f__pymfe.landmarking.one_nn.range.relative,46,58,0,4.7760869565217385,4.886206896551724,5.0,5.0,-0.09626178285178713,0.23583208395802102,0.20615355265603882,0.14167916041979012,0.6159097552875136,0.8006097560975611,0.9085519594572714,0.09626178285178713
f__pymfe.relative.one_nn.range.relative,46,58,0,4.7760869565217385,4.886206896551724,5.0,5.0,-0.09626178285178713,0.23583208395802102,0.20615355265603882,0.14167916041979012,0.6159097552875136,0.8006097560975611,0.9085519594572714,0.09626178285178713
f__pymfe.statistical.g_mean.quantiles.3,29,33,42,61.00201697915491,50.356699792532005,2.4891501879399724,8.85996590451561,0.09612698818875809,24.84779567021556,0.22437506736849253,0.25287356321839083,0.22641277623164124,0.784941151431271,0.5597453647969337,0.09612698818875809
f__pymfe.statistical.skewness.min,39,42,23,-0.12963600886487353,-0.24702290720540723,-0.20492294284053725,-0.2968937930706737,0.0957636562710883,0.3925266335395115,0.32022130359453804,0.14652014652014653,0.7048513020199437,0.7959531437305327,0.9717485248157915,0.0957636562710883
f__pymfe.statistical.skewness.quantiles.0,39,42,23,-0.12963600886487353,-0.24702290720540723,-0.20492294284053725,-0.2968937930706737,0.0957636562710883,0.3925266335395115,0.32022130359453804,0.14652014652014653,0.7048513020199437,0.7959531437305327,0.9717485248157915,0.0957636562710883
f__pymfe.statistical.sparsity.histogram.0,46,58,0,0.42519411698910536,0.397755925420838,0.42374999999999996,0.36153846153846153,0.09559827957554239,0.05526982004858403,0.19256734526210978,0.136431784107946,0.6631490014003274,0.9611814982403214,0.9351801938761659,0.09559827957554239
f__pymfe.landmarking.best_node.histogram.1,39,47,18,0.03615384615384616,0.03276595744680852,0.03,0.030000000000000006,0.09496087619655537,0.00662847790507365,0.1857930186454345,0.1282051282051282,0.8159073675548332,0.7272727272727272,1.0,0.09496087619655537
f__pymfe.relative.best_node.histogram.1,39,47,18,0.03615384615384616,0.03276595744680852,0.03,0.030000000000000006,0.09496087619655537,0.00662847790507365,0.1857930186454345,0.1282051282051282,0.8159073675548332,0.7272727272727272,1.0,0.09496087619655537
f__pymfe.landmarking.one_nn.sd.relative,46,58,0,4.826086956521739,4.932758620689655,5.0,5.0,-0.09493628009413026,0.21446776611694154,0.19087329399108044,0.13718140929535233,0.655142299616474,0.8652173913043478,0.9342391145591725,0.09493628009413026
f__pymfe.relative.one_nn.sd.relative,46,58,0,4.826086956521739,4.932758620689655,5.0,5.0,-0.09493628009413026,0.21446776611694154,0.19087329399108044,0.13718140929535233,0.655142299616474,0.8652173913043478,0.9342391145591725,0.09493628009413026
f__pymfe.statistical.cor.histogram.7,38,40,26,0.04559633761417861,0.0406071674927381,0.022236544919611252,0.022361779917959655,0.09438985984379247,0.008176236011999854,0.15468579993011108,0.14605263157894738,0.72245788492227,0.6790362780393229,0.9816732130859414,0.09438985984379247
f__pymfe.statistical.kurtosis.histogram.0,39,42,23,0.46017504123117076,0.4340943296730591,0.4756756756756757,0.38208333333333333,0.09407635689528246,0.03288920536556572,0.11863543734530015,0.1043956043956044,0.9590698672604245,0.9435267496911989,1.0,0.09407635689528246
f__pymfe.statistical.eigenvalues.kurtosis,38,44,22,14.635623905065293,12.508205350022324,11.775359024602686,-0.13523972010906446,0.09387646422794971,8.049110285721211,0.35518258126176194,0.361244019138756,0.0068065330391635865,0.5728464787608543,0.098188107996023,0.09387646422794971
f__pymfe.statistical.max.histogram.7,39,47,18,0.011941466262574875,0.015338109711969892,0.0,0.0,-0.09386097828962284,0.00489602487518821,0.13529406055184992,0.05073649754500818,0.999999515535811,0.8146415449030181,1.0,0.09386097828962284
f__pymfe.landmarking.elite_nn.quantiles.1.relative,46,58,0,3.1869565217391305,3.0681034482758625,3.3,3.05,0.09347349835198492,0.27889805097451276,0.21934288906878646,0.21064467766116943,0.17216071380319892,0.8644067796610171,0.4979984968629482,0.09347349835198492
f__pymfe.relative.elite_nn.quantiles.1.relative,46,58,0,3.1869565217391305,3.0681034482758625,3.3,3.05,0.09347349835198492,0.27889805097451276,0.21934288906878646,0.21064467766116943,0.17216071380319892,0.8644067796610171,0.4979984968629482,0.09347349835198492
f__pymfe.info-theory.attr_ent.histogram.1,17,36,51,0.07986128422660929,0.09517916412055133,0.0,0.04337406015037591,-0.09306510308812416,0.02127646492728198,0.1292670014073847,0.1437908496732026,0.9326452453120879,0.7869950104619334,1.0,0.09306510308812416
f__pymfe.general.nr_inst,46,58,0,2654.8173913043474,2142.3999999999996,1262.4,293.6,0.092951122127902,1197.5160419790095,0.21722615539018741,0.5817091454272864,1.2273766420876903e-08,0.9370260672693709,1.96625738062448e-05,0.092951122127902
f__pymfe.model-based.leaves_per_class.mean,39,47,18,0.3651820401820402,0.3806506377782974,0.5,0.5,-0.09215861949149899,0.01737555588619418,0.10351987201195932,0.11129296235679215,0.9179535179961309,1.0,1.0,0.09215861949149899
f__pymfe.info-theory.class_conc.histogram.5,17,36,51,0.0406391647568118,0.05155937935058654,0.0,0.013307240704500976,-0.09143727519883348,0.04061209134447501,0.3400536629364267,0.2957516339869281,0.2147338019929932,0.4375000000000004,0.5495264389660944,0.09143727519883348
f__pymfe.model-based.nodes_per_level.histogram.3,39,47,18,0.07200392988244396,0.06851616032322251,0.07338805272628798,0.06690058479532161,0.09078303699647734,0.010874873748241037,0.2830617244216571,0.16748499727223132,0.5203210934215042,0.7582974072463556,0.875582344181985,0.09078303699647734
f__pymfe.statistical.nr_outliers,46,58,0,21.31086956521739,17.958620689655174,8.7,3.1,0.09065491953142793,13.406821589205398,0.3625608889607839,0.2691154422788606,0.03828318200392242,0.7066833620284865,0.2283259634961865,0.09065491953142793
f__pymfe.statistical.cor.histogram.8,38,40,26,0.036904916223381115,0.03224693660658932,0.014434429126899944,0.009062980030721961,0.08997502189308412,0.007317857381378694,0.14135407027682695,0.13026315789473683,0.8393395421381084,0.9693066641819629,1.0,0.08997502189308412
f__pymfe.general.freq_class.histogram.7,46,58,0,0.00891304347826087,0.012729885057471264,0.0,0.0,-0.08837235985978346,0.004536481759120443,0.105034382537111,0.05172413793103448,0.999992913339911,0.8608695652173929,1.0,0.08837235985978346
f__pymfe.statistical.max.histogram.6,39,47,18,0.01577845318210193,0.020555653585905966,0.0,0.0,-0.08797324904447641,0.008837241988167271,0.16273985275398425,0.10747408619749045,0.9348822706968998,0.3557692307692315,1.0,0.08797324904447641
f__pymfe.info-theory.joint_ent.histogram.4,17,36,51,0.07504456327985741,0.06617383302510842,0.01777777777777772,0.0072463768115942,0.08760631312960222,0.012561560122049422,0.1240565249810682,0.10457516339869281,0.9967965889765031,0.8916823308270679,1.0,0.08760631312960222
f__pymfe.statistical.can_cor.histogram.4,39,47,18,0.03093203093203093,0.02434658131466642,0.0,0.0,0.08713876352424223,0.008365426929256722,0.11069144877302325,0.03873431533006001,0.9999999999693547,0.9197323959014605,1.0,0.08713876352424223
f__pymfe.statistical.sd.histogram.1,39,47,18,0.06063903899228782,0.05166000366161596,0.0,0.0,0.08699655445361237,0.023872790395436886,0.23129995964064193,0.13693398799781778,0.7551489201672351,0.6168384879725082,0.9924106399572687,0.08699655445361237
f__pymfe.statistical.skewness.histogram.5,39,42,23,0.07369277016998768,0.08853873502979916,0.03333333333333332,0.033333333333333326,-0.08653683747870411,0.03214964565021558,0.18739965282835527,0.1227106227106227,0.8695613403490454,0.3446354664119715,1.0,0.08653683747870411
f__pymfe.statistical.min.median,39,47,18,4.18742764071282,1.9328425478595566,0.0,0.2,0.08606740698124812,7.12397207324201,0.2719532767666851,0.23731587561374795,0.1472352698063895,0.7083035522597787,0.46773591236205964,0.08606740698124812
f__pymfe.statistical.min.quantiles.2,39,47,18,4.18742764071282,1.9328425478595566,0.0,0.2,0.08606740698124812,7.12397207324201,0.2719532767666851,0.23731587561374795,0.1472352698063895,0.7083035522597787,0.46773591236205964,0.08606740698124812
f__pymfe.model-based.tree_depth.skewness,39,47,18,0.05100720923100497,0.020454397610017532,-0.01345401741448613,0.01371807387078062,0.0858942685461989,0.08514441402221103,0.23936969382578133,0.15057283142389524,0.6497690297123121,0.9902066354746297,0.9342391145591725,0.0858942685461989
f__pymfe.landmarking.linear_discr.skewness,38,47,19,-0.08047886607335364,-0.12240189563703828,-0.028214700309967564,-0.04023585690231997,0.08528546434713367,0.12617508867656582,0.2566823328088673,0.1786114221724524,0.44572854552326957,0.8780970789533951,0.8142042530539086,0.08528546434713367
f__pymfe.relative.linear_discr.skewness,38,47,19,-0.08047886607335364,-0.12240189563703828,-0.028214700309967564,-0.04023585690231997,0.08528546434713367,0.12617508867656582,0.2566823328088673,0.1786114221724524,0.44572854552326957,0.8780970789533951,0.8142042530539086,0.08528546434713367
f__pymfe.model-based.leaves_per_class.skewness,39,45,20,0.08662031861938731,0.06458192657197892,7.296370038807818e-17,-3.5682919202552294e-17,0.08458677989671473,0.06413793628076468,0.24617138525986687,0.1829059829059829,0.42528370558399836,0.7202142046636638,0.8027079820108789,0.08458677989671473
f__pymfe.model-based.leaves_branch.max,39,47,18,17.087179487179487,16.26808510638298,15.3,13.5,0.08357363131914824,3.199236224768139,0.32642366376831616,0.22858701582105836,0.1771694104230785,0.6797767738506522,0.502345832739419,0.08357363131914824
f__pymfe.model-based.leaves_branch.quantiles.4,39,47,18,17.087179487179487,16.26808510638298,15.3,13.5,0.08357363131914824,3.199236224768139,0.32642366376831616,0.22858701582105836,0.1771694104230785,0.6797767738506522,0.502345832739419,0.08357363131914824
f__pymfe.model-based.nodes_per_level.count,39,47,18,17.087179487179487,16.26808510638298,15.3,13.5,0.08357363131914824,3.199236224768139,0.32642366376831616,0.22858701582105836,0.1771694104230785,0.6797767738506522,0.502345832739419,0.08357363131914824
f__pymfe.model-based.tree_depth.max,39,47,18,17.087179487179487,16.26808510638298,15.3,13.5,0.08357363131914824,3.199236224768139,0.32642366376831616,0.22858701582105836,0.1771694104230785,0.6797767738506522,0.502345832739419,0.08357363131914824
f__pymfe.model-based.tree_depth.quantiles.4,39,47,18,17.087179487179487,16.26808510638298,15.3,13.5,0.08357363131914824,3.199236224768139,0.32642366376831616,0.22858701582105836,0.1771694104230785,0.6797767738506522,0.502345832739419,0.08357363131914824
f__pymfe.model-based.tree_depth.range,39,47,18,17.087179487179487,16.26808510638298,15.3,13.5,0.08357363131914824,3.199236224768139,0.32642366376831616,0.22858701582105836,0.1771694104230785,0.6797767738506522,0.502345832739419,0.08357363131914824
f__pymfe.statistical.median.min,39,47,18,0.8559117596378051,4.501392086268876,0.0,0.24,-0.08272520231685133,17.62000033862308,0.399842534380819,0.24168030551009276,0.13385403471206306,0.1591298172869351,0.443963071653675,0.08272520231685133
f__pymfe.statistical.median.quantiles.0,39,47,18,0.8559117596378051,4.501392086268876,0.0,0.24,-0.08272520231685133,17.62000033862308,0.399842534380819,0.24168030551009276,0.13385403471206306,0.1591298172869351,0.443963071653675,0.08272520231685133
f__pymfe.model-based.leaves_branch.iq_range,39,47,18,4.134615384615385,4.348936170212766,3.825,4.0,-0.08256295194933898,0.6764048008728862,0.260571912878677,0.14457174031642117,0.6915076842079748,0.6475308641975316,0.9624633450053653,0.08256295194933898
f__pymfe.statistical.mean.histogram.1,39,47,18,0.053040464286001066,0.047290949119885704,0.0175438596491228,0.0,0.08212522536115113,0.007818487136473509,0.11167811537402679,0.09165302782324058,0.9822595165783251,0.9686817188638011,1.0,0.08212522536115113
f__pymfe.model-based.leaves_per_class.kurtosis,39,45,20,-2.241511608833147,-2.300420641453836,-2.75,-2.75,0.0815092309024974,0.08465860286453919,0.11713751358302017,0.09743589743589744,0.9733464910199252,0.8304865911658456,1.0,0.0815092309024974
f__pymfe.landmarking.random_node.histogram.8.relative,46,58,0,3.9543478260869565,4.047413793103448,3.625,3.65,-0.08148169903238478,0.11540479760119944,0.10103993206633602,0.08170914542728636,0.9871596449139513,0.9956709956709956,1.0,0.08148169903238478
f__pymfe.relative.random_node.histogram.8.relative,46,58,0,3.9543478260869565,4.047413793103448,3.625,3.65,-0.08148169903238478,0.11540479760119944,0.10103993206633602,0.08170914542728636,0.9871596449139513,0.9956709956709956,1.0,0.08148169903238478
f__pymfe.model-based.leaves_per_class.histogram.8,39,47,18,0.016899211899211897,0.020313953186293608,0.0,0.0,-0.08114030332926729,0.011519071944603854,0.27371355926515434,0.13747954173486088,0.751563583101044,0.5361702127659584,0.9911667077603459,0.08114030332926729
f__pymfe.general.freq_class.mean,46,58,0,0.3657702804441934,0.3792011409358328,0.5,0.5,-0.08083018426989302,0.01858789203685834,0.11186645408634906,0.06896551724137931,0.9984027498067222,0.9432393621041494,1.0,0.08083018426989302
f__pymfe.landmarking.best_node.histogram.5,39,47,18,0.33846153846153854,0.30851063829787234,0.13999999999999999,0.13,0.08046040816729005,0.036355701036552064,0.0976663315167248,0.15602836879432624,0.605717023805685,0.9894736842105263,0.9034996947269157,0.08046040816729005
f__pymfe.relative.best_node.histogram.5,39,47,18,0.33846153846153854,0.30851063829787234,0.13999999999999999,0.13,0.08046040816729005,0.036355701036552064,0.0976663315167248,0.15602836879432624,0.605717023805685,0.9894736842105263,0.9034996947269157,0.08046040816729005
f__pymfe.landmarking.one_nn.histogram.1,39,47,18,0.06051282051282051,0.06446808510638298,0.06,0.06999999999999999,-0.07960381713344104,0.011516639388979824,0.23178435581888832,0.13966175668303327,0.7313653779765578,0.9527559055118113,0.9845775928726432,0.07960381713344104
f__pymfe.relative.one_nn.histogram.1,39,47,18,0.06051282051282051,0.06446808510638298,0.06,0.06999999999999999,-0.07960381713344104,0.011516639388979824,0.23178435581888832,0.13966175668303327,0.7313653779765578,0.9527559055118113,0.9845775928726432,0.07960381713344104
f__pymfe.model-based.leaves_homo.histogram.2,39,47,18,0.07599961368491306,0.07081300706925754,0.058996258725118156,0.05111111111111111,0.07955955081624587,0.00939597608960659,0.14412884812063326,0.10638297872340426,0.9386723310080424,0.8944321996226426,1.0,0.07955955081624587
f__pymfe.info-theory.attr_conc.histogram.1,16,34,54,0.11522095959595956,0.10755283931754518,0.12380050505050501,0.08760822510822505,0.0795196011483462,0.02812547746371276,0.29166558019662553,0.22794117647058823,0.5435026121656285,0.8400346406037364,0.8897924350523407,0.0795196011483462
f__pymfe.info-theory.class_conc.histogram.4,17,36,51,0.0615834818775995,0.05239377938607134,0.0,0.03333333333333333,0.07919943117313996,0.04094439176980394,0.3528702415435239,0.3480392156862745,0.09246004020001,0.6366459627329198,0.35435642201056466,0.07919943117313996
f__pymfe.statistical.sparsity.min,46,58,0,0.0636747106903436,0.05409186844166433,0.00064834013414325,0.009116056838821844,0.07882877989477614,0.019305507719204737,0.15880775027511643,0.3058470764617691,0.012327922885136204,0.7424879988373542,0.12237812083162518,0.07882877989477614
f__pymfe.statistical.sparsity.quantiles.0,46,58,0,0.0636747106903436,0.05409186844166433,0.00064834013414325,0.009116056838821844,0.07882877989477614,0.019305507719204737,0.15880775027511643,0.3058470764617691,0.012327922885136204,0.7424879988373542,0.12237812083162518,0.07882877989477614
f__pymfe.statistical.min.histogram.6,39,47,18,0.03188466501782184,0.037938534944892355,0.0,0.0,-0.0787865383706116,0.015326867293232719,0.19946758563474604,0.07746863066012002,0.9975321426627806,0.5797533810660314,1.0,0.0787865383706116
f__pymfe.landmarking.random_node.histogram.7,39,47,18,0.04230769230769231,0.046170212765957445,0.02,0.030000000000000006,-0.07811476469871104,0.007583196944899077,0.15336090809492725,0.0889252591380251,0.9863128487485576,0.923076923076923,1.0,0.07811476469871104
f__pymfe.relative.random_node.histogram.7,39,47,18,0.04230769230769231,0.046170212765957445,0.02,0.030000000000000006,-0.07811476469871104,0.007583196944899077,0.15336090809492725,0.0889252591380251,0.9863128487485576,0.923076923076923,1.0,0.07811476469871104
f__pymfe.landmarking.best_node.histogram.2,39,47,18,0.046410256410256416,0.04276595744680851,0.05,0.030000000000000006,0.07782523686567365,0.008041462084015275,0.17172814242515366,0.1298417894162575,0.8054445995632528,0.8396946564885495,1.0,0.07782523686567365
f__pymfe.relative.best_node.histogram.2,39,47,18,0.046410256410256416,0.04276595744680851,0.05,0.030000000000000006,0.07782523686567365,0.008041462084015275,0.17172814242515366,0.1298417894162575,0.8054445995632528,0.8396946564885495,1.0,0.07782523686567365
f__pymfe.model-based.tree_depth.quantiles.3,39,47,18,10.762820512820511,10.374468085106383,10.05,9.25,0.07696671848430295,1.765002727768685,0.34980203129359,0.2073104200763775,0.26829203532429496,0.6431332130894113,0.6087873096168845,0.07696671848430295
f__pymfe.model-based.leaves_branch.quantiles.3,39,47,18,11.494871794871795,11.101595744680848,11.075,10.15,0.0764042102562558,1.7665439170758317,0.3431975906024257,0.2073104200763775,0.26829203532429496,0.6354452481915702,0.6087873096168845,0.0764042102562558
f__pymfe.model-based.leaves_per_class.histogram.7,39,47,18,0.01973970473970474,0.017077065960044678,0.0,0.0,0.07572797241365106,0.0027935716765504033,0.07945182819142095,0.060556464811783964,0.9999578195821912,0.9821428571428563,1.0,0.07572797241365106
f__pymfe.statistical.skewness.mean,39,42,23,2.7758053867639507,2.4367404816125777,1.2396812322927186,0.7835309722576813,0.07503985750953174,1.2032903958183931,0.2663051777785402,0.1978021978021978,0.3482401496754754,0.9763483985851872,0.7103999147741384,0.07503985750953174
f__pymfe.landmarking.random_node.histogram.1,39,47,18,0.03384615384615385,0.036808510638297876,0.03,0.02,-0.07368268048161515,0.005439170758319695,0.13528845753254215,0.06710310965630115,0.9996764974208777,0.9401709401709406,1.0,0.07368268048161515
f__pymfe.relative.random_node.histogram.1,39,47,18,0.03384615384615385,0.036808510638297876,0.03,0.02,-0.07368268048161515,0.005439170758319695,0.13528845753254215,0.06710310965630115,0.9996764974208777,0.9401709401709406,1.0,0.07368268048161515
f__pymfe.landmarking.elite_nn.histogram.4,39,47,18,0.09487179487179487,0.0976595744680851,0.1,0.1,-0.07339305950818213,0.007774140752864154,0.20466753385354144,0.14839061647572285,0.6618984987669543,0.6666666666666672,0.9342391145591725,0.07339305950818213
f__pymfe.relative.elite_nn.histogram.4,39,47,18,0.09487179487179487,0.0976595744680851,0.1,0.1,-0.07339305950818213,0.007774140752864154,0.20466753385354144,0.14839061647572285,0.6618984987669543,0.6666666666666672,0.9342391145591725,0.07339305950818213
f__pymfe.statistical.sparsity.histogram.4,46,58,0,0.07681225634839016,0.09035358952231291,0.0023809523809523803,0.0,-0.07279817493524428,0.029094274000223075,0.1564107478251056,0.13793103448275862,0.6474361734989207,0.7336523125996816,0.9318892632032981,0.07279817493524428
f__pymfe.statistical.cor.histogram.3,38,40,26,0.07394909729124306,0.06996252773243675,0.07792682926829263,0.06175707784624053,0.07273704768003086,0.00799554301784955,0.14588286624332694,0.15394736842105264,0.6663631715316968,0.9007922683598356,0.9385887879238337,0.07273704768003086
f__pymfe.statistical.can_cor.histogram.2,39,47,18,0.011558811558811556,0.01400371496116177,0.0,0.0,-0.07246789458447656,0.0031047636366785328,0.0920264104161556,0.0425531914893617,0.9999999986390694,0.9389671361502364,1.0,0.07246789458447656
f__pymfe.info-theory.mut_inf.histogram.5,17,36,51,0.08584547375569047,0.07092234911889686,0.0,0.025,0.07155696702702416,0.03479651388315452,0.16685064671062508,0.2549019607843137,0.36204353203760253,0.7291666666666681,0.7268091958950367,0.07155696702702416
f__pymfe.landmarking.linear_discr.histogram.0.relative,46,58,0,4.017391304347825,4.087931034482758,3.85,4.0,-0.07114434417266866,0.14085457271364324,0.14206187322044997,0.08545727136431784,0.9802282459518066,0.9589041095890407,1.0,0.07114434417266866
f__pymfe.relative.linear_discr.histogram.0.relative,46,58,0,4.017391304347825,4.087931034482758,3.85,4.0,-0.07114434417266866,0.14085457271364324,0.14206187322044997,0.08545727136431784,0.9802282459518066,0.9589041095890407,1.0,0.07114434417266866
f__pymfe.landmarking.best_node.histogram.8,39,47,18,0.04076923076923078,0.037659574468085114,0.030000000000000006,0.02,0.07078023468343769,0.0071685761047463195,0.16316706732287203,0.12165848336061102,0.8596041919091598,0.925,1.0,0.07078023468343769
f__pymfe.relative.best_node.histogram.8,39,47,18,0.04076923076923078,0.037659574468085114,0.030000000000000006,0.02,0.07078023468343769,0.0071685761047463195,0.16316706732287203,0.12165848336061102,0.8596041919091598,0.925,1.0,0.07078023468343769
f__pymfe.general.freq_class.histogram.8,46,58,0,0.008188405797101448,0.006176708723560297,0.0,0.0,0.07061472905316679,0.004430082036903623,0.1555050443895033,0.043478260869565216,0.9999999565462736,0.6880733944954137,1.0,0.07061472905316679
f__pymfe.statistical.min.histogram.9,39,47,18,0.1499136945683311,0.1620404093687179,0.11111111111111112,0.13333333333333333,-0.07060741758979065,0.02171169801486053,0.1264156825284442,0.10420076377523187,0.9482850345300131,0.8730158730158746,1.0,0.07060741758979065
f__pymfe.statistical.eigenvalues.histogram.5,38,44,22,0.013684683933609177,0.01643517102375072,0.0,0.0,-0.07028570367651985,0.007806379662481479,0.19948353501101113,0.1076555023923445,0.9447910301229993,0.8674999999999995,1.0,0.07028570367651985
f__pymfe.model-based.tree_imbalance.histogram.3,39,47,18,0.055583443897753854,0.05322075959080735,0.04497641439020747,0.0463940488476092,0.070027541831236,0.006054302829071889,0.17944333205045543,0.1336606655755592,0.7793612170344875,0.8428512630549985,0.9992603581404673,0.070027541831236
f__pymfe.model-based.leaves_branch.histogram.5,39,47,18,0.15864211004049517,0.16552269816373466,0.157355294929089,0.1505074762890361,-0.06863274906521726,0.025040609408511178,0.24977601204899877,0.16148390616475722,0.560745755289806,0.8083264910370537,0.8897924350523407,0.06863274906521726
f__pymfe.statistical.cor.quantiles.1,38,40,26,0.16038041398050726,0.14781719431470522,0.09859382726340873,0.0690793583624367,0.06658896612348303,0.037571085746662715,0.19913842331493475,0.18289473684210528,0.46444188032256944,0.9775824745521968,0.8265578414730614,0.06658896612348303
f__pymfe.general.inst_to_attr,46,58,0,167.3864221031875,140.1825858408953,59.82222222222222,26.044444444444444,0.0663444805169309,74.99563756943081,0.18289871206424752,0.31334332833583206,0.00948982585849916,0.693677213075526,0.10739674375313424,0.0663444805169309
f__pymfe.statistical.sd.histogram.6,39,47,18,0.031796632418162135,0.035742607595141106,0.0,0.0,-0.06619449868278139,0.00914063376228221,0.15333590364864108,0.14402618657937807,0.6967737621460607,0.9057631101735697,0.9647636706637762,0.06619449868278139
f__pymfe.landmarking.elite_nn.min,39,47,18,0.4246668455088648,0.4125000026118978,0.45688772012301426,0.4140569561157796,0.06382061541274972,0.03782845057865686,0.19842739948935292,0.13857064920894707,0.7415750097789495,0.8553234628761136,0.9891783227859093,0.06382061541274972
f__pymfe.landmarking.elite_nn.quantiles.0,39,47,18,0.4246668455088648,0.4125000026118978,0.45688772012301426,0.4140569561157796,0.06382061541274972,0.03782845057865686,0.19842739948935292,0.13857064920894707,0.7415750097789495,0.8553234628761136,0.9891783227859093,0.06382061541274972
f__pymfe.relative.elite_nn.min,39,47,18,0.4246668455088648,0.4125000026118978,0.45688772012301426,0.4140569561157796,0.06382061541274972,0.03782845057865686,0.19842739948935292,0.13857064920894707,0.7415750097789495,0.8553234628761136,0.9891783227859093,0.06382061541274972
f__pymfe.relative.elite_nn.quantiles.0,39,47,18,0.4246668455088648,0.4125000026118978,0.45688772012301426,0.4140569561157796,0.06382061541274972,0.03782845057865686,0.19842739948935292,0.13857064920894707,0.7415750097789495,0.8553234628761136,0.9891783227859093,0.06382061541274972
f__pymfe.landmarking.naive_bayes.histogram.5,39,47,18,0.13076923076923078,0.12148936170212767,0.1,0.1,0.06308548934660833,0.013982542280414623,0.09505473791614179,0.10638297872340426,0.9386723310080424,0.7431693989071024,1.0,0.06308548934660833
f__pymfe.relative.naive_bayes.histogram.5,39,47,18,0.13076923076923078,0.12148936170212767,0.1,0.1,0.06308548934660833,0.013982542280414623,0.09505473791614179,0.10638297872340426,0.9386723310080424,0.7431693989071024,1.0,0.06308548934660833
f__pymfe.landmarking.random_node.histogram.4.relative,46,58,0,3.933695652173913,4.0120689655172415,3.65,3.7,-0.06295893665210196,0.16532983508245874,0.13281294575438574,0.17091454272863568,0.38750002016456,0.9896907216494845,0.7616871562007669,0.06295893665210196
f__pymfe.relative.random_node.histogram.4.relative,46,58,0,3.933695652173913,4.0120689655172415,3.65,3.7,-0.06295893665210196,0.16532983508245874,0.13281294575438574,0.17091454272863568,0.38750002016456,0.9896907216494845,0.7616871562007669,0.06295893665210196
f__pymfe.model-based.leaves_homo.min,39,47,18,1254.8594871794874,1570.464964539007,300.6,149.06666666666666,-0.061739861559028185,683.6183669758134,0.13373184676454905,0.3355155482815057,0.011571830468779963,0.3650837996068025,0.1165916503835566,0.061739861559028185
f__pymfe.model-based.leaves_homo.quantiles.0,39,47,18,1254.8594871794874,1570.464964539007,300.6,149.06666666666666,-0.061739861559028185,683.6183669758134,0.13373184676454905,0.3355155482815057,0.011571830468779963,0.3650837996068025,0.1165916503835566,0.061739861559028185
f__pymfe.statistical.skewness.range,39,42,23,10.0930301425704,11.424572451170405,5.257071308294855,2.7857174973896726,-0.06172081709471817,8.060689762771583,0.37363616258531124,0.23443223443223443,0.17837560959263551,0.5894204927892159,0.5030945890271163,0.06172081709471817
f__pymfe.landmarking.elite_nn.histogram.4.relative,46,58,0,4.065217391304348,3.9956896551724137,4.175000000000001,4.324999999999999,0.061522349791844184,0.18017241379310345,0.15942745846328585,0.1191904047976012,0.8053620081069724,0.9842788790157211,1.0,0.061522349791844184
f__pymfe.relative.elite_nn.histogram.4.relative,46,58,0,4.065217391304348,3.9956896551724137,4.175000000000001,4.324999999999999,0.061522349791844184,0.18017241379310345,0.15942745846328585,0.1191904047976012,0.8053620081069724,0.9842788790157211,1.0,0.061522349791844184
f__pymfe.statistical.w_lambda,39,47,18,0.46483696794267076,0.4859509303734641,0.4996594900414745,0.5088675053224843,-0.061218876822122556,0.08108924604186524,0.23511420849152348,0.18003273322422259,0.43270389661297853,0.9758515118442395,0.8075162691132229,0.061218876822122556
f__pymfe.landmarking.one_nn.histogram.6.relative,46,58,0,4.5434782608695645,4.495689655172414,4.675,4.55,0.060722120109708504,0.07927286356821596,0.1007272815937531,0.08920539730134933,0.9706290811327656,0.9683604985618407,1.0,0.060722120109708504
f__pymfe.relative.one_nn.histogram.6.relative,46,58,0,4.5434782608695645,4.495689655172414,4.675,4.55,0.060722120109708504,0.07927286356821596,0.1007272815937531,0.08920539730134933,0.9706290811327656,0.9683604985618407,1.0,0.060722120109708504
f__pymfe.general.freq_class.count,46,58,0,3.9782608695652173,4.205172413793104,2.0,2.0,-0.060594675076982116,0.7744377811094453,0.20680660331030748,0.06896551724137931,0.9984027498067222,0.7133303611234955,1.0,0.060594675076982116
f__pymfe.general.nr_class,46,58,0,3.9782608695652173,4.205172413793104,2.0,2.0,-0.060594675076982116,0.7744377811094453,0.20680660331030748,0.06896551724137931,0.9984027498067222,0.7133303611234955,1.0,0.060594675076982116
f__pymfe.statistical.skewness.histogram.6,39,42,23,0.04610552401492506,0.04232426519540387,0.024285714285714223,0.025,0.060219488017297006,0.014330177687905295,0.2282192266520977,0.12637362637362637,0.8522444354715889,0.7499265677779404,1.0,0.060219488017297006
f__pymfe.statistical.min.kurtosis,35,41,28,4.580335328988191,5.6403851030207734,0.7958828288083379,-0.5635537355292114,-0.05956463888884171,4.116319071486104,0.23129768530735595,0.2132404181184669,0.30213352816623684,0.7374893175236756,0.6540782596247452,0.05956463888884171
f__pymfe.landmarking.linear_discr.histogram.2.relative,46,58,0,4.114130434782608,4.061206896551725,4.025,4.025,0.059126327136899255,0.11461769115442277,0.12805120990413657,0.10569715142428786,0.898822414170932,0.8990825688073396,1.0,0.059126327136899255
f__pymfe.relative.linear_discr.histogram.2.relative,46,58,0,4.114130434782608,4.061206896551725,4.025,4.025,0.059126327136899255,0.11461769115442277,0.12805120990413657,0.10569715142428786,0.898822414170932,0.8990825688073396,1.0,0.059126327136899255
f__pymfe.landmarking.elite_nn.skewness.relative,46,58,0,3.5543478260869565,3.4775862068965515,3.1500000000000004,3.45,0.05905939262830031,0.2887556221889055,0.22216482461348835,0.15517241379310345,0.5030375977067656,0.8774647887323942,0.8573553050513101,0.05905939262830031
f__pymfe.relative.elite_nn.skewness.relative,46,58,0,3.5543478260869565,3.4775862068965515,3.1500000000000004,3.45,0.05905939262830031,0.2887556221889055,0.22216482461348835,0.15517241379310345,0.5030375977067656,0.8774647887323942,0.8573553050513101,0.05905939262830031
f__pymfe.general.freq_class.histogram.2,46,58,0,0.02245341614906832,0.026124473429373605,0.0,0.0,-0.0590570342540642,0.008851399440052478,0.1423942368679448,0.07646176911544228,0.9938229479550602,0.8955555555555553,1.0,0.0590570342540642
f__pymfe.model-based.tree_imbalance.count,39,47,18,14.8,14.246808510638301,13.5,12.2,0.059027126166614464,2.8024004364429898,0.29902420285272835,0.19476268412438624,0.33468110429605263,0.714696577509348,0.6981238659925473,0.059027126166614464
f__pymfe.landmarking.elite_nn.mean.relative,46,58,0,3.389130434782609,3.3163793103448276,3.7,3.45,0.05877065492252843,0.2730509745127437,0.22057919686276103,0.18515742128935533,0.2944207523205136,0.8620689655172418,0.6434680016609315,0.05877065492252843
f__pymfe.relative.elite_nn.mean.relative,46,58,0,3.389130434782609,3.3163793103448276,3.7,3.45,0.05877065492252843,0.2730509745127437,0.22057919686276103,0.18515742128935533,0.2944207523205136,0.8620689655172418,0.6434680016609315,0.05877065492252843
f__pymfe.model-based.leaves_corrob.range,39,47,18,0.2168587263771593,0.22736911507313032,0.1380745862680146,0.17408580731354142,-0.0586690937953433,0.03580338920048191,0.19985487311230143,0.16039279869067102,0.5716938641371889,0.855004112975714,0.8897924350523407,0.0586690937953433
f__pymfe.model-based.leaves_per_class.quantiles.1,39,47,18,0.3297297815495027,0.3402577093659979,0.45252443241365353,0.4595599675790224,-0.05806400372213246,0.01400006842602949,0.07721367769310031,0.19039825422804146,0.36108281106528256,0.9672080165907457,0.7257900418150348,0.05806400372213246
f__pymfe.statistical.kurtosis.histogram.7,39,42,23,0.019437411201828885,0.02140790932129109,0.004761904761904761,0.0,-0.05706560010068142,0.005914572462976799,0.17128594217123794,0.10989010989010989,0.9380691119668498,0.7324153330852258,1.0,0.05706560010068142
f__pymfe.landmarking.worst_node.sd.relative,46,58,0,3.768478260869565,3.6525862068965522,3.1,2.925,0.056790362798497224,0.18838080959520243,0.09231188985292649,0.08470764617691154,0.981959743100341,0.9433962264150944,1.0,0.056790362798497224
f__pymfe.relative.worst_node.sd.relative,46,58,0,3.768478260869565,3.6525862068965522,3.1,2.925,0.056790362798497224,0.18838080959520243,0.09231188985292649,0.08470764617691154,0.981959743100341,0.9433962264150944,1.0,0.056790362798497224
f__pymfe.info-theory.attr_conc.histogram.3,16,34,54,0.04443903318903316,0.04165266106442575,0.029292929292929225,0.0256944444444444,0.05646836942596974,0.009285661234190645,0.18818238393429307,0.14705882352941177,0.9351967946024797,0.8371442590775269,1.0,0.05646836942596974
f__pymfe.statistical.skewness.max,39,42,23,9.963394133705528,11.177549543964998,5.0464242667563495,2.598122709297469,-0.056414673747176035,7.962415717942195,0.36996671198055264,0.23443223443223443,0.17837560959263551,0.6271776438239173,0.5030945890271163,0.056414673747176035
f__pymfe.statistical.skewness.quantiles.4,39,42,23,9.963394133705528,11.177549543964998,5.0464242667563495,2.598122709297469,-0.056414673747176035,7.962415717942195,0.36996671198055264,0.23443223443223443,0.17837560959263551,0.6271776438239173,0.5030945890271163,0.056414673747176035
f__pymfe.landmarking.linear_discr.histogram.9.relative,46,58,0,4.164130434782609,4.1017241379310345,4.2,4.0,0.056216294056762005,0.18819340329835085,0.16952673420960976,0.12518740629685157,0.7547894902618331,0.8159319412219642,0.9924106399572687,0.056216294056762005
f__pymfe.relative.linear_discr.histogram.9.relative,46,58,0,4.164130434782609,4.1017241379310345,4.2,4.0,0.056216294056762005,0.18819340329835085,0.16952673420960976,0.12518740629685157,0.7547894902618331,0.8159319412219642,0.9924106399572687,0.056216294056762005
f__pymfe.info-theory.attr_conc.max,16,34,54,0.39464765294384613,0.3751147532768245,0.2743568625642455,0.3251016303799364,0.055725548835239766,0.08914353612611312,0.25431823028962114,0.19117647058823528,0.7510621177413861,0.9805287531073106,0.9911667077603459,0.055725548835239766
f__pymfe.info-theory.attr_conc.quantiles.4,16,34,54,0.39464765294384613,0.3751147532768245,0.2743568625642455,0.3251016303799364,0.055725548835239766,0.08914353612611312,0.25431823028962114,0.19117647058823528,0.7510621177413861,0.9805287531073106,0.9911667077603459,0.055725548835239766
f__pymfe.landmarking.random_node.histogram.3,39,47,18,0.05871794871794872,0.05510638297872341,0.05,0.030000000000000006,0.05457876405129859,0.014206219312602297,0.21468746463683042,0.11565739225313694,0.8959229111682974,0.9583333333333344,1.0,0.05457876405129859
f__pymfe.relative.random_node.histogram.3,39,47,18,0.05871794871794872,0.05510638297872341,0.05,0.030000000000000006,0.05457876405129859,0.014206219312602297,0.21468746463683042,0.11565739225313694,0.8959229111682974,0.9583333333333344,1.0,0.05457876405129859
f__pymfe.statistical.median.histogram.1,39,47,18,0.05764221295764053,0.05326052815259715,0.0,0.0,0.05418748278685288,0.007923779275605882,0.09799190772679615,0.08183306055646482,0.9948919919282965,0.956577669902912,1.0,0.05418748278685288
f__pymfe.landmarking.worst_node.range.relative,46,58,0,3.7271739130434782,3.617241379310345,3.1,3.025,0.05411085984184663,0.17350074962518738,0.08540033079028576,0.07721139430284858,0.9930288854555123,0.9416666666666668,1.0,0.05411085984184663
f__pymfe.relative.worst_node.range.relative,46,58,0,3.7271739130434782,3.617241379310345,3.1,3.025,0.05411085984184663,0.17350074962518738,0.08540033079028576,0.07721139430284858,0.9930288854555123,0.9416666666666668,1.0,0.05411085984184663
f__pymfe.statistical.can_cor.histogram.6,39,47,18,0.029222629222629217,0.026090080132633323,0.0,0.0,0.05393872782841063,0.007261784708593217,0.1250391989693726,0.09874522640480088,0.9669021024612588,0.8085808580858094,1.0,0.05393872782841063
f__pymfe.landmarking.naive_bayes.histogram.7,39,47,18,0.08538461538461539,0.08276595744680851,0.08,0.09,0.053392328362000065,0.011565739225313695,0.23581611693216606,0.16148390616475722,0.560745755289806,0.6489361702127665,0.8897924350523407,0.053392328362000065
f__pymfe.relative.naive_bayes.histogram.7,39,47,18,0.08538461538461539,0.08276595744680851,0.08,0.09,0.053392328362000065,0.011565739225313695,0.23581611693216606,0.16148390616475722,0.560745755289806,0.6489361702127665,0.8897924350523407,0.053392328362000065
f__pymfe.statistical.can_cor.histogram.9,39,47,18,0.11947496947496947,0.11024415891437166,0.0,0.0,0.05331798673678254,0.018857669123626575,0.10892358212961091,0.06983087834151663,0.9994355666217573,1.0,1.0,0.05331798673678254
f__pymfe.statistical.min.histogram.7,39,47,18,0.024254652164900338,0.02714343896473945,0.0,0.0,-0.05306926477672973,0.008131163366020076,0.14937580773984324,0.06328423349699945,0.9998949069334,0.7024147727272735,1.0,0.05306926477672973
f__pymfe.landmarking.best_node.histogram.2.relative,46,58,0,3.213043478260869,3.1465517241379315,3.3,3.425,0.05300620019798936,0.2108695652173913,0.16810196297288205,0.11694152923538231,0.8211679495716783,0.9772870662460565,1.0,0.05300620019798936
f__pymfe.relative.best_node.histogram.2.relative,46,58,0,3.213043478260869,3.1465517241379315,3.3,3.425,0.05300620019798936,0.2108695652173913,0.16810196297288205,0.11694152923538231,0.8211679495716783,0.9772870662460565,1.0,0.05300620019798936
f__pymfe.model-based.tree_depth.iq_range,39,47,18,4.501282051282052,4.631914893617021,4.15,4.2,-0.05234157800798194,0.6375068194217131,0.25543433276770794,0.10638297872340426,0.9386723310080424,0.6816976127320964,1.0,0.05234157800798194
f__pymfe.landmarking.elite_nn.median.relative,46,58,0,3.347826086956521,3.2818965517241385,3.65,3.1500000000000004,0.052301844782219026,0.2854197901049475,0.22642327914531296,0.1634182908545727,0.43954693300045594,0.806060606060606,0.8075162691132229,0.052301844782219026
f__pymfe.landmarking.elite_nn.quantiles.2.relative,46,58,0,3.347826086956521,3.2818965517241385,3.65,3.1500000000000004,0.052301844782219026,0.2854197901049475,0.22642327914531296,0.1634182908545727,0.43954693300045594,0.806060606060606,0.8075162691132229,0.052301844782219026
f__pymfe.relative.elite_nn.median.relative,46,58,0,3.347826086956521,3.2818965517241385,3.65,3.1500000000000004,0.052301844782219026,0.2854197901049475,0.22642327914531296,0.1634182908545727,0.43954693300045594,0.806060606060606,0.8075162691132229,0.052301844782219026
f__pymfe.relative.elite_nn.quantiles.2.relative,46,58,0,3.347826086956521,3.2818965517241385,3.65,3.1500000000000004,0.052301844782219026,0.2854197901049475,0.22642327914531296,0.1634182908545727,0.43954693300045594,0.806060606060606,0.8075162691132229,0.052301844782219026
f__pymfe.statistical.min.histogram.8,39,47,18,0.02550583777009215,0.029891114610417345,0.0,0.0,-0.05212360923545316,0.018813143595319624,0.22361392016021278,0.12274959083469722,0.8515621069900887,0.9473904639175279,1.0,0.05212360923545316
f__pymfe.landmarking.best_node.histogram.9.relative,46,58,0,3.417391304347825,3.331034482758621,3.575,3.75,0.051895481248417606,0.1958770614692653,0.11771084418586562,0.09145427286356822,0.964287606962471,0.8886198547215496,1.0,0.051895481248417606
f__pymfe.relative.best_node.histogram.9.relative,46,58,0,3.417391304347825,3.331034482758621,3.575,3.75,0.051895481248417606,0.1958770614692653,0.11771084418586562,0.09145427286356822,0.964287606962471,0.8886198547215496,1.0,0.051895481248417606
f__pymfe.info-theory.attr_conc.range,16,34,54,0.38806705155749865,0.37009741144035724,0.2743439172267125,0.3132965676319093,0.05188344604748772,0.0827153937386187,0.23882279446657179,0.17279411764705882,0.8357509887469549,0.9815946383270837,1.0,0.05188344604748772
f__pymfe.landmarking.naive_bayes.skewness.relative,46,58,0,3.6673913043478263,3.726724137931034,3.5999999999999996,3.9,-0.05146883875530516,0.25071214392803604,0.21748266736212263,0.14617691154422788,0.5776430289977743,0.8528301886792453,0.8897924350523407,0.05146883875530516
f__pymfe.relative.naive_bayes.skewness.relative,46,58,0,3.6673913043478263,3.726724137931034,3.5999999999999996,3.9,-0.05146883875530516,0.25071214392803604,0.21748266736212263,0.14617691154422788,0.5776430289977743,0.8528301886792453,0.8897924350523407,0.05146883875530516
f__pymfe.statistical.mad.histogram.2,39,47,18,0.04400683875894751,0.048014128260394535,0.0,0.0,-0.05114131105944862,0.010740148144572637,0.13706652760870164,0.1265684669939989,0.8271550248912747,0.7214814814814808,1.0,0.05114131105944862
f__pymfe.statistical.range.histogram.7,39,47,18,0.01757457747449348,0.020022590954718315,0.0,0.0,-0.05087310376212192,0.005372185844954129,0.11164144729082666,0.05946535733769776,0.9999717465483106,0.7428728070175441,1.0,0.05087310376212192
f__pymfe.landmarking.random_node.histogram.2.relative,46,58,0,3.948913043478261,4.0103448275862075,3.7,3.725,-0.050597595911829704,0.16248125937031485,0.13382585617924378,0.1409295352323838,0.6239672531487963,0.9791216702663786,0.9162195596190391,0.050597595911829704
f__pymfe.relative.random_node.histogram.2.relative,46,58,0,3.948913043478261,4.0103448275862075,3.7,3.725,-0.050597595911829704,0.16248125937031485,0.13382585617924378,0.1409295352323838,0.6239672531487963,0.9791216702663786,0.9162195596190391,0.050597595911829704
f__pymfe.general.nr_attr,46,58,0,39.5,36.689655172413794,21.0,14.0,0.04992153888024648,9.978260869565217,0.17724876074552173,0.19490254872563717,0.24226989964498075,0.9484297520661155,0.5849102733553077,0.04992153888024648
f__pymfe.statistical.sparsity.count,46,58,0,39.5,36.689655172413794,21.0,14.0,0.04992153888024648,9.978260869565217,0.17724876074552173,0.19490254872563717,0.24226989964498075,0.9484297520661155,0.5849102733553077,0.04992153888024648
f__pymfe.landmarking.random_node.min,39,47,18,0.4169668307754058,0.40702616198409686,0.4945268880399647,0.477020202020202,0.049667426228972605,0.03211746718023915,0.16047128873568756,0.10965630114566285,0.923900793134328,0.8262616750970998,1.0,0.049667426228972605
f__pymfe.landmarking.random_node.quantiles.0,39,47,18,0.4169668307754058,0.40702616198409686,0.4945268880399647,0.477020202020202,0.049667426228972605,0.03211746718023915,0.16047128873568756,0.10965630114566285,0.923900793134328,0.8262616750970998,1.0,0.049667426228972605
f__pymfe.relative.random_node.min,39,47,18,0.4169668307754058,0.40702616198409686,0.4945268880399647,0.477020202020202,0.049667426228972605,0.03211746718023915,0.16047128873568756,0.10965630114566285,0.923900793134328,0.8262616750970998,1.0,0.049667426228972605
f__pymfe.relative.random_node.quantiles.0,39,47,18,0.4169668307754058,0.40702616198409686,0.4945268880399647,0.477020202020202,0.049667426228972605,0.03211746718023915,0.16047128873568756,0.10965630114566285,0.923900793134328,0.8262616750970998,1.0,0.049667426228972605
f__pymfe.landmarking.best_node.histogram.8.relative,46,58,0,3.1750000000000003,3.2318965517241383,3.3,3.4,-0.04785862041504768,0.1793853073463268,0.1508902222044914,0.1386806596701649,0.6421422495142693,0.8622828784119108,0.9276031413181781,0.04785862041504768
f__pymfe.relative.best_node.histogram.8.relative,46,58,0,3.1750000000000003,3.2318965517241383,3.3,3.4,-0.04785862041504768,0.1793853073463268,0.1508902222044914,0.1386806596701649,0.6421422495142693,0.8622828784119108,0.9276031413181781,0.04785862041504768
f__pymfe.landmarking.one_nn.max,39,47,18,0.7744552935398519,0.7660218731831497,0.7328950216450216,0.7856048387096775,0.04758723985721133,0.024795647507222743,0.1399143378882268,0.10856519367157665,0.9295308336437973,0.8716011650957058,1.0,0.04758723985721133
f__pymfe.landmarking.one_nn.quantiles.4,39,47,18,0.7744552935398519,0.7660218731831497,0.7328950216450216,0.7856048387096775,0.04758723985721133,0.024795647507222743,0.1399143378882268,0.10856519367157665,0.9295308336437973,0.8716011650957058,1.0,0.04758723985721133
f__pymfe.relative.one_nn.max,39,47,18,0.7744552935398519,0.7660218731831497,0.7328950216450216,0.7856048387096775,0.04758723985721133,0.024795647507222743,0.1399143378882268,0.10856519367157665,0.9295308336437973,0.8716011650957058,1.0,0.04758723985721133
f__pymfe.relative.one_nn.quantiles.4,39,47,18,0.7744552935398519,0.7660218731831497,0.7328950216450216,0.7856048387096775,0.04758723985721133,0.024795647507222743,0.1399143378882268,0.10856519367157665,0.9295308336437973,0.8716011650957058,1.0,0.04758723985721133
f__pymfe.statistical.range.histogram.5,39,47,18,0.1157399043034183,0.12979356704635578,0.0,0.0,-0.04739385688828009,0.02714695243197187,0.09154900057356138,0.1691216584833606,0.5041377636444033,1.0,0.8573553050513101,0.04739385688828009
f__pymfe.info-theory.attr_conc.histogram.0,16,34,54,0.5634054834054835,0.5742623716153128,0.509090909090909,0.5462121212121211,-0.04712625290813879,0.043957378405907827,0.19080481367212454,0.13602941176470587,0.966575861391732,0.8703087007083202,1.0,0.04712625290813879
f__pymfe.landmarking.linear_discr.skewness.relative,46,58,0,3.4108695652173915,3.460344827586207,3.2,3.0,-0.04648412802606178,0.1323088455772114,0.12430982722121035,0.09295352323838081,0.9590434752199573,0.95707248416608,1.0,0.04648412802606178
f__pymfe.relative.linear_discr.skewness.relative,46,58,0,3.4108695652173915,3.460344827586207,3.2,3.0,-0.04648412802606178,0.1323088455772114,0.12430982722121035,0.09295352323838081,0.9590434752199573,0.95707248416608,1.0,0.04648412802606178
f__pymfe.landmarking.elite_nn.max.relative,46,58,0,3.723913043478261,3.7801724137931036,4.0,3.95,-0.04412617146321761,0.17177661169415295,0.1347303423157403,0.09895052473763119,0.9333577702148088,0.8414634146341464,1.0,0.04412617146321761
f__pymfe.landmarking.elite_nn.quantiles.4.relative,46,58,0,3.723913043478261,3.7801724137931036,4.0,3.95,-0.04412617146321761,0.17177661169415295,0.1347303423157403,0.09895052473763119,0.9333577702148088,0.8414634146341464,1.0,0.04412617146321761
f__pymfe.relative.elite_nn.max.relative,46,58,0,3.723913043478261,3.7801724137931036,4.0,3.95,-0.04412617146321761,0.17177661169415295,0.1347303423157403,0.09895052473763119,0.9333577702148088,0.8414634146341464,1.0,0.04412617146321761
f__pymfe.relative.elite_nn.quantiles.4.relative,46,58,0,3.723913043478261,3.7801724137931036,4.0,3.95,-0.04412617146321761,0.17177661169415295,0.1347303423157403,0.09895052473763119,0.9333577702148088,0.8414634146341464,1.0,0.04412617146321761
f__pymfe.landmarking.one_nn.histogram.2.relative,46,58,0,4.386956521739131,4.4189655172413795,4.6,4.55,-0.04376076038396291,0.0691904047976012,0.09459293169648185,0.06896551724137931,0.9984027498067222,0.920273348519362,1.0,0.04376076038396291
f__pymfe.relative.one_nn.histogram.2.relative,46,58,0,4.386956521739131,4.4189655172413795,4.6,4.55,-0.04376076038396291,0.0691904047976012,0.09459293169648185,0.06896551724137931,0.9984027498067222,0.920273348519362,1.0,0.04376076038396291
f__pymfe.info-theory.attr_conc.skewness,16,34,54,1.838370844355737,1.9020680631600215,1.6942740681924735,1.7051064773381084,-0.04375044684421365,0.25352182435963433,0.1741315132545186,0.17279411764705882,0.8357509887469549,0.9507238518428103,1.0,0.04375044684421365
f__pymfe.model-based.tree_depth.histogram.2,39,47,18,0.1000542491205715,0.09792346403312888,0.08898957864578172,0.09581014807794638,0.043648528102273425,0.011295818507928638,0.231391637986945,0.16366612111292964,0.5485807600351301,0.7607278725215546,0.8897924350523407,0.043648528102273425
f__pymfe.landmarking.random_node.histogram.3.relative,46,58,0,4.005434782608695,4.060344827586207,3.725,3.725,-0.043522305246825856,0.17732383808095956,0.14054882329196622,0.1454272863568216,0.5856023490243275,0.981118881118881,0.8985967079856061,0.043522305246825856
f__pymfe.relative.random_node.histogram.3.relative,46,58,0,4.005434782608695,4.060344827586207,3.725,3.725,-0.043522305246825856,0.17732383808095956,0.14054882329196622,0.1454272863568216,0.5856023490243275,0.981118881118881,0.8985967079856061,0.043522305246825856
f__pymfe.landmarking.naive_bayes.max,39,47,18,0.7639560705953792,0.7710414356791769,0.776693404634581,0.7957305157553826,-0.04334046935478412,0.0473395047076625,0.28957101416620085,0.1691216584833606,0.5041377636444033,0.807349877795423,0.8573553050513101,0.04334046935478412
f__pymfe.landmarking.naive_bayes.quantiles.4,39,47,18,0.7639560705953792,0.7710414356791769,0.776693404634581,0.7957305157553826,-0.04334046935478412,0.0473395047076625,0.28957101416620085,0.1691216584833606,0.5041377636444033,0.807349877795423,0.8573553050513101,0.04334046935478412
f__pymfe.relative.naive_bayes.max,39,47,18,0.7639560705953792,0.7710414356791769,0.776693404634581,0.7957305157553826,-0.04334046935478412,0.0473395047076625,0.28957101416620085,0.1691216584833606,0.5041377636444033,0.807349877795423,0.8573553050513101,0.04334046935478412
f__pymfe.relative.naive_bayes.quantiles.4,39,47,18,0.7639560705953792,0.7710414356791769,0.776693404634581,0.7957305157553826,-0.04334046935478412,0.0473395047076625,0.28957101416620085,0.1691216584833606,0.5041377636444033,0.807349877795423,0.8573553050513101,0.04334046935478412
f__pymfe.landmarking.best_node.histogram.4.relative,46,58,0,3.2032608695652165,3.1465517241379315,2.9000000000000004,3.35,0.043262771132531505,0.26398050974512743,0.20138777071145186,0.17691154422788605,0.3447657203049257,0.8811764705882353,0.7071890959391689,0.043262771132531505
f__pymfe.relative.best_node.histogram.4.relative,46,58,0,3.2032608695652165,3.1465517241379315,2.9000000000000004,3.35,0.043262771132531505,0.26398050974512743,0.20138777071145186,0.17691154422788605,0.3447657203049257,0.8811764705882353,0.7071890959391689,0.043262771132531505
f__pymfe.model-based.tree_imbalance.kurtosis,39,46,19,0.11278728055755731,0.21002053987811084,-0.30574856077329493,-0.38190538880293246,-0.04301003354565589,0.533669628263049,0.23606272971083594,0.16610925306577481,0.5336331048416819,0.7572640769367684,0.8840540165009043,0.04301003354565589
f__pymfe.landmarking.elite_nn.histogram.7.relative,46,58,0,3.869565217391304,3.9155172413793102,3.975,4.0,-0.0427292906156467,0.12271364317841083,0.11410742045320332,0.08920539730134933,0.9706290811327656,0.9570459683496612,1.0,0.0427292906156467
f__pymfe.relative.elite_nn.histogram.7.relative,46,58,0,3.869565217391304,3.9155172413793102,3.975,4.0,-0.0427292906156467,0.12271364317841083,0.11410742045320332,0.08920539730134933,0.9706290811327656,0.9570459683496612,1.0,0.0427292906156467
f__pymfe.statistical.t_mean.histogram.1,39,47,18,0.053954869137776744,0.057157796728050006,0.0,0.0120481927710843,-0.042612667652295565,0.007400491151906003,0.09845825765078241,0.08346972176759411,0.9934319850483229,0.9947643979057592,1.0,0.042612667652295565
f__pymfe.model-based.leaves_corrob.skewness,39,47,18,6.056777756660379,5.776382838083092,5.17478885304811,3.4360014394113234,0.04254780400869236,2.390999640099268,0.36281607594025117,0.33606110201854883,0.01126309762025476,0.5593713860200968,0.1149266394117715,0.04254780400869236
f__pymfe.landmarking.worst_node.histogram.7.relative,46,58,0,3.950000000000001,4.016379310344828,3.5,3.55,-0.04250004592052636,0.15805847076461776,0.1011985847808369,0.07946026986506746,0.9906935767539647,0.9875203472599023,1.0,0.04250004592052636
f__pymfe.relative.worst_node.histogram.7.relative,46,58,0,3.950000000000001,4.016379310344828,3.5,3.55,-0.04250004592052636,0.15805847076461776,0.1011985847808369,0.07946026986506746,0.9906935767539647,0.9875203472599023,1.0,0.04250004592052636
f__pymfe.general.freq_class.histogram.9,46,58,0,0.3832505175983436,0.3756379225450282,0.5,0.5,0.04197761901221475,0.022995315277233523,0.12680151472828854,0.095952023988006,0.9479166944545745,0.9018022105659406,1.0,0.04197761901221475
f__pymfe.landmarking.naive_bayes.histogram.8,39,47,18,0.06025641025641025,0.05851063829787234,0.06,0.05,0.041254843762867394,0.009754500818330604,0.23051143952502248,0.11893071467539552,0.874641004849651,0.8175182481751828,1.0,0.041254843762867394
f__pymfe.relative.naive_bayes.histogram.8,39,47,18,0.06025641025641025,0.05851063829787234,0.06,0.05,0.041254843762867394,0.009754500818330604,0.23051143952502248,0.11893071467539552,0.874641004849651,0.8175182481751828,1.0,0.041254843762867394
f__pymfe.landmarking.elite_nn.min.relative,46,58,0,2.8413043478260867,2.888793103448276,2.7,2.6,-0.03852526992910081,0.1724512743628186,0.13990115780883317,0.06896551724137931,0.9984027498067222,0.8361547762998792,1.0,0.03852526992910081
f__pymfe.landmarking.elite_nn.quantiles.0.relative,46,58,0,2.8413043478260867,2.888793103448276,2.7,2.6,-0.03852526992910081,0.1724512743628186,0.13990115780883317,0.06896551724137931,0.9984027498067222,0.8361547762998792,1.0,0.03852526992910081
f__pymfe.relative.elite_nn.min.relative,46,58,0,2.8413043478260867,2.888793103448276,2.7,2.6,-0.03852526992910081,0.1724512743628186,0.13990115780883317,0.06896551724137931,0.9984027498067222,0.8361547762998792,1.0,0.03852526992910081
f__pymfe.relative.elite_nn.quantiles.0.relative,46,58,0,2.8413043478260867,2.888793103448276,2.7,2.6,-0.03852526992910081,0.1724512743628186,0.13990115780883317,0.06896551724137931,0.9984027498067222,0.8361547762998792,1.0,0.03852526992910081
f__pymfe.statistical.median.histogram.4,39,47,18,0.036555724773926525,0.039427174214083774,0.0,0.0,-0.0384398452436058,0.017337011051235588,0.23208906710183402,0.15657392253136934,0.6001965133298259,0.728503851871874,0.9019838783812205,0.0384398452436058
f__pymfe.statistical.median.histogram.2,39,47,18,0.04708914132461323,0.04408478135694886,0.0,0.0,0.03823461007258619,0.014761827467870648,0.1878645446176706,0.1287506819421713,0.8143586933283282,0.8088214027476494,1.0,0.03823461007258619
f__pymfe.landmarking.linear_discr.histogram.7.relative,46,58,0,4.046739130434783,4.080172413793104,4.05,3.95,-0.03624331187975035,0.15487256371814084,0.16788942229498466,0.11244377811094453,0.8537525193856333,0.8347315436241611,1.0,0.03624331187975035
f__pymfe.relative.linear_discr.histogram.7.relative,46,58,0,4.046739130434783,4.080172413793104,4.05,3.95,-0.03624331187975035,0.15487256371814084,0.16788942229498466,0.11244377811094453,0.8537525193856333,0.8347315436241611,1.0,0.03624331187975035
f__pymfe.model-based.leaves_per_class.histogram.6,39,47,18,0.019998057498057498,0.021360961733302153,0.0,0.0,-0.036094046020535626,0.0034889814677048713,0.09239934428520546,0.0845608292416803,0.9923064910291358,0.9538288288288278,1.0,0.036094046020535626
f__pymfe.model-based.leaves_branch.sd,39,47,18,3.073907925185127,3.136245973304749,2.8965787929900375,2.799040240849231,-0.034730905848447284,0.3895601761610608,0.21703884238710372,0.10201854882705946,0.9557242235475716,0.823939358489603,1.0,0.034730905848447284
f__pymfe.landmarking.best_node.histogram.1.relative,46,58,0,3.2369565217391307,3.1948275862068964,3.2,3.375,0.034308212144948086,0.15869565217391304,0.12923573863141352,0.1206896551724138,0.7915002879695405,0.9910256410256407,1.0,0.034308212144948086
f__pymfe.relative.best_node.histogram.1.relative,46,58,0,3.2369565217391307,3.1948275862068964,3.2,3.375,0.034308212144948086,0.15869565217391304,0.12923573863141352,0.1206896551724138,0.7915002879695405,0.9910256410256407,1.0,0.034308212144948086
f__pymfe.landmarking.best_node.histogram.6,39,47,18,0.07384615384615384,0.07595744680851065,0.08,0.08,-0.03391352938415701,0.004937261320240047,0.07930683228078014,0.06710310965630115,0.9996764974208777,0.9500000000000001,1.0,0.03391352938415701
f__pymfe.relative.best_node.histogram.6,39,47,18,0.07384615384615384,0.07595744680851065,0.08,0.08,-0.03391352938415701,0.004937261320240047,0.07930683228078014,0.06710310965630115,0.9996764974208777,0.9500000000000001,1.0,0.03391352938415701
f__pymfe.general.freq_class.median,46,58,0,0.36160217711227144,0.36760856729511154,0.5,0.5,-0.03364299853255549,0.021571934679975924,0.12082874150537565,0.15517241379310345,0.5030375977067656,0.8566790851820996,0.8573553050513101,0.03364299853255549
f__pymfe.general.freq_class.quantiles.2,46,58,0,0.36160217711227144,0.36760856729511154,0.5,0.5,-0.03364299853255549,0.021571934679975924,0.12082874150537565,0.15517241379310345,0.5030375977067656,0.8566790851820996,0.8573553050513101,0.03364299853255549
f__pymfe.statistical.kurtosis.histogram.6,39,42,23,0.03068633975292242,0.032380631916786196,0.007792207792207739,0.005187416331994625,-0.03360512637730874,0.009380999301947843,0.18606570567409456,0.09340659340659341,0.9829109357990631,0.8796909492273723,1.0,0.03360512637730874
f__pymfe.model-based.leaves_per_class.min,39,47,18,0.29725790079673625,0.30367940705822616,0.4050488648273071,0.41911993515804474,-0.03319861634803934,0.016623567547689864,0.08594236599302589,0.19039825422804146,0.36108281106528256,0.9859168625329097,0.7257900418150348,0.03319861634803934
f__pymfe.model-based.leaves_per_class.quantiles.0,39,47,18,0.29725790079673625,0.30367940705822616,0.4050488648273071,0.41911993515804474,-0.03319861634803934,0.016623567547689864,0.08594236599302589,0.19039825422804146,0.36108281106528256,0.9859168625329097,0.7257900418150348,0.03319861634803934
f__pymfe.statistical.h_mean.histogram.4,29,33,42,0.03181603952928816,0.02916455536271204,0.0,0.0,0.03291000631939522,0.017014777150558758,0.21118603331924313,0.10240334378265413,0.9883983718172049,0.6444444444444445,1.0,0.03291000631939522
f__pymfe.statistical.g_mean.histogram.4,29,33,42,0.04238678571009535,0.039383512544802865,0.0,0.0,0.032868513292158515,0.013524275510543997,0.14801278635666104,0.1671891327063741,0.7015362260975091,0.9642857142857142,0.9695766841577492,0.032868513292158515
f__pymfe.landmarking.linear_discr.histogram.6.relative,46,58,0,4.003260869565217,3.973275862068965,4.075,3.8,0.03283610886803859,0.20374812593703154,0.22312135975832137,0.1386806596701649,0.6421422495142693,0.8188034188034189,0.9276031413181781,0.03283610886803859
f__pymfe.relative.linear_discr.histogram.6.relative,46,58,0,4.003260869565217,3.973275862068965,4.075,3.8,0.03283610886803859,0.20374812593703154,0.22312135975832137,0.1386806596701649,0.6421422495142693,0.8188034188034189,0.9276031413181781,0.03283610886803859
f__pymfe.statistical.can_cor.histogram.0,39,47,18,0.09795685795685795,0.10294165054803352,0.0,0.0,-0.03251051637388848,0.01703379953379953,0.11109341231839011,0.06983087834151663,0.9994355666217573,0.717213114754099,1.0,0.03251051637388848
f__pymfe.model-based.leaves_branch.range,39,47,18,14.033333333333331,13.727659574468083,12.9,11.4,0.032178583972104005,2.6888707037643202,0.2830601228329624,0.19476268412438624,0.33468110429605263,0.6738666666666677,0.6981238659925473,0.032178583972104005
f__pymfe.landmarking.random_node.range.relative,46,58,0,3.2510869565217386,3.3034482758620696,2.8,2.6,-0.03118036882053776,0.16682908545727132,0.0993441815463211,0.08620689655172414,0.9783655911100138,0.9989610389610389,1.0,0.03118036882053776
f__pymfe.relative.random_node.range.relative,46,58,0,3.2510869565217386,3.3034482758620696,2.8,2.6,-0.03118036882053776,0.16682908545727132,0.0993441815463211,0.08620689655172414,0.9783655911100138,0.9989610389610389,1.0,0.03118036882053776
f__pymfe.landmarking.linear_discr.histogram.8.relative,46,58,0,4.053260869565218,4.028448275862069,4.15,3.975,0.0309090745012601,0.08035982008995504,0.1001043137925996,0.07796101949025487,0.9921430036097847,0.9326315789473684,1.0,0.0309090745012601
f__pymfe.relative.linear_discr.histogram.8.relative,46,58,0,4.053260869565218,4.028448275862069,4.15,3.975,0.0309090745012601,0.08035982008995504,0.1001043137925996,0.07796101949025487,0.9921430036097847,0.9326315789473684,1.0,0.0309090745012601
f__pymfe.landmarking.best_node.histogram.3,39,47,18,0.05923076923076923,0.06085106382978723,0.06,0.06000000000000001,-0.029602379930866552,0.007741407528641569,0.14143359300302968,0.09219858156028368,0.9811223660104332,0.8502994011976053,1.0,0.029602379930866552
f__pymfe.relative.best_node.histogram.3,39,47,18,0.05923076923076923,0.06085106382978723,0.06,0.06000000000000001,-0.029602379930866552,0.007741407528641569,0.14143359300302968,0.09219858156028368,0.9811223660104332,0.8502994011976053,1.0,0.029602379930866552
f__pymfe.landmarking.linear_discr.max,39,47,18,0.7671633669105405,0.7721515449617126,0.7641784286530146,0.7840798851186044,-0.029526112741056435,0.03814641801713656,0.22579695982921094,0.16366612111292964,0.5485807600351301,0.7578253494041908,0.8897924350523407,0.029526112741056435
f__pymfe.landmarking.linear_discr.quantiles.4,39,47,18,0.7671633669105405,0.7721515449617126,0.7641784286530146,0.7840798851186044,-0.029526112741056435,0.03814641801713656,0.22579695982921094,0.16366612111292964,0.5485807600351301,0.7578253494041908,0.8897924350523407,0.029526112741056435
f__pymfe.relative.linear_discr.max,39,47,18,0.7671633669105405,0.7721515449617126,0.7641784286530146,0.7840798851186044,-0.029526112741056435,0.03814641801713656,0.22579695982921094,0.16366612111292964,0.5485807600351301,0.7578253494041908,0.8897924350523407,0.029526112741056435
f__pymfe.relative.linear_discr.quantiles.4,39,47,18,0.7671633669105405,0.7721515449617126,0.7641784286530146,0.7840798851186044,-0.029526112741056435,0.03814641801713656,0.22579695982921094,0.16366612111292964,0.5485807600351301,0.7578253494041908,0.8897924350523407,0.029526112741056435
f__pymfe.model-based.nodes_per_level.iq_range,39,47,18,15.929487179487179,16.982978723404255,8.025,4.225,-0.029040575718692955,6.697135842880516,0.1846134234930822,0.3393344244408074,0.010525909216551754,0.39379733141002693,0.11093754319023626,0.029040575718692955
f__pymfe.landmarking.naive_bayes.histogram.8.relative,46,58,0,4.165217391304349,4.146551724137931,4.0,4.0,0.028949305632639703,0.11491754122938533,0.1782300623888861,0.10269865067466268,0.9145203708541982,0.9709090909090908,1.0,0.028949305632639703
f__pymfe.relative.naive_bayes.histogram.8.relative,46,58,0,4.165217391304349,4.146551724137931,4.0,4.0,0.028949305632639703,0.11491754122938533,0.1782300623888861,0.10269865067466268,0.9145203708541982,0.9709090909090908,1.0,0.028949305632639703
f__pymfe.landmarking.random_node.sd.relative,46,58,0,3.1913043478260867,3.2379310344827585,2.625,2.6,-0.02808253691582796,0.12968515742128933,0.0781073775954698,0.08545727136431784,0.9802282459518066,0.9821428571428571,1.0,0.02808253691582796
f__pymfe.relative.random_node.sd.relative,46,58,0,3.1913043478260867,3.2379310344827585,2.625,2.6,-0.02808253691582796,0.12968515742128933,0.0781073775954698,0.08545727136431784,0.9802282459518066,0.9821428571428571,1.0,0.02808253691582796
f__pymfe.landmarking.worst_node.iq_range.relative,46,58,0,3.6576086956521734,3.7146551724137935,2.725,3.25,-0.02796735582875293,0.25794602698650676,0.12645948936496357,0.15967016491754124,0.46745406015892244,0.9503239740820735,0.8265578414730614,0.02796735582875293
f__pymfe.relative.worst_node.iq_range.relative,46,58,0,3.6576086956521734,3.7146551724137935,2.725,3.25,-0.02796735582875293,0.25794602698650676,0.12645948936496357,0.15967016491754124,0.46745406015892244,0.9503239740820735,0.8265578414730614,0.02796735582875293
f__pymfe.model-based.tree_imbalance.histogram.1,39,47,18,0.07006426939508319,0.07106091340118215,0.06675284356166708,0.06630171277997363,-0.027883148460009083,0.010489234301131673,0.2934577195673554,0.15275504637206766,0.6279256290810753,0.7589369825226557,0.9203447921206612,0.027883148460009083
f__pymfe.landmarking.one_nn.histogram.0.relative,46,58,0,4.389130434782608,4.412931034482758,4.525,4.45,-0.027551678702952057,0.18736881559220395,0.21689896352134522,0.12293853073463268,0.7764646283152684,0.9339622641509432,0.9992603581404673,0.027551678702952057
f__pymfe.relative.one_nn.histogram.0.relative,46,58,0,4.389130434782608,4.412931034482758,4.525,4.45,-0.027551678702952057,0.18736881559220395,0.21689896352134522,0.12293853073463268,0.7764646283152684,0.9339622641509432,0.9992603581404673,0.027551678702952057
f__pymfe.model-based.nodes_per_level.sd,39,46,19,9.768235291603055,10.338627952573674,5.3349221970510055,2.764142811179393,-0.027065147739046697,4.311116143118454,0.2045625817399857,0.3600891861761427,0.005854964452745346,0.3945732734786374,0.098188107996023,0.027065147739046697
f__pymfe.general.freq_class.quantiles.3,46,58,0,0.4493956738671923,0.4440731692522445,0.5280839956792838,0.521137968180908,0.025155864584420505,0.029580141436004553,0.13980523948487575,0.14392803598200898,0.6001744139417048,0.8753382464849901,0.9019838783812205,0.025155864584420505
f__pymfe.landmarking.one_nn.kurtosis.relative,46,58,0,3.658695652173914,3.6870689655172413,3.6,3.6500000000000004,-0.024900976001839673,0.2073088455772113,0.18193830682454332,0.13943028485757122,0.638015220051022,0.8787878787878788,0.9258155638783852,0.024900976001839673
f__pymfe.relative.one_nn.kurtosis.relative,46,58,0,3.658695652173914,3.6870689655172413,3.6,3.6500000000000004,-0.024900976001839673,0.2073088455772113,0.18193830682454332,0.13943028485757122,0.638015220051022,0.8787878787878788,0.9258155638783852,0.024900976001839673
f__pymfe.statistical.sparsity.histogram.3,46,58,0,0.06980221522384022,0.06689899678461864,0.00555555555555552,0.0,0.02470763488702713,0.009339697107174024,0.07948483068375357,0.06446776611694154,0.9994480224808093,0.8181372346661598,1.0,0.02470763488702713
f__pymfe.statistical.eigenvalues.histogram.6,38,44,22,0.009513694801906428,0.008743441698538785,0.0,0.0,0.024594518944519004,0.0046954156111241015,0.1499266769523972,0.10406698564593302,0.9576044084760524,0.4383838383838369,1.0,0.024594518944519004
f__pymfe.model-based.nodes_repeated.median,39,47,18,32.21923076923077,30.02234042553192,6.65,7.5,0.024428939962865603,14.499290780141838,0.1612289411659273,0.12274959083469722,0.8515621069900887,0.7619363395225472,1.0,0.024428939962865603
f__pymfe.model-based.nodes_repeated.quantiles.2,39,47,18,32.21923076923077,30.02234042553192,6.65,7.5,0.024428939962865603,14.499290780141838,0.1612289411659273,0.12274959083469722,0.8515621069900887,0.7619363395225472,1.0,0.024428939962865603
f__pymfe.landmarking.one_nn.histogram.7.relative,46,58,0,4.475,4.492241379310345,4.65,4.425000000000001,-0.02406635279665992,0.1445277361319341,0.20173881822591025,0.15217391304347827,0.5298475596978304,0.8226495726495727,0.8805143056389256,0.02406635279665992
f__pymfe.relative.one_nn.histogram.7.relative,46,58,0,4.475,4.492241379310345,4.65,4.425000000000001,-0.02406635279665992,0.1445277361319341,0.20173881822591025,0.15217391304347827,0.5298475596978304,0.8226495726495727,0.8805143056389256,0.02406635279665992
f__pymfe.model-based.tree_shape.skewness,39,46,19,3.1577352155391942,3.0851041862494886,2.5220043459016623,2.178774198175059,0.023458963378769862,0.9129027809907257,0.2948568004208905,0.2040133779264214,0.29196276571170005,0.8515835090766857,0.6415971888479334,0.023458963378769862
f__pymfe.statistical.kurtosis.histogram.4,39,42,23,0.04397854265025759,0.042502090232274116,0.025,0.01180555555555555,0.023333790921765806,0.01193370261207579,0.18859972612799983,0.163003663003663,0.5832327619635045,0.8013233518473798,0.896678392193411,0.023333790921765806
f__pymfe.statistical.mean.histogram.4,39,47,18,0.053414773274970635,0.055414933759173765,0.0,0.0,-0.02181690533907535,0.017968101042474417,0.19598845325793085,0.15220949263502456,0.6334158250792467,0.9769188771553706,0.9233231590327144,0.02181690533907535
f__pymfe.landmarking.best_node.histogram.4,39,47,18,0.06051282051282053,0.06191489361702127,0.05,0.06,-0.021813480676470057,0.01207310420076378,0.18783359041645525,0.12438625204582651,0.8440489228095662,0.8032786885245897,1.0,0.021813480676470057
f__pymfe.relative.best_node.histogram.4,39,47,18,0.06051282051282053,0.06191489361702127,0.05,0.06,-0.021813480676470057,0.01207310420076378,0.18783359041645525,0.12438625204582651,0.8440489228095662,0.8032786885245897,1.0,0.021813480676470057
f__pymfe.statistical.can_cor.iq_range,39,47,18,0.09262105281053885,0.0894903447561339,0.0,0.0,0.020797365460749857,0.017847224227590875,0.11855952016953733,0.07201309328968904,0.9990611470213897,0.9402412699519124,1.0,0.020797365460749857
f__pymfe.statistical.cor.histogram.0,38,40,26,0.3026634597246991,0.30704142440357496,0.25582456140350873,0.2597222222222222,-0.020551785130729916,0.03668379756809262,0.17220731109055404,0.11578947368421053,0.9177750243167093,0.9264889717544168,1.0,0.020551785130729916
f__pymfe.model-based.nodes_per_level.quantiles.3,39,47,18,19.29038461538462,20.06382978723404,11.25,6.575,-0.019985003664881425,7.5981587561374715,0.19632837092339012,0.3262411347517731,0.015816756011257996,0.4017230287264708,0.14235080410132195,0.019985003664881425
f__pymfe.statistical.t_mean.histogram.4,39,47,18,0.04232860153775723,0.04078719330459747,0.0,0.0,0.019677108873575256,0.02629486975184766,0.3356716305212323,0.23295144571740317,0.1616361392492612,0.5009163346613544,0.4858181896384924,0.019677108873575256
f__pymfe.landmarking.worst_node.skewness,31,41,32,0.0651124152488037,0.047538763903301244,-0.09164338302362211,0.10157716460089554,0.018496000220209124,0.2331494136912754,0.24538620473309272,0.1919748229740362,0.4576757163688712,0.9067985844131669,0.8256717315573555,0.018496000220209124
f__pymfe.relative.worst_node.skewness,31,41,32,0.0651124152488037,0.047538763903301244,-0.09164338302362211,0.10157716460089554,0.018496000220209124,0.2331494136912754,0.24538620473309272,0.1919748229740362,0.4576757163688712,0.9067985844131669,0.8256717315573555,0.018496000220209124
f__pymfe.info-theory.attr_ent.histogram.3,17,36,51,0.05947477874722455,0.06076001736863449,0.03166666666666663,0.02583333333333332,-0.01821742380124115,0.013852650665086156,0.19635233779356465,0.13398692810457516,0.9592314360184488,0.7314704266617839,1.0,0.01821742380124115
f__pymfe.statistical.can_cor.mean,39,47,18,0.5553344716383498,0.5590692294960958,0.5136284763006852,0.5512266782912392,-0.018027336667963502,0.040973420800042536,0.19777497747773304,0.15493726132024005,0.6166764487408783,0.8420199091485617,0.9088460633697213,0.018027336667963502
f__pymfe.model-based.tree_depth.sd,39,47,18,3.346072447390192,3.376758502541418,3.164641913351251,3.0207336722602713,-0.0178379597039135,0.4116402654811981,0.23928857691140837,0.12329514457174032,0.8474247520019368,0.8397026497071947,1.0,0.0178379597039135
f__pymfe.general.freq_class.range,46,58,0,0.3343278834167783,0.3296545321246973,0.2905590036404826,0.2811298402813082,0.01732545934107394,0.045796212655329856,0.16977975134879675,0.1184407796101949,0.8121072569103771,0.8644918442600645,1.0,0.01732545934107394
f__pymfe.model-based.nodes_repeated.quantiles.1,39,47,18,16.897435897435898,17.512234042553192,4.775,4.95,-0.017119531655111136,4.833156028368793,0.13458298187605122,0.0889252591380251,0.9863128487485576,0.8968668031014919,1.0,0.017119531655111136
f__pymfe.model-based.nodes_per_level.range,39,47,18,28.405128205128197,29.3468085106383,16.7,7.9,-0.015633347598254268,12.902509547190386,0.21420158780081572,0.3606110201854883,0.005377250513090113,0.4068814055636912,0.09679050923562203,0.015633347598254268
f__pymfe.model-based.nodes_per_level.max,39,47,18,29.405128205128204,30.3468085106383,17.7,8.9,-0.01563334759825415,12.902509547190386,0.21420158780081572,0.3606110201854883,0.005377250513090113,0.4068814055636912,0.09679050923562203,0.01563334759825415
f__pymfe.model-based.nodes_per_level.quantiles.4,39,47,18,29.405128205128204,30.3468085106383,17.7,8.9,-0.01563334759825415,12.902509547190386,0.21420158780081572,0.3606110201854883,0.005377250513090113,0.4068814055636912,0.09679050923562203,0.01563334759825415
f__pymfe.landmarking.elite_nn.quantiles.3.relative,46,58,0,3.5467391304347826,3.5655172413793106,4.0,3.6500000000000004,-0.014779325264705023,0.19494002998500753,0.15342768603139698,0.10794602698650675,0.8830882122745258,0.7995365005793744,1.0,0.014779325264705023
f__pymfe.relative.elite_nn.quantiles.3.relative,46,58,0,3.5467391304347826,3.5655172413793106,4.0,3.6500000000000004,-0.014779325264705023,0.19494002998500753,0.15342768603139698,0.10794602698650675,0.8830882122745258,0.7995365005793744,1.0,0.014779325264705023
f__pymfe.landmarking.one_nn.histogram.7,39,47,18,0.08230769230769229,0.08170212765957445,0.09,0.09,0.014611241793517925,0.009159847244953629,0.22101148622807731,0.14839061647572285,0.6618984987669543,0.9154929577464787,0.9342391145591725,0.014611241793517925
f__pymfe.relative.one_nn.histogram.7,39,47,18,0.08230769230769229,0.08170212765957445,0.09,0.09,0.014611241793517925,0.009159847244953629,0.22101148622807731,0.14839061647572285,0.6618984987669543,0.9154929577464787,0.9342391145591725,0.014611241793517925
f__pymfe.statistical.var.histogram.4,39,47,18,0.03327448593073593,0.03250615045111131,0.0,0.0,0.013639040900371432,0.009762900808453014,0.17330529041534742,0.08019639934533551,0.9960529504615906,0.8739228315328629,1.0,0.013639040900371432
f__pymfe.statistical.can_cor.median,39,47,18,0.5643449755079113,0.5613180002299928,0.5323652447237583,0.5555315454085417,0.013615033914890254,0.049237150067490874,0.22146380676832095,0.14184397163120568,0.7177292684049377,0.8448697734773495,0.978638009364789,0.013615033914890254
f__pymfe.statistical.can_cor.quantiles.2,39,47,18,0.5643449755079113,0.5613180002299928,0.5323652447237583,0.5555315454085417,0.013615033914890254,0.049237150067490874,0.22146380676832095,0.14184397163120568,0.7177292684049377,0.8448697734773495,0.978638009364789,0.013615033914890254
f__pymfe.landmarking.best_node.histogram.3.relative,46,58,0,3.192391304347826,3.2086206896551723,3.275,3.525,-0.013140050270148307,0.1482383808095952,0.12002055154373194,0.0944527736131934,0.9528682635506159,0.9827357237715805,1.0,0.013140050270148307
f__pymfe.relative.best_node.histogram.3.relative,46,58,0,3.192391304347826,3.2086206896551723,3.275,3.525,-0.013140050270148307,0.1482383808095952,0.12002055154373194,0.0944527736131934,0.9528682635506159,0.9827357237715805,1.0,0.013140050270148307
f__pymfe.landmarking.best_node.histogram.5.relative,46,58,0,3.8978260869565213,3.8767241379310344,4.125,4.0,0.012516385861555863,0.1959895052473762,0.11624899053299588,0.07571214392803598,0.9945560574098671,0.9908168197196713,1.0,0.012516385861555863
f__pymfe.relative.best_node.histogram.5.relative,46,58,0,3.8978260869565213,3.8767241379310344,4.125,4.0,0.012516385861555863,0.1959895052473762,0.11624899053299588,0.07571214392803598,0.9945560574098671,0.9908168197196713,1.0,0.012516385861555863
f__pymfe.model-based.tree_imbalance.histogram.8,39,47,18,0.023910458260368996,0.02360096709603813,0.015476190476190472,0.01666666666666666,0.012484342947669598,0.005586661398590318,0.2253563425091711,0.12929623567921442,0.8100131971263029,0.6972793365635144,1.0,0.012484342947669598
f__pymfe.landmarking.worst_node.skewness.relative,46,58,0,5.455434782608696,5.436206896551723,5.9,5.8,0.012195369568966512,0.19958770614692653,0.12658936248487354,0.07571214392803598,0.9945560574098671,0.9460227272727271,1.0,0.012195369568966512
f__pymfe.relative.worst_node.skewness.relative,46,58,0,5.455434782608696,5.436206896551723,5.9,5.8,0.012195369568966512,0.19958770614692653,0.12658936248487354,0.07571214392803598,0.9945560574098671,0.9460227272727271,1.0,0.012195369568966512
f__pymfe.landmarking.random_node.histogram.4,39,47,18,0.059487179487179485,0.06021276595744681,0.06,0.06000000000000001,-0.011809904159788274,0.00696672122204037,0.1133928391883424,0.09547190398254228,0.9747137132910396,0.9041916167664674,1.0,0.011809904159788274
f__pymfe.relative.random_node.histogram.4,39,47,18,0.059487179487179485,0.06021276595744681,0.06,0.06000000000000001,-0.011809904159788274,0.00696672122204037,0.1133928391883424,0.09547190398254228,0.9747137132910396,0.9041916167664674,1.0,0.011809904159788274
f__pymfe.statistical.can_cor.quantiles.1,39,47,18,0.5095741183321595,0.5122254222797616,0.45796327012987226,0.49303154032623403,-0.011738545523008192,0.0355395641730819,0.157350043660929,0.15111838516093834,0.6443804657570632,0.8889288332676595,0.9292638567150731,0.011738545523008192
f__pymfe.landmarking.worst_node.min,39,47,18,0.38686551801985875,0.3848316905291152,0.49147186147186145,0.4334915084915084,0.011339632333406457,0.03872396298210667,0.2159059727081355,0.15984724495362793,0.5772278257324267,0.6488665048335336,0.8897924350523407,0.011339632333406457
f__pymfe.landmarking.worst_node.quantiles.0,39,47,18,0.38686551801985875,0.3848316905291152,0.49147186147186145,0.4334915084915084,0.011339632333406457,0.03872396298210667,0.2159059727081355,0.15984724495362793,0.5772278257324267,0.6488665048335336,0.8897924350523407,0.011339632333406457
f__pymfe.relative.worst_node.min,39,47,18,0.38686551801985875,0.3848316905291152,0.49147186147186145,0.4334915084915084,0.011339632333406457,0.03872396298210667,0.2159059727081355,0.15984724495362793,0.5772278257324267,0.6488665048335336,0.8897924350523407,0.011339632333406457
f__pymfe.relative.worst_node.quantiles.0,39,47,18,0.38686551801985875,0.3848316905291152,0.49147186147186145,0.4334915084915084,0.011339632333406457,0.03872396298210667,0.2159059727081355,0.15984724495362793,0.5772278257324267,0.6488665048335336,0.8897924350523407,0.011339632333406457
f__pymfe.landmarking.best_node.min,39,47,18,0.4604910139881924,0.45830961464315634,0.5,0.5,0.010832914327726173,0.023368042740351865,0.11604661273458296,0.09438079650845609,0.977415183124369,0.9076521093042894,1.0,0.010832914327726173
f__pymfe.landmarking.best_node.quantiles.0,39,47,18,0.4604910139881924,0.45830961464315634,0.5,0.5,0.010832914327726173,0.023368042740351865,0.11604661273458296,0.09438079650845609,0.977415183124369,0.9076521093042894,1.0,0.010832914327726173
f__pymfe.relative.best_node.min,39,47,18,0.4604910139881924,0.45830961464315634,0.5,0.5,0.010832914327726173,0.023368042740351865,0.11604661273458296,0.09438079650845609,0.977415183124369,0.9076521093042894,1.0,0.010832914327726173
f__pymfe.relative.best_node.quantiles.0,39,47,18,0.4604910139881924,0.45830961464315634,0.5,0.5,0.010832914327726173,0.023368042740351865,0.11604661273458296,0.09438079650845609,0.977415183124369,0.9076521093042894,1.0,0.010832914327726173
f__pymfe.model-based.tree_shape.histogram.6,39,47,18,0.03778497474489792,0.03728504816617657,0.03143246234782683,0.01412907268170425,0.010439717047367455,0.011706390846767082,0.24445871311486772,0.19367157665030005,0.34433353557336277,0.817050724195065,0.7071890959391689,0.010439717047367455
f__pymfe.landmarking.one_nn.skewness,39,47,18,-0.15256701447898108,-0.15739630619008468,-0.0866150343774465,-0.08277758613424484,0.010244478575627776,0.10381097345923421,0.22021641208233336,0.12929623567921442,0.8100131971263029,0.9119316616217502,1.0,0.010244478575627776
f__pymfe.relative.one_nn.skewness,39,47,18,-0.15256701447898108,-0.15739630619008468,-0.0866150343774465,-0.08277758613424484,0.010244478575627776,0.10381097345923421,0.22021641208233336,0.12929623567921442,0.8100131971263029,0.9119316616217502,1.0,0.010244478575627776
f__pymfe.landmarking.best_node.histogram.0.relative,46,58,0,3.153260869565217,3.1681034482758617,3.425,3.425,-0.010232994825826305,0.1541229385307346,0.10625776445403576,0.05472263868065967,0.9999721195956602,0.9059829059829061,1.0,0.010232994825826305
f__pymfe.relative.best_node.histogram.0.relative,46,58,0,3.153260869565217,3.1681034482758617,3.425,3.425,-0.010232994825826305,0.1541229385307346,0.10625776445403576,0.05472263868065967,0.9999721195956602,0.9059829059829061,1.0,0.010232994825826305
f__pymfe.model-based.nodes_per_level.mean,39,47,18,11.712653751695749,11.918131829015524,7.3863131313131305,4.487289377289377,-0.00975232285156561,4.605478959004314,0.21858350185165915,0.3518821603927987,0.007208572565338583,0.41277914890066864,0.098188107996023,0.00975232285156561
f__pymfe.model-based.nodes_per_level.median,39,47,18,9.029487179487178,8.901063829787232,6.4,4.15,0.009737114042325851,3.2642116748499705,0.2474939441352912,0.35624659028914346,0.006232376372616231,0.5236523652365256,0.098188107996023,0.009737114042325851
f__pymfe.model-based.nodes_per_level.quantiles.2,39,47,18,9.029487179487178,8.901063829787232,6.4,4.15,0.009737114042325851,3.2642116748499705,0.2474939441352912,0.35624659028914346,0.006232376372616231,0.5236523652365256,0.098188107996023,0.009737114042325851
f__pymfe.model-based.nodes_repeated.min,39,47,18,10.074358974358974,10.270212765957446,1.3,2.0,-0.009646862168704274,1.6106928532460467,0.07933536453170652,0.08346972176759411,0.9934319850483229,0.8060482698458853,1.0,0.009646862168704274
f__pymfe.model-based.nodes_repeated.quantiles.0,39,47,18,10.074358974358974,10.270212765957446,1.3,2.0,-0.009646862168704274,1.6106928532460467,0.07933536453170652,0.08346972176759411,0.9934319850483229,0.8060482698458853,1.0,0.009646862168704274
f__pymfe.landmarking.naive_bayes.histogram.3.relative,46,58,0,4.2967391304347835,4.290517241379311,4.324999999999999,4.25,0.008619089036675456,0.16971514242878563,0.23510382625339113,0.11544227886056972,0.8333054981633036,0.7214953271028038,1.0,0.008619089036675456
f__pymfe.relative.naive_bayes.histogram.3.relative,46,58,0,4.2967391304347835,4.290517241379311,4.324999999999999,4.25,0.008619089036675456,0.16971514242878563,0.23510382625339113,0.11544227886056972,0.8333054981633036,0.7214953271028038,1.0,0.008619089036675456
f__pymfe.model-based.leaves_homo.skewness,39,46,19,4.655762948668353,4.703808393535724,3.4272384686674413,2.6337798823081853,-0.008385131793156895,1.450816275013999,0.25320372633100535,0.2770345596432553,0.061670708175072864,0.6704222682309261,0.2706752725930595,0.008385131793156895
f__pymfe.info-theory.attr_ent.histogram.4,17,36,51,0.056651812240047526,0.057259504898739655,0.04,0.01714285714285714,-0.007878275709277871,0.012189387186891339,0.15802618578961755,0.0915032679738562,0.9996007465785052,0.8685393016855867,1.0,0.007878275709277871
f__pymfe.info-theory.attr_ent.histogram.6,17,36,51,0.044994571991476,0.04441942257799034,0.0,0.0,0.007714034033064538,0.011637063754609864,0.15607893139273896,0.09803921568627451,0.9987573126865362,0.9384591831400343,1.0,0.007714034033064538
f__pymfe.statistical.h_mean.histogram.7,29,33,42,0.018706088106983956,0.019016125707369942,0.0,0.0,-0.007688220531809569,0.012844655685564248,0.31851796505596713,0.2277951933124347,0.3310436183095654,0.5507662835249042,0.6932442830482664,0.007688220531809569
f__pymfe.info-theory.joint_ent.sd,16,35,53,0.6243705161746035,0.6283412818218329,0.47602903586283507,0.4791616740482033,-0.007448191713674006,0.07504203198597201,0.1407606216209623,0.08928571428571429,0.999753146889265,0.8053598380172745,1.0,0.007448191713674006
f__pymfe.landmarking.naive_bayes.sd.relative,46,58,0,4.55,4.539655172413792,4.9,4.6,0.007139024848304365,0.3634932533733134,0.25084877890888363,0.12893553223388307,0.725103232112223,0.7980000000000002,0.9816732130859414,0.007139024848304365
f__pymfe.relative.naive_bayes.sd.relative,46,58,0,4.55,4.539655172413792,4.9,4.6,0.007139024848304365,0.3634932533733134,0.25084877890888363,0.12893553223388307,0.725103232112223,0.7980000000000002,0.9816732130859414,0.007139024848304365
f__pymfe.statistical.h_mean.histogram.2,29,33,42,0.04421911337480708,0.04477745193874225,0.009523809523809521,0.0,-0.0069784947983652776,0.014675218525719323,0.18342085387191048,0.2142110762800418,0.4036123096530555,0.8438197233377955,0.7874594084158583,0.0069784947983652776
f__pymfe.statistical.skewness.histogram.7,39,42,23,0.033725611190534265,0.03402623879316902,0.004761904761904761,0.01134538152610438,-0.006133007025654376,0.007005130234500151,0.14290940874118815,0.07142857142857142,0.999425509957815,0.7730556761711789,1.0,0.006133007025654376
f__pymfe.landmarking.naive_bayes.range.relative,46,58,0,4.5260869565217385,4.518965517241378,4.75,4.5,0.005056007117462,0.3491004497751124,0.24785079101072774,0.18065967016491755,0.3216388561584406,0.7890870933892971,0.6813082251251581,0.005056007117462
f__pymfe.relative.naive_bayes.range.relative,46,58,0,4.5260869565217385,4.518965517241378,4.75,4.5,0.005056007117462,0.3491004497751124,0.24785079101072774,0.18065967016491755,0.3216388561584406,0.7890870933892971,0.6813082251251581,0.005056007117462
f__pymfe.statistical.can_cor.max,39,47,18,0.6514640597942711,0.65249333678834,0.6249588886423113,0.6544420239957413,-0.004242824911758689,0.06776121253105664,0.27932127331557816,0.20185488270594654,0.29970197185231057,0.9312442115109129,0.6500485559165401,0.004242824911758689
f__pymfe.statistical.can_cor.quantiles.4,39,47,18,0.6514640597942711,0.65249333678834,0.6249588886423113,0.6544420239957413,-0.004242824911758689,0.06776121253105664,0.27932127331557816,0.20185488270594654,0.29970197185231057,0.9312442115109129,0.6500485559165401,0.004242824911758689
f__pymfe.model-based.tree_imbalance.skewness,39,46,19,1.0352349305955884,1.0379057912703793,0.9711084651416224,1.0085119394944506,-0.004066079657130521,0.1363586446005726,0.20759042810335926,0.13099219620958752,0.8015181731369916,0.8148289520472618,1.0,0.004066079657130521
f__pymfe.statistical.cor.histogram.6,38,40,26,0.05177794313834214,0.05152027255754672,0.030303783210759903,0.034307471629794584,0.0038547957653365353,0.00897817950713062,0.13431509424817314,0.19210526315789472,0.4040522058163767,0.8661391483654174,0.7874594084158583,0.0038547957653365353
f__pymfe.landmarking.best_node.skewness.relative,46,58,0,3.401086956521739,3.40603448275862,3.3,3.5,-0.003261811967700122,0.17331334332833578,0.11426226165641215,0.10794602698650675,0.8830882122745258,1.0,1.0,0.003261811967700122
f__pymfe.relative.best_node.skewness.relative,46,58,0,3.401086956521739,3.40603448275862,3.3,3.5,-0.003261811967700122,0.17331334332833578,0.11426226165641215,0.10794602698650675,0.8830882122745258,1.0,1.0,0.003261811967700122
f__pymfe.model-based.tree_imbalance.histogram.0,39,47,18,0.508019243662479,0.5084567904628285,0.5162260430487985,0.5391692466460268,-0.002821147918151116,0.030405816963720533,0.19604601646806977,0.16475722858701583,0.5375591102216764,0.8906970764353327,0.8878038088403356,0.002821147918151116
f__pymfe.landmarking.best_node.histogram.6.relative,46,58,0,3.342391304347826,3.3387931034482756,3.725,3.6,0.002704461664283441,0.15892053973013487,0.11944705683917478,0.09895052473763119,0.9333577702148088,0.969642857142857,1.0,0.002704461664283441
f__pymfe.relative.best_node.histogram.6.relative,46,58,0,3.342391304347826,3.3387931034482756,3.725,3.6,0.002704461664283441,0.15892053973013487,0.11944705683917478,0.09895052473763119,0.9333577702148088,0.969642857142857,1.0,0.002704461664283441
f__pymfe.statistical.can_cor.quantiles.3,39,47,18,0.6021951711426983,0.6017157670358956,0.5722275086454215,0.5998613936625159,0.0021218368055817356,0.06163895310119122,0.27281326440839515,0.19258046917621385,0.35120184674743954,0.9300262950936257,0.7121839980878458,0.0021218368055817356
f__pymfe.statistical.cor.count,46,58,0,1668.5,1660.8103448275863,105.5,15.0,0.0012519086411022712,655.1694152923538,0.10666437362924845,0.2593703148425787,0.05061891184543857,0.46424721523535845,0.251836946510536,0.0012519086411022712
f__pymfe.statistical.cov.count,46,58,0,1668.5,1660.8103448275863,105.5,15.0,0.0012519086411022712,655.1694152923538,0.10666437362924845,0.2593703148425787,0.05061891184543857,0.46424721523535845,0.251836946510536,0.0012519086411022712
f__pymfe.landmarking.random_node.kurtosis.relative,46,58,0,5.038043478260869,5.037931034482758,5.7,5.4,8.970205921012938e-05,0.13332083958020993,0.10635674153693202,0.06446776611694154,0.9994480224808093,0.8286852589641436,1.0,8.970205921012938e-05
f__pymfe.relative.random_node.kurtosis.relative,46,58,0,5.038043478260869,5.037931034482758,5.7,5.4,8.970205921012938e-05,0.13332083958020993,0.10635674153693202,0.06446776611694154,0.9994480224808093,0.8286852589641436,1.0,8.970205921012938e-05
f__pymfe.statistical.roy_root,39,47,18,5.375006930434911,inf,0.6409627942298696,0.7495531519867883,,inf,,0.20185488270594654,0.29970197185231057,0.8266008025981455,0.6500485559165401,
f__pymfe.statistical.lh_trace,39,47,18,10.094548612458974,inf,1.0018106934612916,0.9174962620992779,,inf,,0.19749045280960176,0.3236426712361082,0.7161214456738723,0.6813082251251581,
f__pymfe.landmarking.best_node.count.relative,46,58,0,4.0,4.0,4.0,4.0,,0.0,,0.0,1.0,1.0,1.0,
f__pymfe.landmarking.elite_nn.count.relative,46,58,0,4.0,4.0,4.0,4.0,,0.0,,0.0,1.0,1.0,1.0,
f__pymfe.landmarking.linear_discr.count.relative,46,58,0,4.0,4.0,4.0,4.0,,0.0,,0.0,1.0,1.0,1.0,
f__pymfe.landmarking.naive_bayes.count.relative,46,58,0,4.0,4.0,4.0,4.0,,0.0,,0.0,1.0,1.0,1.0,
f__pymfe.landmarking.one_nn.count.relative,46,58,0,4.0,4.0,4.0,4.0,,0.0,,0.0,1.0,1.0,1.0,
f__pymfe.landmarking.random_node.count.relative,46,58,0,4.0,4.0,4.0,4.0,,0.0,,0.0,1.0,1.0,1.0,
f__pymfe.landmarking.worst_node.count.relative,46,58,0,4.0,4.0,4.0,4.0,,0.0,,0.0,1.0,1.0,1.0,
f__pymfe.model-based.leaves_homo.histogram.6,39,47,18,0.0,0.0,0.0,0.0,,0.0,,0.0,1.0,1.0,1.0,
f__pymfe.model-based.leaves_homo.histogram.7,39,47,18,0.0,0.0,0.0,0.0,,0.0,,0.0,1.0,1.0,1.0,
f__pymfe.model-based.leaves_homo.histogram.8,39,47,18,0.0,0.0,0.0,0.0,,0.0,,0.0,1.0,1.0,1.0,
f__pymfe.model-based.nodes_per_level.min,39,47,18,1.0,1.0,1.0,1.0,,0.0,,0.0,1.0,1.0,1.0,
f__pymfe.model-based.nodes_per_level.quantiles.0,39,47,18,1.0,1.0,1.0,1.0,,0.0,,0.0,1.0,1.0,1.0,
f__pymfe.model-based.tree_depth.min,39,47,18,0.0,0.0,0.0,0.0,,0.0,,0.0,1.0,1.0,1.0,
f__pymfe.model-based.tree_depth.quantiles.0,39,47,18,0.0,0.0,0.0,0.0,,0.0,,0.0,1.0,1.0,1.0,
f__pymfe.model-based.tree_shape.histogram.8,39,47,18,0.0,0.0,0.0,0.0,,0.0,,0.0,1.0,1.0,1.0,
f__pymfe.relative.best_node.count.relative,46,58,0,4.0,4.0,4.0,4.0,,0.0,,0.0,1.0,1.0,1.0,
f__pymfe.relative.elite_nn.count.relative,46,58,0,4.0,4.0,4.0,4.0,,0.0,,0.0,1.0,1.0,1.0,
f__pymfe.relative.linear_discr.count.relative,46,58,0,4.0,4.0,4.0,4.0,,0.0,,0.0,1.0,1.0,1.0,
f__pymfe.relative.naive_bayes.count.relative,46,58,0,4.0,4.0,4.0,4.0,,0.0,,0.0,1.0,1.0,1.0,
f__pymfe.relative.one_nn.count.relative,46,58,0,4.0,4.0,4.0,4.0,,0.0,,0.0,1.0,1.0,1.0,
f__pymfe.relative.random_node.count.relative,46,58,0,4.0,4.0,4.0,4.0,,0.0,,0.0,1.0,1.0,1.0,
f__pymfe.relative.worst_node.count.relative,46,58,0,4.0,4.0,4.0,4.0,,0.0,,0.0,1.0,1.0,1.0,
f__pymfe.statistical.iq_range,0,0,104,,,,,,,,,,,,
f__pymfe.statistical.t_mean,0,0,104,,,,,,,,,,,,
