dataset_name,norm
openml__cjs__14967__fold_0,cjs-14967-fold-0
openml__cjs__14967__fold_1,cjs-14967-fold-1
openml__cjs__14967__fold_2,cjs-14967-fold-2
openml__cjs__14967__fold_3,cjs-14967-fold-3
openml__cjs__14967__fold_4,cjs-14967-fold-4
openml__cjs__14967__fold_5,cjs-14967-fold-5
openml__cjs__14967__fold_6,cjs-14967-fold-6
openml__cjs__14967__fold_7,cjs-14967-fold-7
openml__cjs__14967__fold_8,cjs-14967-fold-8
openml__cjs__14967__fold_9,cjs-14967-fold-9
openml__Click_prediction_small__190408__fold_0,click-prediction-small-190408-fold-0
openml__Click_prediction_small__190408__fold_1,click-prediction-small-190408-fold-1
openml__Click_prediction_small__190408__fold_2,click-prediction-small-190408-fold-2
openml__Click_prediction_small__190408__fold_3,click-prediction-small-190408-fold-3
openml__Click_prediction_small__190408__fold_4,click-prediction-small-190408-fold-4
openml__Click_prediction_small__190408__fold_5,click-prediction-small-190408-fold-5
openml__Click_prediction_small__190408__fold_6,click-prediction-small-190408-fold-6
openml__Click_prediction_small__190408__fold_7,click-prediction-small-190408-fold-7
openml__Click_prediction_small__190408__fold_8,click-prediction-small-190408-fold-8
openml__Click_prediction_small__190408__fold_9,click-prediction-small-190408-fold-9
openml__LED-display-domain-7digit__125921__fold_0,led-display-domain-7digit-125921-fold-0
openml__LED-display-domain-7digit__125921__fold_1,led-display-domain-7digit-125921-fold-1
openml__LED-display-domain-7digit__125921__fold_2,led-display-domain-7digit-125921-fold-2
openml__LED-display-domain-7digit__125921__fold_3,led-display-domain-7digit-125921-fold-3
openml__LED-display-domain-7digit__125921__fold_4,led-display-domain-7digit-125921-fold-4
openml__LED-display-domain-7digit__125921__fold_5,led-display-domain-7digit-125921-fold-5
openml__LED-display-domain-7digit__125921__fold_6,led-display-domain-7digit-125921-fold-6
openml__LED-display-domain-7digit__125921__fold_7,led-display-domain-7digit-125921-fold-7
openml__LED-display-domain-7digit__125921__fold_8,led-display-domain-7digit-125921-fold-8
openml__LED-display-domain-7digit__125921__fold_9,led-display-domain-7digit-125921-fold-9
openml__elevators__3711__fold_0,elevators-3711-fold-0
openml__elevators__3711__fold_1,elevators-3711-fold-1
openml__elevators__3711__fold_2,elevators-3711-fold-2
openml__elevators__3711__fold_3,elevators-3711-fold-3
openml__elevators__3711__fold_4,elevators-3711-fold-4
openml__elevators__3711__fold_5,elevators-3711-fold-5
openml__elevators__3711__fold_6,elevators-3711-fold-6
openml__elevators__3711__fold_7,elevators-3711-fold-7
openml__elevators__3711__fold_8,elevators-3711-fold-8
openml__elevators__3711__fold_9,elevators-3711-fold-9
openml__pollen__3735__fold_0,pollen-3735-fold-0
openml__pollen__3735__fold_1,pollen-3735-fold-1
openml__pollen__3735__fold_2,pollen-3735-fold-2
openml__pollen__3735__fold_3,pollen-3735-fold-3
openml__pollen__3735__fold_4,pollen-3735-fold-4
openml__pollen__3735__fold_5,pollen-3735-fold-5
openml__pollen__3735__fold_6,pollen-3735-fold-6
openml__pollen__3735__fold_7,pollen-3735-fold-7
openml__pollen__3735__fold_8,pollen-3735-fold-8
openml__pollen__3735__fold_9,pollen-3735-fold-9
openml__MagicTelescope__3954__fold_0,magictelescope-3954-fold-0
openml__MagicTelescope__3954__fold_1,magictelescope-3954-fold-1
openml__MagicTelescope__3954__fold_2,magictelescope-3954-fold-2
openml__MagicTelescope__3954__fold_3,magictelescope-3954-fold-3
openml__MagicTelescope__3954__fold_4,magictelescope-3954-fold-4
openml__MagicTelescope__3954__fold_5,magictelescope-3954-fold-5
openml__MagicTelescope__3954__fold_6,magictelescope-3954-fold-6
openml__MagicTelescope__3954__fold_7,magictelescope-3954-fold-7
openml__MagicTelescope__3954__fold_8,magictelescope-3954-fold-8
openml__MagicTelescope__3954__fold_9,magictelescope-3954-fold-9
openml__helena__359984__fold_0,helena-359984-fold-0
openml__helena__359984__fold_1,helena-359984-fold-1
openml__helena__359984__fold_2,helena-359984-fold-2
openml__helena__359984__fold_3,helena-359984-fold-3
openml__helena__359984__fold_4,helena-359984-fold-4
openml__helena__359984__fold_5,helena-359984-fold-5
openml__helena__359984__fold_6,helena-359984-fold-6
openml__helena__359984__fold_7,helena-359984-fold-7
openml__helena__359984__fold_8,helena-359984-fold-8
openml__helena__359984__fold_9,helena-359984-fold-9
openml__gas-drift__9986__fold_0,gas-drift-9986-fold-0
openml__gas-drift__9986__fold_1,gas-drift-9986-fold-1
openml__gas-drift__9986__fold_2,gas-drift-9986-fold-2
openml__gas-drift__9986__fold_3,gas-drift-9986-fold-3
openml__gas-drift__9986__fold_4,gas-drift-9986-fold-4
openml__gas-drift__9986__fold_5,gas-drift-9986-fold-5
openml__gas-drift__9986__fold_6,gas-drift-9986-fold-6
openml__gas-drift__9986__fold_7,gas-drift-9986-fold-7
openml__gas-drift__9986__fold_8,gas-drift-9986-fold-8
openml__gas-drift__9986__fold_9,gas-drift-9986-fold-9
openml__hayes-roth__146063__fold_0,hayes-roth-146063-fold-0
openml__hayes-roth__146063__fold_1,hayes-roth-146063-fold-1
openml__hayes-roth__146063__fold_2,hayes-roth-146063-fold-2
openml__hayes-roth__146063__fold_3,hayes-roth-146063-fold-3
openml__hayes-roth__146063__fold_4,hayes-roth-146063-fold-4
openml__hayes-roth__146063__fold_5,hayes-roth-146063-fold-5
openml__hayes-roth__146063__fold_6,hayes-roth-146063-fold-6
openml__hayes-roth__146063__fold_7,hayes-roth-146063-fold-7
openml__hayes-roth__146063__fold_8,hayes-roth-146063-fold-8
openml__hayes-roth__146063__fold_9,hayes-roth-146063-fold-9
openml__collins__3567__fold_0,collins-3567-fold-0
openml__collins__3567__fold_1,collins-3567-fold-1
openml__collins__3567__fold_2,collins-3567-fold-2
openml__collins__3567__fold_3,collins-3567-fold-3
openml__collins__3567__fold_4,collins-3567-fold-4
openml__collins__3567__fold_5,collins-3567-fold-5
openml__collins__3567__fold_6,collins-3567-fold-6
openml__collins__3567__fold_7,collins-3567-fold-7
openml__collins__3567__fold_8,collins-3567-fold-8
openml__collins__3567__fold_9,collins-3567-fold-9
openml__colic__25__fold_0,colic-25-fold-0
openml__colic__25__fold_1,colic-25-fold-1
openml__colic__25__fold_2,colic-25-fold-2
openml__colic__25__fold_3,colic-25-fold-3
openml__colic__25__fold_4,colic-25-fold-4
openml__colic__25__fold_5,colic-25-fold-5
openml__colic__25__fold_6,colic-25-fold-6
openml__colic__25__fold_7,colic-25-fold-7
openml__colic__25__fold_8,colic-25-fold-8
openml__colic__25__fold_9,colic-25-fold-9
openml__page-blocks__30__fold_0,page-blocks-30-fold-0
openml__page-blocks__30__fold_1,page-blocks-30-fold-1
openml__page-blocks__30__fold_2,page-blocks-30-fold-2
openml__page-blocks__30__fold_3,page-blocks-30-fold-3
openml__page-blocks__30__fold_4,page-blocks-30-fold-4
openml__page-blocks__30__fold_5,page-blocks-30-fold-5
openml__page-blocks__30__fold_6,page-blocks-30-fold-6
openml__page-blocks__30__fold_7,page-blocks-30-fold-7
openml__page-blocks__30__fold_8,page-blocks-30-fold-8
openml__page-blocks__30__fold_9,page-blocks-30-fold-9
openml__tae__47__fold_0,tae-47-fold-0
openml__tae__47__fold_1,tae-47-fold-1
openml__tae__47__fold_2,tae-47-fold-2
openml__tae__47__fold_3,tae-47-fold-3
openml__tae__47__fold_4,tae-47-fold-4
openml__tae__47__fold_5,tae-47-fold-5
openml__tae__47__fold_6,tae-47-fold-6
openml__tae__47__fold_7,tae-47-fold-7
openml__tae__47__fold_8,tae-47-fold-8
openml__tae__47__fold_9,tae-47-fold-9
openml__libras__360948__fold_0,libras-360948-fold-0
openml__libras__360948__fold_1,libras-360948-fold-1
openml__libras__360948__fold_2,libras-360948-fold-2
openml__libras__360948__fold_3,libras-360948-fold-3
openml__libras__360948__fold_4,libras-360948-fold-4
openml__libras__360948__fold_5,libras-360948-fold-5
openml__libras__360948__fold_6,libras-360948-fold-6
openml__libras__360948__fold_7,libras-360948-fold-7
openml__libras__360948__fold_8,libras-360948-fold-8
openml__libras__360948__fold_9,libras-360948-fold-9
openml__solar-flare__2068__fold_0,solar-flare-2068-fold-0
openml__solar-flare__2068__fold_1,solar-flare-2068-fold-1
openml__solar-flare__2068__fold_2,solar-flare-2068-fold-2
openml__solar-flare__2068__fold_3,solar-flare-2068-fold-3
openml__solar-flare__2068__fold_4,solar-flare-2068-fold-4
openml__solar-flare__2068__fold_5,solar-flare-2068-fold-5
openml__solar-flare__2068__fold_6,solar-flare-2068-fold-6
openml__solar-flare__2068__fold_7,solar-flare-2068-fold-7
openml__solar-flare__2068__fold_8,solar-flare-2068-fold-8
openml__solar-flare__2068__fold_9,solar-flare-2068-fold-9
openml__heart-c__48__fold_0,heart-c-48-fold-0
openml__heart-c__48__fold_1,heart-c-48-fold-1
openml__heart-c__48__fold_2,heart-c-48-fold-2
openml__heart-c__48__fold_3,heart-c-48-fold-3
openml__heart-c__48__fold_4,heart-c-48-fold-4
openml__heart-c__48__fold_5,heart-c-48-fold-5
openml__heart-c__48__fold_6,heart-c-48-fold-6
openml__heart-c__48__fold_7,heart-c-48-fold-7
openml__heart-c__48__fold_8,heart-c-48-fold-8
openml__heart-c__48__fold_9,heart-c-48-fold-9
openml__iris__59__fold_0,iris-59-fold-0
openml__iris__59__fold_1,iris-59-fold-1
openml__iris__59__fold_2,iris-59-fold-2
openml__iris__59__fold_3,iris-59-fold-3
openml__iris__59__fold_4,iris-59-fold-4
openml__iris__59__fold_5,iris-59-fold-5
openml__iris__59__fold_6,iris-59-fold-6
openml__iris__59__fold_7,iris-59-fold-7
openml__iris__59__fold_8,iris-59-fold-8
openml__iris__59__fold_9,iris-59-fold-9
openml__visualizing_livestock__3731__fold_0,visualizing-livestock-3731-fold-0
openml__visualizing_livestock__3731__fold_1,visualizing-livestock-3731-fold-1
openml__visualizing_livestock__3731__fold_2,visualizing-livestock-3731-fold-2
openml__visualizing_livestock__3731__fold_3,visualizing-livestock-3731-fold-3
openml__visualizing_livestock__3731__fold_4,visualizing-livestock-3731-fold-4
openml__visualizing_livestock__3731__fold_5,visualizing-livestock-3731-fold-5
openml__visualizing_livestock__3731__fold_6,visualizing-livestock-3731-fold-6
openml__visualizing_livestock__3731__fold_7,visualizing-livestock-3731-fold-7
openml__visualizing_livestock__3731__fold_8,visualizing-livestock-3731-fold-8
openml__visualizing_livestock__3731__fold_9,visualizing-livestock-3731-fold-9
openml__analcatdata_boxing1__3540__fold_0,analcatdata-boxing1-3540-fold-0
openml__analcatdata_boxing1__3540__fold_1,analcatdata-boxing1-3540-fold-1
openml__analcatdata_boxing1__3540__fold_2,analcatdata-boxing1-3540-fold-2
openml__analcatdata_boxing1__3540__fold_3,analcatdata-boxing1-3540-fold-3
openml__analcatdata_boxing1__3540__fold_4,analcatdata-boxing1-3540-fold-4
openml__analcatdata_boxing1__3540__fold_5,analcatdata-boxing1-3540-fold-5
openml__analcatdata_boxing1__3540__fold_6,analcatdata-boxing1-3540-fold-6
openml__analcatdata_boxing1__3540__fold_7,analcatdata-boxing1-3540-fold-7
openml__analcatdata_boxing1__3540__fold_8,analcatdata-boxing1-3540-fold-8
openml__analcatdata_boxing1__3540__fold_9,analcatdata-boxing1-3540-fold-9
openml__Census-Income__168340__fold_0,census-income-168340-fold-0
openml__Census-Income__168340__fold_1,census-income-168340-fold-1
openml__Census-Income__168340__fold_2,census-income-168340-fold-2
openml__Census-Income__168340__fold_3,census-income-168340-fold-3
openml__Census-Income__168340__fold_4,census-income-168340-fold-4
openml__Census-Income__168340__fold_5,census-income-168340-fold-5
openml__Census-Income__168340__fold_6,census-income-168340-fold-6
openml__Census-Income__168340__fold_7,census-income-168340-fold-7
openml__Census-Income__168340__fold_8,census-income-168340-fold-8
openml__Census-Income__168340__fold_9,census-income-168340-fold-9
openml__poker-hand__9890__fold_0,poker-hand-9890-fold-0
openml__poker-hand__9890__fold_1,poker-hand-9890-fold-1
openml__poker-hand__9890__fold_2,poker-hand-9890-fold-2
openml__poker-hand__9890__fold_3,poker-hand-9890-fold-3
openml__poker-hand__9890__fold_4,poker-hand-9890-fold-4
openml__poker-hand__9890__fold_5,poker-hand-9890-fold-5
openml__poker-hand__9890__fold_6,poker-hand-9890-fold-6
openml__poker-hand__9890__fold_7,poker-hand-9890-fold-7
openml__poker-hand__9890__fold_8,poker-hand-9890-fold-8
openml__poker-hand__9890__fold_9,poker-hand-9890-fold-9
openml__fri_c3_100_5__3779__fold_0,fri-c3-100-5-3779-fold-0
openml__fri_c3_100_5__3779__fold_1,fri-c3-100-5-3779-fold-1
openml__fri_c3_100_5__3779__fold_2,fri-c3-100-5-3779-fold-2
openml__fri_c3_100_5__3779__fold_3,fri-c3-100-5-3779-fold-3
openml__fri_c3_100_5__3779__fold_4,fri-c3-100-5-3779-fold-4
openml__fri_c3_100_5__3779__fold_5,fri-c3-100-5-3779-fold-5
openml__fri_c3_100_5__3779__fold_6,fri-c3-100-5-3779-fold-6
openml__fri_c3_100_5__3779__fold_7,fri-c3-100-5-3779-fold-7
openml__fri_c3_100_5__3779__fold_8,fri-c3-100-5-3779-fold-8
openml__fri_c3_100_5__3779__fold_9,fri-c3-100-5-3779-fold-9
openml__SpeedDating__146607__fold_0,speeddating-146607-fold-0
openml__SpeedDating__146607__fold_1,speeddating-146607-fold-1
openml__SpeedDating__146607__fold_2,speeddating-146607-fold-2
openml__SpeedDating__146607__fold_3,speeddating-146607-fold-3
openml__SpeedDating__146607__fold_4,speeddating-146607-fold-4
openml__SpeedDating__146607__fold_5,speeddating-146607-fold-5
openml__SpeedDating__146607__fold_6,speeddating-146607-fold-6
openml__SpeedDating__146607__fold_7,speeddating-146607-fold-7
openml__SpeedDating__146607__fold_8,speeddating-146607-fold-8
openml__SpeedDating__146607__fold_9,speeddating-146607-fold-9
openml__sylva_agnostic__3889__fold_0,sylva-agnostic-3889-fold-0
openml__sylva_agnostic__3889__fold_1,sylva-agnostic-3889-fold-1
openml__sylva_agnostic__3889__fold_2,sylva-agnostic-3889-fold-2
openml__sylva_agnostic__3889__fold_3,sylva-agnostic-3889-fold-3
openml__sylva_agnostic__3889__fold_4,sylva-agnostic-3889-fold-4
openml__sylva_agnostic__3889__fold_5,sylva-agnostic-3889-fold-5
openml__sylva_agnostic__3889__fold_6,sylva-agnostic-3889-fold-6
openml__sylva_agnostic__3889__fold_7,sylva-agnostic-3889-fold-7
openml__sylva_agnostic__3889__fold_8,sylva-agnostic-3889-fold-8
openml__sylva_agnostic__3889__fold_9,sylva-agnostic-3889-fold-9
openml__kropt__2076__fold_0,kropt-2076-fold-0
openml__kropt__2076__fold_1,kropt-2076-fold-1
openml__kropt__2076__fold_2,kropt-2076-fold-2
openml__kropt__2076__fold_3,kropt-2076-fold-3
openml__kropt__2076__fold_4,kropt-2076-fold-4
openml__kropt__2076__fold_5,kropt-2076-fold-5
openml__kropt__2076__fold_6,kropt-2076-fold-6
openml__kropt__2076__fold_7,kropt-2076-fold-7
openml__kropt__2076__fold_8,kropt-2076-fold-8
openml__kropt__2076__fold_9,kropt-2076-fold-9
openml__dermatology__35__fold_0,dermatology-35-fold-0
openml__dermatology__35__fold_1,dermatology-35-fold-1
openml__dermatology__35__fold_2,dermatology-35-fold-2
openml__dermatology__35__fold_3,dermatology-35-fold-3
openml__dermatology__35__fold_4,dermatology-35-fold-4
openml__dermatology__35__fold_5,dermatology-35-fold-5
openml__dermatology__35__fold_6,dermatology-35-fold-6
openml__dermatology__35__fold_7,dermatology-35-fold-7
openml__dermatology__35__fold_8,dermatology-35-fold-8
openml__dermatology__35__fold_9,dermatology-35-fold-9
openml__chess__3952__fold_0,chess-3952-fold-0
openml__chess__3952__fold_1,chess-3952-fold-1
openml__chess__3952__fold_2,chess-3952-fold-2
openml__chess__3952__fold_3,chess-3952-fold-3
openml__chess__3952__fold_4,chess-3952-fold-4
openml__chess__3952__fold_5,chess-3952-fold-5
openml__chess__3952__fold_6,chess-3952-fold-6
openml__chess__3952__fold_7,chess-3952-fold-7
openml__chess__3952__fold_8,chess-3952-fold-8
openml__chess__3952__fold_9,chess-3952-fold-9
openml__lymph__10__fold_0,lymph-10-fold-0
openml__lymph__10__fold_1,lymph-10-fold-1
openml__lymph__10__fold_2,lymph-10-fold-2
openml__lymph__10__fold_3,lymph-10-fold-3
openml__lymph__10__fold_4,lymph-10-fold-4
openml__lymph__10__fold_5,lymph-10-fold-5
openml__lymph__10__fold_6,lymph-10-fold-6
openml__lymph__10__fold_7,lymph-10-fold-7
openml__lymph__10__fold_8,lymph-10-fold-8
openml__lymph__10__fold_9,lymph-10-fold-9
openml__hepatitis__54__fold_0,hepatitis-54-fold-0
openml__hepatitis__54__fold_1,hepatitis-54-fold-1
openml__hepatitis__54__fold_2,hepatitis-54-fold-2
openml__hepatitis__54__fold_3,hepatitis-54-fold-3
openml__hepatitis__54__fold_4,hepatitis-54-fold-4
openml__hepatitis__54__fold_5,hepatitis-54-fold-5
openml__hepatitis__54__fold_6,hepatitis-54-fold-6
openml__hepatitis__54__fold_7,hepatitis-54-fold-7
openml__hepatitis__54__fold_8,hepatitis-54-fold-8
openml__hepatitis__54__fold_9,hepatitis-54-fold-9
openml__artificial-characters__14964__fold_0,artificial-characters-14964-fold-0
openml__artificial-characters__14964__fold_1,artificial-characters-14964-fold-1
openml__artificial-characters__14964__fold_2,artificial-characters-14964-fold-2
openml__artificial-characters__14964__fold_3,artificial-characters-14964-fold-3
openml__artificial-characters__14964__fold_4,artificial-characters-14964-fold-4
openml__artificial-characters__14964__fold_5,artificial-characters-14964-fold-5
openml__artificial-characters__14964__fold_6,artificial-characters-14964-fold-6
openml__artificial-characters__14964__fold_7,artificial-characters-14964-fold-7
openml__artificial-characters__14964__fold_8,artificial-characters-14964-fold-8
openml__artificial-characters__14964__fold_9,artificial-characters-14964-fold-9
openml__synthetic_control__3512__fold_0,synthetic-control-3512-fold-0
openml__synthetic_control__3512__fold_1,synthetic-control-3512-fold-1
openml__synthetic_control__3512__fold_2,synthetic-control-3512-fold-2
openml__synthetic_control__3512__fold_3,synthetic-control-3512-fold-3
openml__synthetic_control__3512__fold_4,synthetic-control-3512-fold-4
openml__synthetic_control__3512__fold_5,synthetic-control-3512-fold-5
openml__synthetic_control__3512__fold_6,synthetic-control-3512-fold-6
openml__synthetic_control__3512__fold_7,synthetic-control-3512-fold-7
openml__synthetic_control__3512__fold_8,synthetic-control-3512-fold-8
openml__synthetic_control__3512__fold_9,synthetic-control-3512-fold-9
openml__labor__4__fold_0,labor-4-fold-0
openml__labor__4__fold_1,labor-4-fold-1
openml__labor__4__fold_2,labor-4-fold-2
openml__labor__4__fold_3,labor-4-fold-3
openml__labor__4__fold_4,labor-4-fold-4
openml__labor__4__fold_5,labor-4-fold-5
openml__labor__4__fold_6,labor-4-fold-6
openml__labor__4__fold_7,labor-4-fold-7
openml__labor__4__fold_8,labor-4-fold-8
openml__labor__4__fold_9,labor-4-fold-9
openml__socmob__3797__fold_0,socmob-3797-fold-0
openml__socmob__3797__fold_1,socmob-3797-fold-1
openml__socmob__3797__fold_2,socmob-3797-fold-2
openml__socmob__3797__fold_3,socmob-3797-fold-3
openml__socmob__3797__fold_4,socmob-3797-fold-4
openml__socmob__3797__fold_5,socmob-3797-fold-5
openml__socmob__3797__fold_6,socmob-3797-fold-6
openml__socmob__3797__fold_7,socmob-3797-fold-7
openml__socmob__3797__fold_8,socmob-3797-fold-8
openml__socmob__3797__fold_9,socmob-3797-fold-9
openml__wilt__9914__fold_0,wilt-9914-fold-0
openml__wilt__9914__fold_1,wilt-9914-fold-1
openml__wilt__9914__fold_2,wilt-9914-fold-2
openml__wilt__9914__fold_3,wilt-9914-fold-3
openml__wilt__9914__fold_4,wilt-9914-fold-4
openml__wilt__9914__fold_5,wilt-9914-fold-5
openml__wilt__9914__fold_6,wilt-9914-fold-6
openml__wilt__9914__fold_7,wilt-9914-fold-7
openml__wilt__9914__fold_8,wilt-9914-fold-8
openml__wilt__9914__fold_9,wilt-9914-fold-9
openml__anneal__2867__fold_0,anneal-2867-fold-0
openml__anneal__2867__fold_1,anneal-2867-fold-1
openml__anneal__2867__fold_2,anneal-2867-fold-2
openml__anneal__2867__fold_3,anneal-2867-fold-3
openml__anneal__2867__fold_4,anneal-2867-fold-4
openml__anneal__2867__fold_5,anneal-2867-fold-5
openml__anneal__2867__fold_6,anneal-2867-fold-6
openml__anneal__2867__fold_7,anneal-2867-fold-7
openml__anneal__2867__fold_8,anneal-2867-fold-8
openml__anneal__2867__fold_9,anneal-2867-fold-9
openml__glass__40__fold_0,glass-40-fold-0
openml__glass__40__fold_1,glass-40-fold-1
openml__glass__40__fold_2,glass-40-fold-2
openml__glass__40__fold_3,glass-40-fold-3
openml__glass__40__fold_4,glass-40-fold-4
openml__glass__40__fold_5,glass-40-fold-5
openml__glass__40__fold_6,glass-40-fold-6
openml__glass__40__fold_7,glass-40-fold-7
openml__glass__40__fold_8,glass-40-fold-8
openml__glass__40__fold_9,glass-40-fold-9
openml__profb__3561__fold_0,profb-3561-fold-0
openml__profb__3561__fold_1,profb-3561-fold-1
openml__profb__3561__fold_2,profb-3561-fold-2
openml__profb__3561__fold_3,profb-3561-fold-3
openml__profb__3561__fold_4,profb-3561-fold-4
openml__profb__3561__fold_5,profb-3561-fold-5
openml__profb__3561__fold_6,profb-3561-fold-6
openml__profb__3561__fold_7,profb-3561-fold-7
openml__profb__3561__fold_8,profb-3561-fold-8
openml__profb__3561__fold_9,profb-3561-fold-9
openml__Census-Income__211985__fold_0,census-income-211985-fold-0
openml__Census-Income__211985__fold_1,census-income-211985-fold-1
openml__Census-Income__211985__fold_2,census-income-211985-fold-2
openml__Census-Income__211985__fold_3,census-income-211985-fold-3
openml__Census-Income__211985__fold_4,census-income-211985-fold-4
openml__Census-Income__211985__fold_5,census-income-211985-fold-5
openml__Census-Income__211985__fold_6,census-income-211985-fold-6
openml__Census-Income__211985__fold_7,census-income-211985-fold-7
openml__Census-Income__211985__fold_8,census-income-211985-fold-8
openml__Census-Income__211985__fold_9,census-income-211985-fold-9
openml__gina_agnostic__3891__fold_0,gina-agnostic-3891-fold-0
openml__gina_agnostic__3891__fold_1,gina-agnostic-3891-fold-1
openml__gina_agnostic__3891__fold_2,gina-agnostic-3891-fold-2
openml__gina_agnostic__3891__fold_3,gina-agnostic-3891-fold-3
openml__gina_agnostic__3891__fold_4,gina-agnostic-3891-fold-4
openml__gina_agnostic__3891__fold_5,gina-agnostic-3891-fold-5
openml__gina_agnostic__3891__fold_6,gina-agnostic-3891-fold-6
openml__gina_agnostic__3891__fold_7,gina-agnostic-3891-fold-7
openml__gina_agnostic__3891__fold_8,gina-agnostic-3891-fold-8
openml__gina_agnostic__3891__fold_9,gina-agnostic-3891-fold-9
openml__ionosphere__145984__fold_0,ionosphere-145984-fold-0
openml__ionosphere__145984__fold_1,ionosphere-145984-fold-1
openml__ionosphere__145984__fold_2,ionosphere-145984-fold-2
openml__ionosphere__145984__fold_3,ionosphere-145984-fold-3
openml__ionosphere__145984__fold_4,ionosphere-145984-fold-4
openml__ionosphere__145984__fold_5,ionosphere-145984-fold-5
openml__ionosphere__145984__fold_6,ionosphere-145984-fold-6
openml__ionosphere__145984__fold_7,ionosphere-145984-fold-7
openml__ionosphere__145984__fold_8,ionosphere-145984-fold-8
openml__ionosphere__145984__fold_9,ionosphere-145984-fold-9
openml__magic__146206__fold_0,magic-146206-fold-0
openml__magic__146206__fold_1,magic-146206-fold-1
openml__magic__146206__fold_2,magic-146206-fold-2
openml__magic__146206__fold_3,magic-146206-fold-3
openml__magic__146206__fold_4,magic-146206-fold-4
openml__magic__146206__fold_5,magic-146206-fold-5
openml__magic__146206__fold_6,magic-146206-fold-6
openml__magic__146206__fold_7,magic-146206-fold-7
openml__magic__146206__fold_8,magic-146206-fold-8
openml__magic__146206__fold_9,magic-146206-fold-9
openml__autos__9__fold_0,autos-9-fold-0
openml__autos__9__fold_1,autos-9-fold-1
openml__autos__9__fold_2,autos-9-fold-2
openml__autos__9__fold_3,autos-9-fold-3
openml__autos__9__fold_4,autos-9-fold-4
openml__autos__9__fold_5,autos-9-fold-5
openml__autos__9__fold_6,autos-9-fold-6
openml__autos__9__fold_7,autos-9-fold-7
openml__autos__9__fold_8,autos-9-fold-8
openml__autos__9__fold_9,autos-9-fold-9
openml__monks-problems-2__146065__fold_0,monks-problems-2-146065-fold-0
openml__monks-problems-2__146065__fold_1,monks-problems-2-146065-fold-1
openml__monks-problems-2__146065__fold_2,monks-problems-2-146065-fold-2
openml__monks-problems-2__146065__fold_3,monks-problems-2-146065-fold-3
openml__monks-problems-2__146065__fold_4,monks-problems-2-146065-fold-4
openml__monks-problems-2__146065__fold_5,monks-problems-2-146065-fold-5
openml__monks-problems-2__146065__fold_6,monks-problems-2-146065-fold-6
openml__monks-problems-2__146065__fold_7,monks-problems-2-146065-fold-7
openml__monks-problems-2__146065__fold_8,monks-problems-2-146065-fold-8
openml__monks-problems-2__146065__fold_9,monks-problems-2-146065-fold-9
openml__heart-h__50__fold_0,heart-h-50-fold-0
openml__heart-h__50__fold_1,heart-h-50-fold-1
openml__heart-h__50__fold_2,heart-h-50-fold-2
openml__heart-h__50__fold_3,heart-h-50-fold-3
openml__heart-h__50__fold_4,heart-h-50-fold-4
openml__heart-h__50__fold_5,heart-h-50-fold-5
openml__heart-h__50__fold_6,heart-h-50-fold-6
openml__heart-h__50__fold_7,heart-h-50-fold-7
openml__heart-h__50__fold_8,heart-h-50-fold-8
openml__heart-h__50__fold_9,heart-h-50-fold-9
openml__cardiotocography__9979__fold_0,cardiotocography-9979-fold-0
openml__cardiotocography__9979__fold_1,cardiotocography-9979-fold-1
openml__cardiotocography__9979__fold_2,cardiotocography-9979-fold-2
openml__cardiotocography__9979__fold_3,cardiotocography-9979-fold-3
openml__cardiotocography__9979__fold_4,cardiotocography-9979-fold-4
openml__cardiotocography__9979__fold_5,cardiotocography-9979-fold-5
openml__cardiotocography__9979__fold_6,cardiotocography-9979-fold-6
openml__cardiotocography__9979__fold_7,cardiotocography-9979-fold-7
openml__cardiotocography__9979__fold_8,cardiotocography-9979-fold-8
openml__cardiotocography__9979__fold_9,cardiotocography-9979-fold-9
openml__rabe_266__3647__fold_0,rabe-266-3647-fold-0
openml__rabe_266__3647__fold_1,rabe-266-3647-fold-1
openml__rabe_266__3647__fold_2,rabe-266-3647-fold-2
openml__rabe_266__3647__fold_3,rabe-266-3647-fold-3
openml__rabe_266__3647__fold_4,rabe-266-3647-fold-4
openml__rabe_266__3647__fold_5,rabe-266-3647-fold-5
openml__rabe_266__3647__fold_6,rabe-266-3647-fold-6
openml__rabe_266__3647__fold_7,rabe-266-3647-fold-7
openml__rabe_266__3647__fold_8,rabe-266-3647-fold-8
openml__rabe_266__3647__fold_9,rabe-266-3647-fold-9
openml__Satellite__167211__fold_0,satellite-167211-fold-0
openml__Satellite__167211__fold_1,satellite-167211-fold-1
openml__Satellite__167211__fold_2,satellite-167211-fold-2
openml__Satellite__167211__fold_3,satellite-167211-fold-3
openml__Satellite__167211__fold_4,satellite-167211-fold-4
openml__Satellite__167211__fold_5,satellite-167211-fold-5
openml__Satellite__167211__fold_6,satellite-167211-fold-6
openml__Satellite__167211__fold_7,satellite-167211-fold-7
openml__Satellite__167211__fold_8,satellite-167211-fold-8
openml__Satellite__167211__fold_9,satellite-167211-fold-9
openml__postoperative-patient-data__146210__fold_0,postoperative-patient-data-146210-fold-0
openml__postoperative-patient-data__146210__fold_1,postoperative-patient-data-146210-fold-1
openml__postoperative-patient-data__146210__fold_2,postoperative-patient-data-146210-fold-2
openml__postoperative-patient-data__146210__fold_3,postoperative-patient-data-146210-fold-3
openml__postoperative-patient-data__146210__fold_4,postoperative-patient-data-146210-fold-4
openml__postoperative-patient-data__146210__fold_5,postoperative-patient-data-146210-fold-5
openml__postoperative-patient-data__146210__fold_6,postoperative-patient-data-146210-fold-6
openml__postoperative-patient-data__146210__fold_7,postoperative-patient-data-146210-fold-7
openml__postoperative-patient-data__146210__fold_8,postoperative-patient-data-146210-fold-8
openml__postoperative-patient-data__146210__fold_9,postoperative-patient-data-146210-fold-9
openml__JapaneseVowels__3510__fold_0,japanesevowels-3510-fold-0
openml__JapaneseVowels__3510__fold_1,japanesevowels-3510-fold-1
openml__JapaneseVowels__3510__fold_2,japanesevowels-3510-fold-2
openml__JapaneseVowels__3510__fold_3,japanesevowels-3510-fold-3
openml__JapaneseVowels__3510__fold_4,japanesevowels-3510-fold-4
openml__JapaneseVowels__3510__fold_5,japanesevowels-3510-fold-5
openml__JapaneseVowels__3510__fold_6,japanesevowels-3510-fold-6
openml__JapaneseVowels__3510__fold_7,japanesevowels-3510-fold-7
openml__JapaneseVowels__3510__fold_8,japanesevowels-3510-fold-8
openml__JapaneseVowels__3510__fold_9,japanesevowels-3510-fold-9
openml__scene__3485__fold_0,scene-3485-fold-0
openml__scene__3485__fold_1,scene-3485-fold-1
openml__scene__3485__fold_2,scene-3485-fold-2
openml__scene__3485__fold_3,scene-3485-fold-3
openml__scene__3485__fold_4,scene-3485-fold-4
openml__scene__3485__fold_5,scene-3485-fold-5
openml__scene__3485__fold_6,scene-3485-fold-6
openml__scene__3485__fold_7,scene-3485-fold-7
openml__scene__3485__fold_8,scene-3485-fold-8
openml__scene__3485__fold_9,scene-3485-fold-9
openml__wall-robot-navigation__9941__fold_0,wall-robot-navigation-9941-fold-0
openml__wall-robot-navigation__9941__fold_1,wall-robot-navigation-9941-fold-1
openml__wall-robot-navigation__9941__fold_2,wall-robot-navigation-9941-fold-2
openml__wall-robot-navigation__9941__fold_3,wall-robot-navigation-9941-fold-3
openml__wall-robot-navigation__9941__fold_4,wall-robot-navigation-9941-fold-4
openml__wall-robot-navigation__9941__fold_5,wall-robot-navigation-9941-fold-5
openml__wall-robot-navigation__9941__fold_6,wall-robot-navigation-9941-fold-6
openml__wall-robot-navigation__9941__fold_7,wall-robot-navigation-9941-fold-7
openml__wall-robot-navigation__9941__fold_8,wall-robot-navigation-9941-fold-8
openml__wall-robot-navigation__9941__fold_9,wall-robot-navigation-9941-fold-9
openml__audiology__7__fold_0,audiology-7-fold-0
openml__audiology__7__fold_1,audiology-7-fold-1
openml__audiology__7__fold_2,audiology-7-fold-2
openml__audiology__7__fold_3,audiology-7-fold-3
openml__audiology__7__fold_4,audiology-7-fold-4
openml__audiology__7__fold_5,audiology-7-fold-5
openml__audiology__7__fold_6,audiology-7-fold-6
openml__audiology__7__fold_7,audiology-7-fold-7
openml__audiology__7__fold_8,audiology-7-fold-8
openml__audiology__7__fold_9,audiology-7-fold-9
openml__car-evaluation__146192__fold_0,car-evaluation-146192-fold-0
openml__car-evaluation__146192__fold_1,car-evaluation-146192-fold-1
openml__car-evaluation__146192__fold_2,car-evaluation-146192-fold-2
openml__car-evaluation__146192__fold_3,car-evaluation-146192-fold-3
openml__car-evaluation__146192__fold_4,car-evaluation-146192-fold-4
openml__car-evaluation__146192__fold_5,car-evaluation-146192-fold-5
openml__car-evaluation__146192__fold_6,car-evaluation-146192-fold-6
openml__car-evaluation__146192__fold_7,car-evaluation-146192-fold-7
openml__car-evaluation__146192__fold_8,car-evaluation-146192-fold-8
openml__car-evaluation__146192__fold_9,car-evaluation-146192-fold-9
openml__irish__3543__fold_0,irish-3543-fold-0
openml__irish__3543__fold_1,irish-3543-fold-1
openml__irish__3543__fold_2,irish-3543-fold-2
openml__irish__3543__fold_3,irish-3543-fold-3
openml__irish__3543__fold_4,irish-3543-fold-4
openml__irish__3543__fold_5,irish-3543-fold-5
openml__irish__3543__fold_6,irish-3543-fold-6
openml__irish__3543__fold_7,irish-3543-fold-7
openml__irish__3543__fold_8,irish-3543-fold-8
openml__irish__3543__fold_9,irish-3543-fold-9
openml__musk__3950__fold_0,musk-3950-fold-0
openml__musk__3950__fold_1,musk-3950-fold-1
openml__musk__3950__fold_2,musk-3950-fold-2
openml__musk__3950__fold_3,musk-3950-fold-3
openml__musk__3950__fold_4,musk-3950-fold-4
openml__musk__3950__fold_5,musk-3950-fold-5
openml__musk__3950__fold_6,musk-3950-fold-6
openml__musk__3950__fold_7,musk-3950-fold-7
openml__musk__3950__fold_8,musk-3950-fold-8
openml__musk__3950__fold_9,musk-3950-fold-9
openml__ada_agnostic__3896__fold_0,ada-agnostic-3896-fold-0
openml__ada_agnostic__3896__fold_1,ada-agnostic-3896-fold-1
openml__ada_agnostic__3896__fold_2,ada-agnostic-3896-fold-2
openml__ada_agnostic__3896__fold_3,ada-agnostic-3896-fold-3
openml__ada_agnostic__3896__fold_4,ada-agnostic-3896-fold-4
openml__ada_agnostic__3896__fold_5,ada-agnostic-3896-fold-5
openml__ada_agnostic__3896__fold_6,ada-agnostic-3896-fold-6
openml__ada_agnostic__3896__fold_7,ada-agnostic-3896-fold-7
openml__ada_agnostic__3896__fold_8,ada-agnostic-3896-fold-8
openml__ada_agnostic__3896__fold_9,ada-agnostic-3896-fold-9
openml__banknote-authentication__145834__fold_0,banknote-authentication-145834-fold-0
openml__banknote-authentication__145834__fold_1,banknote-authentication-145834-fold-1
openml__banknote-authentication__145834__fold_2,banknote-authentication-145834-fold-2
openml__banknote-authentication__145834__fold_3,banknote-authentication-145834-fold-3
openml__banknote-authentication__145834__fold_4,banknote-authentication-145834-fold-4
openml__banknote-authentication__145834__fold_5,banknote-authentication-145834-fold-5
openml__banknote-authentication__145834__fold_6,banknote-authentication-145834-fold-6
openml__banknote-authentication__145834__fold_7,banknote-authentication-145834-fold-7
openml__banknote-authentication__145834__fold_8,banknote-authentication-145834-fold-8
openml__banknote-authentication__145834__fold_9,banknote-authentication-145834-fold-9
openml__analcatdata_chlamydia__3739__fold_0,analcatdata-chlamydia-3739-fold-0
openml__analcatdata_chlamydia__3739__fold_1,analcatdata-chlamydia-3739-fold-1
openml__analcatdata_chlamydia__3739__fold_2,analcatdata-chlamydia-3739-fold-2
openml__analcatdata_chlamydia__3739__fold_3,analcatdata-chlamydia-3739-fold-3
openml__analcatdata_chlamydia__3739__fold_4,analcatdata-chlamydia-3739-fold-4
openml__analcatdata_chlamydia__3739__fold_5,analcatdata-chlamydia-3739-fold-5
openml__analcatdata_chlamydia__3739__fold_6,analcatdata-chlamydia-3739-fold-6
openml__analcatdata_chlamydia__3739__fold_7,analcatdata-chlamydia-3739-fold-7
openml__analcatdata_chlamydia__3739__fold_8,analcatdata-chlamydia-3739-fold-8
openml__analcatdata_chlamydia__3739__fold_9,analcatdata-chlamydia-3739-fold-9
openml__ldpa__9974__fold_0,ldpa-9974-fold-0
openml__ldpa__9974__fold_1,ldpa-9974-fold-1
openml__ldpa__9974__fold_2,ldpa-9974-fold-2
openml__ldpa__9974__fold_3,ldpa-9974-fold-3
openml__ldpa__9974__fold_4,ldpa-9974-fold-4
openml__ldpa__9974__fold_5,ldpa-9974-fold-5
openml__ldpa__9974__fold_6,ldpa-9974-fold-6
openml__ldpa__9974__fold_7,ldpa-9974-fold-7
openml__ldpa__9974__fold_8,ldpa-9974-fold-8
openml__ldpa__9974__fold_9,ldpa-9974-fold-9
openml__colic__27__fold_0,colic-27-fold-0
openml__colic__27__fold_1,colic-27-fold-1
openml__colic__27__fold_2,colic-27-fold-2
openml__colic__27__fold_3,colic-27-fold-3
openml__colic__27__fold_4,colic-27-fold-4
openml__colic__27__fold_5,colic-27-fold-5
openml__colic__27__fold_6,colic-27-fold-6
openml__colic__27__fold_7,colic-27-fold-7
openml__colic__27__fold_8,colic-27-fold-8
openml__colic__27__fold_9,colic-27-fold-9
openml__fertility__9984__fold_0,fertility-9984-fold-0
openml__fertility__9984__fold_1,fertility-9984-fold-1
openml__fertility__9984__fold_2,fertility-9984-fold-2
openml__fertility__9984__fold_3,fertility-9984-fold-3
openml__fertility__9984__fold_4,fertility-9984-fold-4
openml__fertility__9984__fold_5,fertility-9984-fold-5
openml__fertility__9984__fold_6,fertility-9984-fold-6
openml__fertility__9984__fold_7,fertility-9984-fold-7
openml__fertility__9984__fold_8,fertility-9984-fold-8
openml__fertility__9984__fold_9,fertility-9984-fold-9
openml__sonar__39__fold_0,sonar-39-fold-0
openml__sonar__39__fold_1,sonar-39-fold-1
openml__sonar__39__fold_2,sonar-39-fold-2
openml__sonar__39__fold_3,sonar-39-fold-3
openml__sonar__39__fold_4,sonar-39-fold-4
openml__sonar__39__fold_5,sonar-39-fold-5
openml__sonar__39__fold_6,sonar-39-fold-6
openml__sonar__39__fold_7,sonar-39-fold-7
openml__sonar__39__fold_8,sonar-39-fold-8
openml__sonar__39__fold_9,sonar-39-fold-9
openml__lung-cancer__146024__fold_0,lung-cancer-146024-fold-0
openml__lung-cancer__146024__fold_1,lung-cancer-146024-fold-1
openml__lung-cancer__146024__fold_2,lung-cancer-146024-fold-2
openml__lung-cancer__146024__fold_3,lung-cancer-146024-fold-3
openml__lung-cancer__146024__fold_4,lung-cancer-146024-fold-4
openml__lung-cancer__146024__fold_5,lung-cancer-146024-fold-5
openml__lung-cancer__146024__fold_6,lung-cancer-146024-fold-6
openml__lung-cancer__146024__fold_7,lung-cancer-146024-fold-7
openml__lung-cancer__146024__fold_8,lung-cancer-146024-fold-8
openml__lung-cancer__146024__fold_9,lung-cancer-146024-fold-9
openml__one-hundred-plants-texture__9956__fold_0,one-hundred-plants-texture-9956-fold-0
openml__one-hundred-plants-texture__9956__fold_1,one-hundred-plants-texture-9956-fold-1
openml__one-hundred-plants-texture__9956__fold_2,one-hundred-plants-texture-9956-fold-2
openml__one-hundred-plants-texture__9956__fold_3,one-hundred-plants-texture-9956-fold-3
openml__one-hundred-plants-texture__9956__fold_4,one-hundred-plants-texture-9956-fold-4
openml__one-hundred-plants-texture__9956__fold_5,one-hundred-plants-texture-9956-fold-5
openml__one-hundred-plants-texture__9956__fold_6,one-hundred-plants-texture-9956-fold-6
openml__one-hundred-plants-texture__9956__fold_7,one-hundred-plants-texture-9956-fold-7
openml__one-hundred-plants-texture__9956__fold_8,one-hundred-plants-texture-9956-fold-8
openml__one-hundred-plants-texture__9956__fold_9,one-hundred-plants-texture-9956-fold-9
openml__fri_c0_100_5__3620__fold_0,fri-c0-100-5-3620-fold-0
openml__fri_c0_100_5__3620__fold_1,fri-c0-100-5-3620-fold-1
openml__fri_c0_100_5__3620__fold_2,fri-c0-100-5-3620-fold-2
openml__fri_c0_100_5__3620__fold_3,fri-c0-100-5-3620-fold-3
openml__fri_c0_100_5__3620__fold_4,fri-c0-100-5-3620-fold-4
openml__fri_c0_100_5__3620__fold_5,fri-c0-100-5-3620-fold-5
openml__fri_c0_100_5__3620__fold_6,fri-c0-100-5-3620-fold-6
openml__fri_c0_100_5__3620__fold_7,fri-c0-100-5-3620-fold-7
openml__fri_c0_100_5__3620__fold_8,fri-c0-100-5-3620-fold-8
openml__fri_c0_100_5__3620__fold_9,fri-c0-100-5-3620-fold-9
openml__yeast__145793__fold_0,yeast-145793-fold-0
openml__yeast__145793__fold_1,yeast-145793-fold-1
openml__yeast__145793__fold_2,yeast-145793-fold-2
openml__yeast__145793__fold_3,yeast-145793-fold-3
openml__yeast__145793__fold_4,yeast-145793-fold-4
openml__yeast__145793__fold_5,yeast-145793-fold-5
openml__yeast__145793__fold_6,yeast-145793-fold-6
openml__yeast__145793__fold_7,yeast-145793-fold-7
openml__yeast__145793__fold_8,yeast-145793-fold-8
openml__yeast__145793__fold_9,yeast-145793-fold-9
openml__walking-activity__9945__fold_0,walking-activity-9945-fold-0
openml__walking-activity__9945__fold_1,walking-activity-9945-fold-1
openml__walking-activity__9945__fold_2,walking-activity-9945-fold-2
openml__walking-activity__9945__fold_3,walking-activity-9945-fold-3
openml__walking-activity__9945__fold_4,walking-activity-9945-fold-4
openml__walking-activity__9945__fold_5,walking-activity-9945-fold-5
openml__walking-activity__9945__fold_6,walking-activity-9945-fold-6
openml__walking-activity__9945__fold_7,walking-activity-9945-fold-7
openml__walking-activity__9945__fold_8,walking-activity-9945-fold-8
openml__walking-activity__9945__fold_9,walking-activity-9945-fold-9
openml__acute-inflammations__10089__fold_0,acute-inflammations-10089-fold-0
openml__acute-inflammations__10089__fold_1,acute-inflammations-10089-fold-1
openml__acute-inflammations__10089__fold_2,acute-inflammations-10089-fold-2
openml__acute-inflammations__10089__fold_3,acute-inflammations-10089-fold-3
openml__acute-inflammations__10089__fold_4,acute-inflammations-10089-fold-4
openml__acute-inflammations__10089__fold_5,acute-inflammations-10089-fold-5
openml__acute-inflammations__10089__fold_6,acute-inflammations-10089-fold-6
openml__acute-inflammations__10089__fold_7,acute-inflammations-10089-fold-7
openml__acute-inflammations__10089__fold_8,acute-inflammations-10089-fold-8
openml__acute-inflammations__10089__fold_9,acute-inflammations-10089-fold-9
openml__visualizing_environmental__3602__fold_0,visualizing-environmental-3602-fold-0
openml__visualizing_environmental__3602__fold_1,visualizing-environmental-3602-fold-1
openml__visualizing_environmental__3602__fold_2,visualizing-environmental-3602-fold-2
openml__visualizing_environmental__3602__fold_3,visualizing-environmental-3602-fold-3
openml__visualizing_environmental__3602__fold_4,visualizing-environmental-3602-fold-4
openml__visualizing_environmental__3602__fold_5,visualizing-environmental-3602-fold-5
openml__visualizing_environmental__3602__fold_6,visualizing-environmental-3602-fold-6
openml__visualizing_environmental__3602__fold_7,visualizing-environmental-3602-fold-7
openml__visualizing_environmental__3602__fold_8,visualizing-environmental-3602-fold-8
openml__visualizing_environmental__3602__fold_9,visualizing-environmental-3602-fold-9
openml__fl2000__3566__fold_0,fl2000-3566-fold-0
openml__fl2000__3566__fold_1,fl2000-3566-fold-1
openml__fl2000__3566__fold_2,fl2000-3566-fold-2
openml__fl2000__3566__fold_3,fl2000-3566-fold-3
openml__fl2000__3566__fold_4,fl2000-3566-fold-4
openml__fl2000__3566__fold_5,fl2000-3566-fold-5
openml__fl2000__3566__fold_6,fl2000-3566-fold-6
openml__fl2000__3566__fold_7,fl2000-3566-fold-7
openml__fl2000__3566__fold_8,fl2000-3566-fold-8
openml__fl2000__3566__fold_9,fl2000-3566-fold-9
openml__transplant__3748__fold_0,transplant-3748-fold-0
openml__transplant__3748__fold_1,transplant-3748-fold-1
openml__transplant__3748__fold_2,transplant-3748-fold-2
openml__transplant__3748__fold_3,transplant-3748-fold-3
openml__transplant__3748__fold_4,transplant-3748-fold-4
openml__transplant__3748__fold_5,transplant-3748-fold-5
openml__transplant__3748__fold_6,transplant-3748-fold-6
openml__transplant__3748__fold_7,transplant-3748-fold-7
openml__transplant__3748__fold_8,transplant-3748-fold-8
openml__transplant__3748__fold_9,transplant-3748-fold-9
openml__nursery__9892__fold_0,nursery-9892-fold-0
openml__nursery__9892__fold_1,nursery-9892-fold-1
openml__nursery__9892__fold_2,nursery-9892-fold-2
openml__nursery__9892__fold_3,nursery-9892-fold-3
openml__nursery__9892__fold_4,nursery-9892-fold-4
openml__nursery__9892__fold_5,nursery-9892-fold-5
openml__nursery__9892__fold_6,nursery-9892-fold-6
openml__nursery__9892__fold_7,nursery-9892-fold-7
openml__nursery__9892__fold_8,nursery-9892-fold-8
openml__nursery__9892__fold_9,nursery-9892-fold-9
openml__mushroom__24__fold_0,mushroom-24-fold-0
openml__mushroom__24__fold_1,mushroom-24-fold-1
openml__mushroom__24__fold_2,mushroom-24-fold-2
openml__mushroom__24__fold_3,mushroom-24-fold-3
openml__mushroom__24__fold_4,mushroom-24-fold-4
openml__mushroom__24__fold_5,mushroom-24-fold-5
openml__mushroom__24__fold_6,mushroom-24-fold-6
openml__mushroom__24__fold_7,mushroom-24-fold-7
openml__mushroom__24__fold_8,mushroom-24-fold-8
openml__mushroom__24__fold_9,mushroom-24-fold-9
openml__BNG(credit-a)__146047__fold_0,bng-credit-a-146047-fold-0
openml__BNG(credit-a)__146047__fold_1,bng-credit-a-146047-fold-1
openml__BNG(credit-a)__146047__fold_2,bng-credit-a-146047-fold-2
openml__BNG(credit-a)__146047__fold_3,bng-credit-a-146047-fold-3
openml__BNG(credit-a)__146047__fold_4,bng-credit-a-146047-fold-4
openml__BNG(credit-a)__146047__fold_5,bng-credit-a-146047-fold-5
openml__BNG(credit-a)__146047__fold_6,bng-credit-a-146047-fold-6
openml__BNG(credit-a)__146047__fold_7,bng-credit-a-146047-fold-7
openml__BNG(credit-a)__146047__fold_8,bng-credit-a-146047-fold-8
openml__BNG(credit-a)__146047__fold_9,bng-credit-a-146047-fold-9
openml__hill-valley__145847__fold_0,hill-valley-145847-fold-0
openml__hill-valley__145847__fold_1,hill-valley-145847-fold-1
openml__hill-valley__145847__fold_2,hill-valley-145847-fold-2
openml__hill-valley__145847__fold_3,hill-valley-145847-fold-3
openml__hill-valley__145847__fold_4,hill-valley-145847-fold-4
openml__hill-valley__145847__fold_5,hill-valley-145847-fold-5
openml__hill-valley__145847__fold_6,hill-valley-145847-fold-6
openml__hill-valley__145847__fold_7,hill-valley-145847-fold-7
openml__hill-valley__145847__fold_8,hill-valley-145847-fold-8
openml__hill-valley__145847__fold_9,hill-valley-145847-fold-9
openml__pc4__3902__fold_0,pc4-3902-fold-0
openml__pc4__3902__fold_1,pc4-3902-fold-1
openml__pc4__3902__fold_2,pc4-3902-fold-2
openml__pc4__3902__fold_3,pc4-3902-fold-3
openml__pc4__3902__fold_4,pc4-3902-fold-4
openml__pc4__3902__fold_5,pc4-3902-fold-5
openml__pc4__3902__fold_6,pc4-3902-fold-6
openml__pc4__3902__fold_7,pc4-3902-fold-7
openml__pc4__3902__fold_8,pc4-3902-fold-8
openml__pc4__3902__fold_9,pc4-3902-fold-9
openml__Amazon_employee_access__34539__fold_0,amazon-employee-access-34539-fold-0
openml__Amazon_employee_access__34539__fold_1,amazon-employee-access-34539-fold-1
openml__Amazon_employee_access__34539__fold_2,amazon-employee-access-34539-fold-2
openml__Amazon_employee_access__34539__fold_3,amazon-employee-access-34539-fold-3
openml__Amazon_employee_access__34539__fold_4,amazon-employee-access-34539-fold-4
openml__Amazon_employee_access__34539__fold_5,amazon-employee-access-34539-fold-5
openml__Amazon_employee_access__34539__fold_6,amazon-employee-access-34539-fold-6
openml__Amazon_employee_access__34539__fold_7,amazon-employee-access-34539-fold-7
openml__Amazon_employee_access__34539__fold_8,amazon-employee-access-34539-fold-8
openml__Amazon_employee_access__34539__fold_9,amazon-employee-access-34539-fold-9
openml__Devnagari-Script__167121__fold_0,devnagari-script-167121-fold-0
openml__Devnagari-Script__167121__fold_1,devnagari-script-167121-fold-1
openml__Devnagari-Script__167121__fold_2,devnagari-script-167121-fold-2
openml__Devnagari-Script__167121__fold_3,devnagari-script-167121-fold-3
openml__Devnagari-Script__167121__fold_4,devnagari-script-167121-fold-4
openml__Devnagari-Script__167121__fold_5,devnagari-script-167121-fold-5
openml__Devnagari-Script__167121__fold_6,devnagari-script-167121-fold-6
openml__Devnagari-Script__167121__fold_7,devnagari-script-167121-fold-7
openml__Devnagari-Script__167121__fold_8,devnagari-script-167121-fold-8
openml__Devnagari-Script__167121__fold_9,devnagari-script-167121-fold-9
openml__sick__3021__fold_0,sick-3021-fold-0
openml__sick__3021__fold_1,sick-3021-fold-1
openml__sick__3021__fold_2,sick-3021-fold-2
openml__sick__3021__fold_3,sick-3021-fold-3
openml__sick__3021__fold_4,sick-3021-fold-4
openml__sick__3021__fold_5,sick-3021-fold-5
openml__sick__3021__fold_6,sick-3021-fold-6
openml__sick__3021__fold_7,sick-3021-fold-7
openml__sick__3021__fold_8,sick-3021-fold-8
openml__sick__3021__fold_9,sick-3021-fold-9
openml__balance-scale__11__fold_0,balance-scale-11-fold-0
openml__balance-scale__11__fold_1,balance-scale-11-fold-1
openml__balance-scale__11__fold_2,balance-scale-11-fold-2
openml__balance-scale__11__fold_3,balance-scale-11-fold-3
openml__balance-scale__11__fold_4,balance-scale-11-fold-4
openml__balance-scale__11__fold_5,balance-scale-11-fold-5
openml__balance-scale__11__fold_6,balance-scale-11-fold-6
openml__balance-scale__11__fold_7,balance-scale-11-fold-7
openml__balance-scale__11__fold_8,balance-scale-11-fold-8
openml__balance-scale__11__fold_9,balance-scale-11-fold-9
openml__wall-robot-navigation__9960__fold_0,wall-robot-navigation-9960-fold-0
openml__wall-robot-navigation__9960__fold_1,wall-robot-navigation-9960-fold-1
openml__wall-robot-navigation__9960__fold_2,wall-robot-navigation-9960-fold-2
openml__wall-robot-navigation__9960__fold_3,wall-robot-navigation-9960-fold-3
openml__wall-robot-navigation__9960__fold_4,wall-robot-navigation-9960-fold-4
openml__wall-robot-navigation__9960__fold_5,wall-robot-navigation-9960-fold-5
openml__wall-robot-navigation__9960__fold_6,wall-robot-navigation-9960-fold-6
openml__wall-robot-navigation__9960__fold_7,wall-robot-navigation-9960-fold-7
openml__wall-robot-navigation__9960__fold_8,wall-robot-navigation-9960-fold-8
openml__wall-robot-navigation__9960__fold_9,wall-robot-navigation-9960-fold-9
openml__isolet__3481__fold_0,isolet-3481-fold-0
openml__isolet__3481__fold_1,isolet-3481-fold-1
openml__isolet__3481__fold_2,isolet-3481-fold-2
openml__isolet__3481__fold_3,isolet-3481-fold-3
openml__isolet__3481__fold_4,isolet-3481-fold-4
openml__isolet__3481__fold_5,isolet-3481-fold-5
openml__isolet__3481__fold_6,isolet-3481-fold-6
openml__isolet__3481__fold_7,isolet-3481-fold-7
openml__isolet__3481__fold_8,isolet-3481-fold-8
openml__isolet__3481__fold_9,isolet-3481-fold-9
openml__MiniBooNE__168335__fold_0,miniboone-168335-fold-0
openml__MiniBooNE__168335__fold_1,miniboone-168335-fold-1
openml__MiniBooNE__168335__fold_2,miniboone-168335-fold-2
openml__MiniBooNE__168335__fold_3,miniboone-168335-fold-3
openml__MiniBooNE__168335__fold_4,miniboone-168335-fold-4
openml__MiniBooNE__168335__fold_5,miniboone-168335-fold-5
openml__MiniBooNE__168335__fold_6,miniboone-168335-fold-6
openml__MiniBooNE__168335__fold_7,miniboone-168335-fold-7
openml__MiniBooNE__168335__fold_8,miniboone-168335-fold-8
openml__MiniBooNE__168335__fold_9,miniboone-168335-fold-9
openml__pc1__3918__fold_0,pc1-3918-fold-0
openml__pc1__3918__fold_1,pc1-3918-fold-1
openml__pc1__3918__fold_2,pc1-3918-fold-2
openml__pc1__3918__fold_3,pc1-3918-fold-3
openml__pc1__3918__fold_4,pc1-3918-fold-4
openml__pc1__3918__fold_5,pc1-3918-fold-5
openml__pc1__3918__fold_6,pc1-3918-fold-6
openml__pc1__3918__fold_7,pc1-3918-fold-7
openml__pc1__3918__fold_8,pc1-3918-fold-8
openml__pc1__3918__fold_9,pc1-3918-fold-9
openml__churn__167141__fold_0,churn-167141-fold-0
openml__churn__167141__fold_1,churn-167141-fold-1
openml__churn__167141__fold_2,churn-167141-fold-2
openml__churn__167141__fold_3,churn-167141-fold-3
openml__churn__167141__fold_4,churn-167141-fold-4
openml__churn__167141__fold_5,churn-167141-fold-5
openml__churn__167141__fold_6,churn-167141-fold-6
openml__churn__167141__fold_7,churn-167141-fold-7
openml__churn__167141__fold_8,churn-167141-fold-8
openml__churn__167141__fold_9,churn-167141-fold-9
openml__jungle_chess_2pcs_raw_endgame_complete__167119__fold_0,jungle-chess-2pcs-raw-endgame-complete-167119-fold-0
openml__jungle_chess_2pcs_raw_endgame_complete__167119__fold_1,jungle-chess-2pcs-raw-endgame-complete-167119-fold-1
openml__jungle_chess_2pcs_raw_endgame_complete__167119__fold_2,jungle-chess-2pcs-raw-endgame-complete-167119-fold-2
openml__jungle_chess_2pcs_raw_endgame_complete__167119__fold_3,jungle-chess-2pcs-raw-endgame-complete-167119-fold-3
openml__jungle_chess_2pcs_raw_endgame_complete__167119__fold_4,jungle-chess-2pcs-raw-endgame-complete-167119-fold-4
openml__jungle_chess_2pcs_raw_endgame_complete__167119__fold_5,jungle-chess-2pcs-raw-endgame-complete-167119-fold-5
openml__jungle_chess_2pcs_raw_endgame_complete__167119__fold_6,jungle-chess-2pcs-raw-endgame-complete-167119-fold-6
openml__jungle_chess_2pcs_raw_endgame_complete__167119__fold_7,jungle-chess-2pcs-raw-endgame-complete-167119-fold-7
openml__jungle_chess_2pcs_raw_endgame_complete__167119__fold_8,jungle-chess-2pcs-raw-endgame-complete-167119-fold-8
openml__jungle_chess_2pcs_raw_endgame_complete__167119__fold_9,jungle-chess-2pcs-raw-endgame-complete-167119-fold-9
openml__Australian__146818__fold_0,australian-146818-fold-0
openml__Australian__146818__fold_1,australian-146818-fold-1
openml__Australian__146818__fold_2,australian-146818-fold-2
openml__Australian__146818__fold_3,australian-146818-fold-3
openml__Australian__146818__fold_4,australian-146818-fold-4
openml__Australian__146818__fold_5,australian-146818-fold-5
openml__Australian__146818__fold_6,australian-146818-fold-6
openml__Australian__146818__fold_7,australian-146818-fold-7
openml__Australian__146818__fold_8,australian-146818-fold-8
openml__Australian__146818__fold_9,australian-146818-fold-9
openml__first-order-theorem-proving__9985__fold_0,first-order-theorem-proving-9985-fold-0
openml__first-order-theorem-proving__9985__fold_1,first-order-theorem-proving-9985-fold-1
openml__first-order-theorem-proving__9985__fold_2,first-order-theorem-proving-9985-fold-2
openml__first-order-theorem-proving__9985__fold_3,first-order-theorem-proving-9985-fold-3
openml__first-order-theorem-proving__9985__fold_4,first-order-theorem-proving-9985-fold-4
openml__first-order-theorem-proving__9985__fold_5,first-order-theorem-proving-9985-fold-5
openml__first-order-theorem-proving__9985__fold_6,first-order-theorem-proving-9985-fold-6
openml__first-order-theorem-proving__9985__fold_7,first-order-theorem-proving-9985-fold-7
openml__first-order-theorem-proving__9985__fold_8,first-order-theorem-proving-9985-fold-8
openml__first-order-theorem-proving__9985__fold_9,first-order-theorem-proving-9985-fold-9
openml__APSFailure__168868__fold_0,apsfailure-168868-fold-0
openml__APSFailure__168868__fold_1,apsfailure-168868-fold-1
openml__APSFailure__168868__fold_2,apsfailure-168868-fold-2
openml__APSFailure__168868__fold_3,apsfailure-168868-fold-3
openml__APSFailure__168868__fold_4,apsfailure-168868-fold-4
openml__APSFailure__168868__fold_5,apsfailure-168868-fold-5
openml__APSFailure__168868__fold_6,apsfailure-168868-fold-6
openml__APSFailure__168868__fold_7,apsfailure-168868-fold-7
openml__APSFailure__168868__fold_8,apsfailure-168868-fold-8
openml__APSFailure__168868__fold_9,apsfailure-168868-fold-9
openml__semeion__9964__fold_0,semeion-9964-fold-0
openml__semeion__9964__fold_1,semeion-9964-fold-1
openml__semeion__9964__fold_2,semeion-9964-fold-2
openml__semeion__9964__fold_3,semeion-9964-fold-3
openml__semeion__9964__fold_4,semeion-9964-fold-4
openml__semeion__9964__fold_5,semeion-9964-fold-5
openml__semeion__9964__fold_6,semeion-9964-fold-6
openml__semeion__9964__fold_7,semeion-9964-fold-7
openml__semeion__9964__fold_8,semeion-9964-fold-8
openml__semeion__9964__fold_9,semeion-9964-fold-9
openml__kc2__3913__fold_0,kc2-3913-fold-0
openml__kc2__3913__fold_1,kc2-3913-fold-1
openml__kc2__3913__fold_2,kc2-3913-fold-2
openml__kc2__3913__fold_3,kc2-3913-fold-3
openml__kc2__3913__fold_4,kc2-3913-fold-4
openml__kc2__3913__fold_5,kc2-3913-fold-5
openml__kc2__3913__fold_6,kc2-3913-fold-6
openml__kc2__3913__fold_7,kc2-3913-fold-7
openml__kc2__3913__fold_8,kc2-3913-fold-8
openml__kc2__3913__fold_9,kc2-3913-fold-9
openml__CIFAR_10__167124__fold_0,cifar-10-167124-fold-0
openml__CIFAR_10__167124__fold_1,cifar-10-167124-fold-1
openml__CIFAR_10__167124__fold_2,cifar-10-167124-fold-2
openml__CIFAR_10__167124__fold_3,cifar-10-167124-fold-3
openml__CIFAR_10__167124__fold_4,cifar-10-167124-fold-4
openml__CIFAR_10__167124__fold_5,cifar-10-167124-fold-5
openml__CIFAR_10__167124__fold_6,cifar-10-167124-fold-6
openml__CIFAR_10__167124__fold_7,cifar-10-167124-fold-7
openml__CIFAR_10__167124__fold_8,cifar-10-167124-fold-8
openml__CIFAR_10__167124__fold_9,cifar-10-167124-fold-9
openml__riccardo__168338__fold_0,riccardo-168338-fold-0
openml__riccardo__168338__fold_1,riccardo-168338-fold-1
openml__riccardo__168338__fold_2,riccardo-168338-fold-2
openml__riccardo__168338__fold_3,riccardo-168338-fold-3
openml__riccardo__168338__fold_4,riccardo-168338-fold-4
openml__riccardo__168338__fold_5,riccardo-168338-fold-5
openml__riccardo__168338__fold_6,riccardo-168338-fold-6
openml__riccardo__168338__fold_7,riccardo-168338-fold-7
openml__riccardo__168338__fold_8,riccardo-168338-fold-8
openml__riccardo__168338__fold_9,riccardo-168338-fold-9
openml__letter__6__fold_0,letter-6-fold-0
openml__letter__6__fold_1,letter-6-fold-1
openml__letter__6__fold_2,letter-6-fold-2
openml__letter__6__fold_3,letter-6-fold-3
openml__letter__6__fold_4,letter-6-fold-4
openml__letter__6__fold_5,letter-6-fold-5
openml__letter__6__fold_6,letter-6-fold-6
openml__letter__6__fold_7,letter-6-fold-7
openml__letter__6__fold_8,letter-6-fold-8
openml__letter__6__fold_9,letter-6-fold-9
openml__jm1__3904__fold_0,jm1-3904-fold-0
openml__jm1__3904__fold_1,jm1-3904-fold-1
openml__jm1__3904__fold_2,jm1-3904-fold-2
openml__jm1__3904__fold_3,jm1-3904-fold-3
openml__jm1__3904__fold_4,jm1-3904-fold-4
openml__jm1__3904__fold_5,jm1-3904-fold-5
openml__jm1__3904__fold_6,jm1-3904-fold-6
openml__jm1__3904__fold_7,jm1-3904-fold-7
openml__jm1__3904__fold_8,jm1-3904-fold-8
openml__jm1__3904__fold_9,jm1-3904-fold-9
openml__cnae-9__9981__fold_0,cnae-9-9981-fold-0
openml__cnae-9__9981__fold_1,cnae-9-9981-fold-1
openml__cnae-9__9981__fold_2,cnae-9-9981-fold-2
openml__cnae-9__9981__fold_3,cnae-9-9981-fold-3
openml__cnae-9__9981__fold_4,cnae-9-9981-fold-4
openml__cnae-9__9981__fold_5,cnae-9-9981-fold-5
openml__cnae-9__9981__fold_6,cnae-9-9981-fold-6
openml__cnae-9__9981__fold_7,cnae-9-9981-fold-7
openml__cnae-9__9981__fold_8,cnae-9-9981-fold-8
openml__cnae-9__9981__fold_9,cnae-9-9981-fold-9
openml__ozone-level-8hr__9978__fold_0,ozone-level-8hr-9978-fold-0
openml__ozone-level-8hr__9978__fold_1,ozone-level-8hr-9978-fold-1
openml__ozone-level-8hr__9978__fold_2,ozone-level-8hr-9978-fold-2
openml__ozone-level-8hr__9978__fold_3,ozone-level-8hr-9978-fold-3
openml__ozone-level-8hr__9978__fold_4,ozone-level-8hr-9978-fold-4
openml__ozone-level-8hr__9978__fold_5,ozone-level-8hr-9978-fold-5
openml__ozone-level-8hr__9978__fold_6,ozone-level-8hr-9978-fold-6
openml__ozone-level-8hr__9978__fold_7,ozone-level-8hr-9978-fold-7
openml__ozone-level-8hr__9978__fold_8,ozone-level-8hr-9978-fold-8
openml__ozone-level-8hr__9978__fold_9,ozone-level-8hr-9978-fold-9
openml__Internet-Advertisements__167125__fold_0,internet-advertisements-167125-fold-0
openml__Internet-Advertisements__167125__fold_1,internet-advertisements-167125-fold-1
openml__Internet-Advertisements__167125__fold_2,internet-advertisements-167125-fold-2
openml__Internet-Advertisements__167125__fold_3,internet-advertisements-167125-fold-3
openml__Internet-Advertisements__167125__fold_4,internet-advertisements-167125-fold-4
openml__Internet-Advertisements__167125__fold_5,internet-advertisements-167125-fold-5
openml__Internet-Advertisements__167125__fold_6,internet-advertisements-167125-fold-6
openml__Internet-Advertisements__167125__fold_7,internet-advertisements-167125-fold-7
openml__Internet-Advertisements__167125__fold_8,internet-advertisements-167125-fold-8
openml__Internet-Advertisements__167125__fold_9,internet-advertisements-167125-fold-9
openml__volkert__168331__fold_0,volkert-168331-fold-0
openml__volkert__168331__fold_1,volkert-168331-fold-1
openml__volkert__168331__fold_2,volkert-168331-fold-2
openml__volkert__168331__fold_3,volkert-168331-fold-3
openml__volkert__168331__fold_4,volkert-168331-fold-4
openml__volkert__168331__fold_5,volkert-168331-fold-5
openml__volkert__168331__fold_6,volkert-168331-fold-6
openml__volkert__168331__fold_7,volkert-168331-fold-7
openml__volkert__168331__fold_8,volkert-168331-fold-8
openml__volkert__168331__fold_9,volkert-168331-fold-9
openml__diabetes__37__fold_0,diabetes-37-fold-0
openml__diabetes__37__fold_1,diabetes-37-fold-1
openml__diabetes__37__fold_2,diabetes-37-fold-2
openml__diabetes__37__fold_3,diabetes-37-fold-3
openml__diabetes__37__fold_4,diabetes-37-fold-4
openml__diabetes__37__fold_5,diabetes-37-fold-5
openml__diabetes__37__fold_6,diabetes-37-fold-6
openml__diabetes__37__fold_7,diabetes-37-fold-7
openml__diabetes__37__fold_8,diabetes-37-fold-8
openml__diabetes__37__fold_9,diabetes-37-fold-9
openml__higgs__146606__fold_0,higgs-146606-fold-0
openml__higgs__146606__fold_1,higgs-146606-fold-1
openml__higgs__146606__fold_2,higgs-146606-fold-2
openml__higgs__146606__fold_3,higgs-146606-fold-3
openml__higgs__146606__fold_4,higgs-146606-fold-4
openml__higgs__146606__fold_5,higgs-146606-fold-5
openml__higgs__146606__fold_6,higgs-146606-fold-6
openml__higgs__146606__fold_7,higgs-146606-fold-7
openml__higgs__146606__fold_8,higgs-146606-fold-8
openml__higgs__146606__fold_9,higgs-146606-fold-9
openml__mfeat-morphological__18__fold_0,mfeat-morphological-18-fold-0
openml__mfeat-morphological__18__fold_1,mfeat-morphological-18-fold-1
openml__mfeat-morphological__18__fold_2,mfeat-morphological-18-fold-2
openml__mfeat-morphological__18__fold_3,mfeat-morphological-18-fold-3
openml__mfeat-morphological__18__fold_4,mfeat-morphological-18-fold-4
openml__mfeat-morphological__18__fold_5,mfeat-morphological-18-fold-5
openml__mfeat-morphological__18__fold_6,mfeat-morphological-18-fold-6
openml__mfeat-morphological__18__fold_7,mfeat-morphological-18-fold-7
openml__mfeat-morphological__18__fold_8,mfeat-morphological-18-fold-8
openml__mfeat-morphological__18__fold_9,mfeat-morphological-18-fold-9
openml__MiceProtein__146800__fold_0,miceprotein-146800-fold-0
openml__MiceProtein__146800__fold_1,miceprotein-146800-fold-1
openml__MiceProtein__146800__fold_2,miceprotein-146800-fold-2
openml__MiceProtein__146800__fold_3,miceprotein-146800-fold-3
openml__MiceProtein__146800__fold_4,miceprotein-146800-fold-4
openml__MiceProtein__146800__fold_5,miceprotein-146800-fold-5
openml__MiceProtein__146800__fold_6,miceprotein-146800-fold-6
openml__MiceProtein__146800__fold_7,miceprotein-146800-fold-7
openml__MiceProtein__146800__fold_8,miceprotein-146800-fold-8
openml__MiceProtein__146800__fold_9,miceprotein-146800-fold-9
openml__dionis__189355__fold_0,dionis-189355-fold-0
openml__dionis__189355__fold_1,dionis-189355-fold-1
openml__dionis__189355__fold_2,dionis-189355-fold-2
openml__dionis__189355__fold_3,dionis-189355-fold-3
openml__dionis__189355__fold_4,dionis-189355-fold-4
openml__dionis__189355__fold_5,dionis-189355-fold-5
openml__dionis__189355__fold_6,dionis-189355-fold-6
openml__dionis__189355__fold_7,dionis-189355-fold-7
openml__dionis__189355__fold_8,dionis-189355-fold-8
openml__dionis__189355__fold_9,dionis-189355-fold-9
openml__mnist_784__3573__fold_0,mnist-784-3573-fold-0
openml__mnist_784__3573__fold_1,mnist-784-3573-fold-1
openml__mnist_784__3573__fold_2,mnist-784-3573-fold-2
openml__mnist_784__3573__fold_3,mnist-784-3573-fold-3
openml__mnist_784__3573__fold_4,mnist-784-3573-fold-4
openml__mnist_784__3573__fold_5,mnist-784-3573-fold-5
openml__mnist_784__3573__fold_6,mnist-784-3573-fold-6
openml__mnist_784__3573__fold_7,mnist-784-3573-fold-7
openml__mnist_784__3573__fold_8,mnist-784-3573-fold-8
openml__mnist_784__3573__fold_9,mnist-784-3573-fold-9
openml__ilpd__9971__fold_0,ilpd-9971-fold-0
openml__ilpd__9971__fold_1,ilpd-9971-fold-1
openml__ilpd__9971__fold_2,ilpd-9971-fold-2
openml__ilpd__9971__fold_3,ilpd-9971-fold-3
openml__ilpd__9971__fold_4,ilpd-9971-fold-4
openml__ilpd__9971__fold_5,ilpd-9971-fold-5
openml__ilpd__9971__fold_6,ilpd-9971-fold-6
openml__ilpd__9971__fold_7,ilpd-9971-fold-7
openml__ilpd__9971__fold_8,ilpd-9971-fold-8
openml__ilpd__9971__fold_9,ilpd-9971-fold-9
openml__vehicle__53__fold_0,vehicle-53-fold-0
openml__vehicle__53__fold_1,vehicle-53-fold-1
openml__vehicle__53__fold_2,vehicle-53-fold-2
openml__vehicle__53__fold_3,vehicle-53-fold-3
openml__vehicle__53__fold_4,vehicle-53-fold-4
openml__vehicle__53__fold_5,vehicle-53-fold-5
openml__vehicle__53__fold_6,vehicle-53-fold-6
openml__vehicle__53__fold_7,vehicle-53-fold-7
openml__vehicle__53__fold_8,vehicle-53-fold-8
openml__vehicle__53__fold_9,vehicle-53-fold-9
openml__wilt__146820__fold_0,wilt-146820-fold-0
openml__wilt__146820__fold_1,wilt-146820-fold-1
openml__wilt__146820__fold_2,wilt-146820-fold-2
openml__wilt__146820__fold_3,wilt-146820-fold-3
openml__wilt__146820__fold_4,wilt-146820-fold-4
openml__wilt__146820__fold_5,wilt-146820-fold-5
openml__wilt__146820__fold_6,wilt-146820-fold-6
openml__wilt__146820__fold_7,wilt-146820-fold-7
openml__wilt__146820__fold_8,wilt-146820-fold-8
openml__wilt__146820__fold_9,wilt-146820-fold-9
openml__primary-tumor__146032__fold_0,primary-tumor-146032-fold-0
openml__primary-tumor__146032__fold_1,primary-tumor-146032-fold-1
openml__primary-tumor__146032__fold_2,primary-tumor-146032-fold-2
openml__primary-tumor__146032__fold_3,primary-tumor-146032-fold-3
openml__primary-tumor__146032__fold_4,primary-tumor-146032-fold-4
openml__primary-tumor__146032__fold_5,primary-tumor-146032-fold-5
openml__primary-tumor__146032__fold_6,primary-tumor-146032-fold-6
openml__primary-tumor__146032__fold_7,primary-tumor-146032-fold-7
openml__primary-tumor__146032__fold_8,primary-tumor-146032-fold-8
openml__primary-tumor__146032__fold_9,primary-tumor-146032-fold-9
openml__robert__168332__fold_0,robert-168332-fold-0
openml__robert__168332__fold_1,robert-168332-fold-1
openml__robert__168332__fold_2,robert-168332-fold-2
openml__robert__168332__fold_3,robert-168332-fold-3
openml__robert__168332__fold_4,robert-168332-fold-4
openml__robert__168332__fold_5,robert-168332-fold-5
openml__robert__168332__fold_6,robert-168332-fold-6
openml__robert__168332__fold_7,robert-168332-fold-7
openml__robert__168332__fold_8,robert-168332-fold-8
openml__robert__168332__fold_9,robert-168332-fold-9
openml__phoneme__9952__fold_0,phoneme-9952-fold-0
openml__phoneme__9952__fold_1,phoneme-9952-fold-1
openml__phoneme__9952__fold_2,phoneme-9952-fold-2
openml__phoneme__9952__fold_3,phoneme-9952-fold-3
openml__phoneme__9952__fold_4,phoneme-9952-fold-4
openml__phoneme__9952__fold_5,phoneme-9952-fold-5
openml__phoneme__9952__fold_6,phoneme-9952-fold-6
openml__phoneme__9952__fold_7,phoneme-9952-fold-7
openml__phoneme__9952__fold_8,phoneme-9952-fold-8
openml__phoneme__9952__fold_9,phoneme-9952-fold-9
openml__optdigits__28__fold_0,optdigits-28-fold-0
openml__optdigits__28__fold_1,optdigits-28-fold-1
openml__optdigits__28__fold_2,optdigits-28-fold-2
openml__optdigits__28__fold_3,optdigits-28-fold-3
openml__optdigits__28__fold_4,optdigits-28-fold-4
openml__optdigits__28__fold_5,optdigits-28-fold-5
openml__optdigits__28__fold_6,optdigits-28-fold-6
openml__optdigits__28__fold_7,optdigits-28-fold-7
openml__optdigits__28__fold_8,optdigits-28-fold-8
openml__optdigits__28__fold_9,optdigits-28-fold-9
openml__dna__167140__fold_0,dna-167140-fold-0
openml__dna__167140__fold_1,dna-167140-fold-1
openml__dna__167140__fold_2,dna-167140-fold-2
openml__dna__167140__fold_3,dna-167140-fold-3
openml__dna__167140__fold_4,dna-167140-fold-4
openml__dna__167140__fold_5,dna-167140-fold-5
openml__dna__167140__fold_6,dna-167140-fold-6
openml__dna__167140__fold_7,dna-167140-fold-7
openml__dna__167140__fold_8,dna-167140-fold-8
openml__dna__167140__fold_9,dna-167140-fold-9
openml__dresses-sales__125920__fold_0,dresses-sales-125920-fold-0
openml__dresses-sales__125920__fold_1,dresses-sales-125920-fold-1
openml__dresses-sales__125920__fold_2,dresses-sales-125920-fold-2
openml__dresses-sales__125920__fold_3,dresses-sales-125920-fold-3
openml__dresses-sales__125920__fold_4,dresses-sales-125920-fold-4
openml__dresses-sales__125920__fold_5,dresses-sales-125920-fold-5
openml__dresses-sales__125920__fold_6,dresses-sales-125920-fold-6
openml__dresses-sales__125920__fold_7,dresses-sales-125920-fold-7
openml__dresses-sales__125920__fold_8,dresses-sales-125920-fold-8
openml__dresses-sales__125920__fold_9,dresses-sales-125920-fold-9
openml__tic-tac-toe__49__fold_0,tic-tac-toe-49-fold-0
openml__tic-tac-toe__49__fold_1,tic-tac-toe-49-fold-1
openml__tic-tac-toe__49__fold_2,tic-tac-toe-49-fold-2
openml__tic-tac-toe__49__fold_3,tic-tac-toe-49-fold-3
openml__tic-tac-toe__49__fold_4,tic-tac-toe-49-fold-4
openml__tic-tac-toe__49__fold_5,tic-tac-toe-49-fold-5
openml__tic-tac-toe__49__fold_6,tic-tac-toe-49-fold-6
openml__tic-tac-toe__49__fold_7,tic-tac-toe-49-fold-7
openml__tic-tac-toe__49__fold_8,tic-tac-toe-49-fold-8
openml__tic-tac-toe__49__fold_9,tic-tac-toe-49-fold-9
openml__mfeat-fourier__14__fold_0,mfeat-fourier-14-fold-0
openml__mfeat-fourier__14__fold_1,mfeat-fourier-14-fold-1
openml__mfeat-fourier__14__fold_2,mfeat-fourier-14-fold-2
openml__mfeat-fourier__14__fold_3,mfeat-fourier-14-fold-3
openml__mfeat-fourier__14__fold_4,mfeat-fourier-14-fold-4
openml__mfeat-fourier__14__fold_5,mfeat-fourier-14-fold-5
openml__mfeat-fourier__14__fold_6,mfeat-fourier-14-fold-6
openml__mfeat-fourier__14__fold_7,mfeat-fourier-14-fold-7
openml__mfeat-fourier__14__fold_8,mfeat-fourier-14-fold-8
openml__mfeat-fourier__14__fold_9,mfeat-fourier-14-fold-9
openml__breast-w__15__fold_0,breast-w-15-fold-0
openml__breast-w__15__fold_1,breast-w-15-fold-1
openml__breast-w__15__fold_2,breast-w-15-fold-2
openml__breast-w__15__fold_3,breast-w-15-fold-3
openml__breast-w__15__fold_4,breast-w-15-fold-4
openml__breast-w__15__fold_5,breast-w-15-fold-5
openml__breast-w__15__fold_6,breast-w-15-fold-6
openml__breast-w__15__fold_7,breast-w-15-fold-7
openml__breast-w__15__fold_8,breast-w-15-fold-8
openml__breast-w__15__fold_9,breast-w-15-fold-9
openml__climate-model-simulation-crashes__146819__fold_0,climate-model-simulation-crashes-146819-fold-0
openml__climate-model-simulation-crashes__146819__fold_1,climate-model-simulation-crashes-146819-fold-1
openml__climate-model-simulation-crashes__146819__fold_2,climate-model-simulation-crashes-146819-fold-2
openml__climate-model-simulation-crashes__146819__fold_3,climate-model-simulation-crashes-146819-fold-3
openml__climate-model-simulation-crashes__146819__fold_4,climate-model-simulation-crashes-146819-fold-4
openml__climate-model-simulation-crashes__146819__fold_5,climate-model-simulation-crashes-146819-fold-5
openml__climate-model-simulation-crashes__146819__fold_6,climate-model-simulation-crashes-146819-fold-6
openml__climate-model-simulation-crashes__146819__fold_7,climate-model-simulation-crashes-146819-fold-7
openml__climate-model-simulation-crashes__146819__fold_8,climate-model-simulation-crashes-146819-fold-8
openml__climate-model-simulation-crashes__146819__fold_9,climate-model-simulation-crashes-146819-fold-9
openml__haberman__42__fold_0,haberman-42-fold-0
openml__haberman__42__fold_1,haberman-42-fold-1
openml__haberman__42__fold_2,haberman-42-fold-2
openml__haberman__42__fold_3,haberman-42-fold-3
openml__haberman__42__fold_4,haberman-42-fold-4
openml__haberman__42__fold_5,haberman-42-fold-5
openml__haberman__42__fold_6,haberman-42-fold-6
openml__haberman__42__fold_7,haberman-42-fold-7
openml__haberman__42__fold_8,haberman-42-fold-8
openml__haberman__42__fold_9,haberman-42-fold-9
openml__madelon__9976__fold_0,madelon-9976-fold-0
openml__madelon__9976__fold_1,madelon-9976-fold-1
openml__madelon__9976__fold_2,madelon-9976-fold-2
openml__madelon__9976__fold_3,madelon-9976-fold-3
openml__madelon__9976__fold_4,madelon-9976-fold-4
openml__madelon__9976__fold_5,madelon-9976-fold-5
openml__madelon__9976__fold_6,madelon-9976-fold-6
openml__madelon__9976__fold_7,madelon-9976-fold-7
openml__madelon__9976__fold_8,madelon-9976-fold-8
openml__madelon__9976__fold_9,madelon-9976-fold-9
openml__credit-approval__29__fold_0,credit-approval-29-fold-0
openml__credit-approval__29__fold_1,credit-approval-29-fold-1
openml__credit-approval__29__fold_2,credit-approval-29-fold-2
openml__credit-approval__29__fold_3,credit-approval-29-fold-3
openml__credit-approval__29__fold_4,credit-approval-29-fold-4
openml__credit-approval__29__fold_5,credit-approval-29-fold-5
openml__credit-approval__29__fold_6,credit-approval-29-fold-6
openml__credit-approval__29__fold_7,credit-approval-29-fold-7
openml__credit-approval__29__fold_8,credit-approval-29-fold-8
openml__credit-approval__29__fold_9,credit-approval-29-fold-9
openml__fabert__168910__fold_0,fabert-168910-fold-0
openml__fabert__168910__fold_1,fabert-168910-fold-1
openml__fabert__168910__fold_2,fabert-168910-fold-2
openml__fabert__168910__fold_3,fabert-168910-fold-3
openml__fabert__168910__fold_4,fabert-168910-fold-4
openml__fabert__168910__fold_5,fabert-168910-fold-5
openml__fabert__168910__fold_6,fabert-168910-fold-6
openml__fabert__168910__fold_7,fabert-168910-fold-7
openml__fabert__168910__fold_8,fabert-168910-fold-8
openml__fabert__168910__fold_9,fabert-168910-fold-9
openml__shuttle__146212__fold_0,shuttle-146212-fold-0
openml__shuttle__146212__fold_1,shuttle-146212-fold-1
openml__shuttle__146212__fold_2,shuttle-146212-fold-2
openml__shuttle__146212__fold_3,shuttle-146212-fold-3
openml__shuttle__146212__fold_4,shuttle-146212-fold-4
openml__shuttle__146212__fold_5,shuttle-146212-fold-5
openml__shuttle__146212__fold_6,shuttle-146212-fold-6
openml__shuttle__146212__fold_7,shuttle-146212-fold-7
openml__shuttle__146212__fold_8,shuttle-146212-fold-8
openml__shuttle__146212__fold_9,shuttle-146212-fold-9
openml__gas-drift-different-concentrations__9987__fold_0,gas-drift-different-concentrations-9987-fold-0
openml__gas-drift-different-concentrations__9987__fold_1,gas-drift-different-concentrations-9987-fold-1
openml__gas-drift-different-concentrations__9987__fold_2,gas-drift-different-concentrations-9987-fold-2
openml__gas-drift-different-concentrations__9987__fold_3,gas-drift-different-concentrations-9987-fold-3
openml__gas-drift-different-concentrations__9987__fold_4,gas-drift-different-concentrations-9987-fold-4
openml__gas-drift-different-concentrations__9987__fold_5,gas-drift-different-concentrations-9987-fold-5
openml__gas-drift-different-concentrations__9987__fold_6,gas-drift-different-concentrations-9987-fold-6
openml__gas-drift-different-concentrations__9987__fold_7,gas-drift-different-concentrations-9987-fold-7
openml__gas-drift-different-concentrations__9987__fold_8,gas-drift-different-concentrations-9987-fold-8
openml__gas-drift-different-concentrations__9987__fold_9,gas-drift-different-concentrations-9987-fold-9
openml__arrhythmia__5__fold_0,arrhythmia-5-fold-0
openml__arrhythmia__5__fold_1,arrhythmia-5-fold-1
openml__arrhythmia__5__fold_2,arrhythmia-5-fold-2
openml__arrhythmia__5__fold_3,arrhythmia-5-fold-3
openml__arrhythmia__5__fold_4,arrhythmia-5-fold-4
openml__arrhythmia__5__fold_5,arrhythmia-5-fold-5
openml__arrhythmia__5__fold_6,arrhythmia-5-fold-6
openml__arrhythmia__5__fold_7,arrhythmia-5-fold-7
openml__arrhythmia__5__fold_8,arrhythmia-5-fold-8
openml__arrhythmia__5__fold_9,arrhythmia-5-fold-9
openml__splice__45__fold_0,splice-45-fold-0
openml__splice__45__fold_1,splice-45-fold-1
openml__splice__45__fold_2,splice-45-fold-2
openml__splice__45__fold_3,splice-45-fold-3
openml__splice__45__fold_4,splice-45-fold-4
openml__splice__45__fold_5,splice-45-fold-5
openml__splice__45__fold_6,splice-45-fold-6
openml__splice__45__fold_7,splice-45-fold-7
openml__splice__45__fold_8,splice-45-fold-8
openml__splice__45__fold_9,splice-45-fold-9
openml__kr-vs-kp__3__fold_0,kr-vs-kp-3-fold-0
openml__kr-vs-kp__3__fold_1,kr-vs-kp-3-fold-1
openml__kr-vs-kp__3__fold_2,kr-vs-kp-3-fold-2
openml__kr-vs-kp__3__fold_3,kr-vs-kp-3-fold-3
openml__kr-vs-kp__3__fold_4,kr-vs-kp-3-fold-4
openml__kr-vs-kp__3__fold_5,kr-vs-kp-3-fold-5
openml__kr-vs-kp__3__fold_6,kr-vs-kp-3-fold-6
openml__kr-vs-kp__3__fold_7,kr-vs-kp-3-fold-7
openml__kr-vs-kp__3__fold_8,kr-vs-kp-3-fold-8
openml__kr-vs-kp__3__fold_9,kr-vs-kp-3-fold-9
openml__ecoli__145977__fold_0,ecoli-145977-fold-0
openml__ecoli__145977__fold_1,ecoli-145977-fold-1
openml__ecoli__145977__fold_2,ecoli-145977-fold-2
openml__ecoli__145977__fold_3,ecoli-145977-fold-3
openml__ecoli__145977__fold_4,ecoli-145977-fold-4
openml__ecoli__145977__fold_5,ecoli-145977-fold-5
openml__ecoli__145977__fold_6,ecoli-145977-fold-6
openml__ecoli__145977__fold_7,ecoli-145977-fold-7
openml__ecoli__145977__fold_8,ecoli-145977-fold-8
openml__ecoli__145977__fold_9,ecoli-145977-fold-9
openml__jasmine__168911__fold_0,jasmine-168911-fold-0
openml__jasmine__168911__fold_1,jasmine-168911-fold-1
openml__jasmine__168911__fold_2,jasmine-168911-fold-2
openml__jasmine__168911__fold_3,jasmine-168911-fold-3
openml__jasmine__168911__fold_4,jasmine-168911-fold-4
openml__jasmine__168911__fold_5,jasmine-168911-fold-5
openml__jasmine__168911__fold_6,jasmine-168911-fold-6
openml__jasmine__168911__fold_7,jasmine-168911-fold-7
openml__jasmine__168911__fold_8,jasmine-168911-fold-8
openml__jasmine__168911__fold_9,jasmine-168911-fold-9
openml__skin-segmentation__9965__fold_0,skin-segmentation-9965-fold-0
openml__skin-segmentation__9965__fold_1,skin-segmentation-9965-fold-1
openml__skin-segmentation__9965__fold_2,skin-segmentation-9965-fold-2
openml__skin-segmentation__9965__fold_3,skin-segmentation-9965-fold-3
openml__skin-segmentation__9965__fold_4,skin-segmentation-9965-fold-4
openml__skin-segmentation__9965__fold_5,skin-segmentation-9965-fold-5
openml__skin-segmentation__9965__fold_6,skin-segmentation-9965-fold-6
openml__skin-segmentation__9965__fold_7,skin-segmentation-9965-fold-7
openml__skin-segmentation__9965__fold_8,skin-segmentation-9965-fold-8
openml__skin-segmentation__9965__fold_9,skin-segmentation-9965-fold-9
openml__mfeat-pixel__146824__fold_0,mfeat-pixel-146824-fold-0
openml__mfeat-pixel__146824__fold_1,mfeat-pixel-146824-fold-1
openml__mfeat-pixel__146824__fold_2,mfeat-pixel-146824-fold-2
openml__mfeat-pixel__146824__fold_3,mfeat-pixel-146824-fold-3
openml__mfeat-pixel__146824__fold_4,mfeat-pixel-146824-fold-4
openml__mfeat-pixel__146824__fold_5,mfeat-pixel-146824-fold-5
openml__mfeat-pixel__146824__fold_6,mfeat-pixel-146824-fold-6
openml__mfeat-pixel__146824__fold_7,mfeat-pixel-146824-fold-7
openml__mfeat-pixel__146824__fold_8,mfeat-pixel-146824-fold-8
openml__mfeat-pixel__146824__fold_9,mfeat-pixel-146824-fold-9
openml__adult-census__3953__fold_0,adult-census-3953-fold-0
openml__adult-census__3953__fold_1,adult-census-3953-fold-1
openml__adult-census__3953__fold_2,adult-census-3953-fold-2
openml__adult-census__3953__fold_3,adult-census-3953-fold-3
openml__adult-census__3953__fold_4,adult-census-3953-fold-4
openml__adult-census__3953__fold_5,adult-census-3953-fold-5
openml__adult-census__3953__fold_6,adult-census-3953-fold-6
openml__adult-census__3953__fold_7,adult-census-3953-fold-7
openml__adult-census__3953__fold_8,adult-census-3953-fold-8
openml__adult-census__3953__fold_9,adult-census-3953-fold-9
openml__car__146821__fold_0,car-146821-fold-0
openml__car__146821__fold_1,car-146821-fold-1
openml__car__146821__fold_2,car-146821-fold-2
openml__car__146821__fold_3,car-146821-fold-3
openml__car__146821__fold_4,car-146821-fold-4
openml__car__146821__fold_5,car-146821-fold-5
openml__car__146821__fold_6,car-146821-fold-6
openml__car__146821__fold_7,car-146821-fold-7
openml__car__146821__fold_8,car-146821-fold-8
openml__car__146821__fold_9,car-146821-fold-9
openml__christine__168908__fold_0,christine-168908-fold-0
openml__christine__168908__fold_1,christine-168908-fold-1
openml__christine__168908__fold_2,christine-168908-fold-2
openml__christine__168908__fold_3,christine-168908-fold-3
openml__christine__168908__fold_4,christine-168908-fold-4
openml__christine__168908__fold_5,christine-168908-fold-5
openml__christine__168908__fold_6,christine-168908-fold-6
openml__christine__168908__fold_7,christine-168908-fold-7
openml__christine__168908__fold_8,christine-168908-fold-8
openml__christine__168908__fold_9,christine-168908-fold-9
openml__bank-marketing__9899__fold_0,bank-marketing-9899-fold-0
openml__bank-marketing__9899__fold_1,bank-marketing-9899-fold-1
openml__bank-marketing__9899__fold_2,bank-marketing-9899-fold-2
openml__bank-marketing__9899__fold_3,bank-marketing-9899-fold-3
openml__bank-marketing__9899__fold_4,bank-marketing-9899-fold-4
openml__bank-marketing__9899__fold_5,bank-marketing-9899-fold-5
openml__bank-marketing__9899__fold_6,bank-marketing-9899-fold-6
openml__bank-marketing__9899__fold_7,bank-marketing-9899-fold-7
openml__bank-marketing__9899__fold_8,bank-marketing-9899-fold-8
openml__bank-marketing__9899__fold_9,bank-marketing-9899-fold-9
openml__kc1__3917__fold_0,kc1-3917-fold-0
openml__kc1__3917__fold_1,kc1-3917-fold-1
openml__kc1__3917__fold_2,kc1-3917-fold-2
openml__kc1__3917__fold_3,kc1-3917-fold-3
openml__kc1__3917__fold_4,kc1-3917-fold-4
openml__kc1__3917__fold_5,kc1-3917-fold-5
openml__kc1__3917__fold_6,kc1-3917-fold-6
openml__kc1__3917__fold_7,kc1-3917-fold-7
openml__kc1__3917__fold_8,kc1-3917-fold-8
openml__kc1__3917__fold_9,kc1-3917-fold-9
openml__banknote-authentication__10093__fold_0,banknote-authentication-10093-fold-0
openml__banknote-authentication__10093__fold_1,banknote-authentication-10093-fold-1
openml__banknote-authentication__10093__fold_2,banknote-authentication-10093-fold-2
openml__banknote-authentication__10093__fold_3,banknote-authentication-10093-fold-3
openml__banknote-authentication__10093__fold_4,banknote-authentication-10093-fold-4
openml__banknote-authentication__10093__fold_5,banknote-authentication-10093-fold-5
openml__banknote-authentication__10093__fold_6,banknote-authentication-10093-fold-6
openml__banknote-authentication__10093__fold_7,banknote-authentication-10093-fold-7
openml__banknote-authentication__10093__fold_8,banknote-authentication-10093-fold-8
openml__banknote-authentication__10093__fold_9,banknote-authentication-10093-fold-9
openml__pendigits__32__fold_0,pendigits-32-fold-0
openml__pendigits__32__fold_1,pendigits-32-fold-1
openml__pendigits__32__fold_2,pendigits-32-fold-2
openml__pendigits__32__fold_3,pendigits-32-fold-3
openml__pendigits__32__fold_4,pendigits-32-fold-4
openml__pendigits__32__fold_5,pendigits-32-fold-5
openml__pendigits__32__fold_6,pendigits-32-fold-6
openml__pendigits__32__fold_7,pendigits-32-fold-7
openml__pendigits__32__fold_8,pendigits-32-fold-8
openml__pendigits__32__fold_9,pendigits-32-fold-9
openml__cmc__23__fold_0,cmc-23-fold-0
openml__cmc__23__fold_1,cmc-23-fold-1
openml__cmc__23__fold_2,cmc-23-fold-2
openml__cmc__23__fold_3,cmc-23-fold-3
openml__cmc__23__fold_4,cmc-23-fold-4
openml__cmc__23__fold_5,cmc-23-fold-5
openml__cmc__23__fold_6,cmc-23-fold-6
openml__cmc__23__fold_7,cmc-23-fold-7
openml__cmc__23__fold_8,cmc-23-fold-8
openml__cmc__23__fold_9,cmc-23-fold-9
openml__numerai28.6__167120__fold_0,numerai28-6-167120-fold-0
openml__numerai28.6__167120__fold_1,numerai28-6-167120-fold-1
openml__numerai28.6__167120__fold_2,numerai28-6-167120-fold-2
openml__numerai28.6__167120__fold_3,numerai28-6-167120-fold-3
openml__numerai28.6__167120__fold_4,numerai28-6-167120-fold-4
openml__numerai28.6__167120__fold_5,numerai28-6-167120-fold-5
openml__numerai28.6__167120__fold_6,numerai28-6-167120-fold-6
openml__numerai28.6__167120__fold_7,numerai28-6-167120-fold-7
openml__numerai28.6__167120__fold_8,numerai28-6-167120-fold-8
openml__numerai28.6__167120__fold_9,numerai28-6-167120-fold-9
openml__har__14970__fold_0,har-14970-fold-0
openml__har__14970__fold_1,har-14970-fold-1
openml__har__14970__fold_2,har-14970-fold-2
openml__har__14970__fold_3,har-14970-fold-3
openml__har__14970__fold_4,har-14970-fold-4
openml__har__14970__fold_5,har-14970-fold-5
openml__har__14970__fold_6,har-14970-fold-6
openml__har__14970__fold_7,har-14970-fold-7
openml__har__14970__fold_8,har-14970-fold-8
openml__har__14970__fold_9,har-14970-fold-9
openml__pc3__3903__fold_0,pc3-3903-fold-0
openml__pc3__3903__fold_1,pc3-3903-fold-1
openml__pc3__3903__fold_2,pc3-3903-fold-2
openml__pc3__3903__fold_3,pc3-3903-fold-3
openml__pc3__3903__fold_4,pc3-3903-fold-4
openml__pc3__3903__fold_5,pc3-3903-fold-5
openml__pc3__3903__fold_6,pc3-3903-fold-6
openml__pc3__3903__fold_7,pc3-3903-fold-7
openml__pc3__3903__fold_8,pc3-3903-fold-8
openml__pc3__3903__fold_9,pc3-3903-fold-9
openml__helena__168329__fold_0,helena-168329-fold-0
openml__helena__168329__fold_1,helena-168329-fold-1
openml__helena__168329__fold_2,helena-168329-fold-2
openml__helena__168329__fold_3,helena-168329-fold-3
openml__helena__168329__fold_4,helena-168329-fold-4
openml__helena__168329__fold_5,helena-168329-fold-5
openml__helena__168329__fold_6,helena-168329-fold-6
openml__helena__168329__fold_7,helena-168329-fold-7
openml__helena__168329__fold_8,helena-168329-fold-8
openml__helena__168329__fold_9,helena-168329-fold-9
openml__blood-transfusion-service-center__10101__fold_0,blood-transfusion-service-center-10101-fold-0
openml__blood-transfusion-service-center__10101__fold_1,blood-transfusion-service-center-10101-fold-1
openml__blood-transfusion-service-center__10101__fold_2,blood-transfusion-service-center-10101-fold-2
openml__blood-transfusion-service-center__10101__fold_3,blood-transfusion-service-center-10101-fold-3
openml__blood-transfusion-service-center__10101__fold_4,blood-transfusion-service-center-10101-fold-4
openml__blood-transfusion-service-center__10101__fold_5,blood-transfusion-service-center-10101-fold-5
openml__blood-transfusion-service-center__10101__fold_6,blood-transfusion-service-center-10101-fold-6
openml__blood-transfusion-service-center__10101__fold_7,blood-transfusion-service-center-10101-fold-7
openml__blood-transfusion-service-center__10101__fold_8,blood-transfusion-service-center-10101-fold-8
openml__blood-transfusion-service-center__10101__fold_9,blood-transfusion-service-center-10101-fold-9
openml__GesturePhaseSegmentationProcessed__14969__fold_0,gesturephasesegmentationprocessed-14969-fold-0
openml__GesturePhaseSegmentationProcessed__14969__fold_1,gesturephasesegmentationprocessed-14969-fold-1
openml__GesturePhaseSegmentationProcessed__14969__fold_2,gesturephasesegmentationprocessed-14969-fold-2
openml__GesturePhaseSegmentationProcessed__14969__fold_3,gesturephasesegmentationprocessed-14969-fold-3
openml__GesturePhaseSegmentationProcessed__14969__fold_4,gesturephasesegmentationprocessed-14969-fold-4
openml__GesturePhaseSegmentationProcessed__14969__fold_5,gesturephasesegmentationprocessed-14969-fold-5
openml__GesturePhaseSegmentationProcessed__14969__fold_6,gesturephasesegmentationprocessed-14969-fold-6
openml__GesturePhaseSegmentationProcessed__14969__fold_7,gesturephasesegmentationprocessed-14969-fold-7
openml__GesturePhaseSegmentationProcessed__14969__fold_8,gesturephasesegmentationprocessed-14969-fold-8
openml__GesturePhaseSegmentationProcessed__14969__fold_9,gesturephasesegmentationprocessed-14969-fold-9
openml__Bioresponse__9910__fold_0,bioresponse-9910-fold-0
openml__Bioresponse__9910__fold_1,bioresponse-9910-fold-1
openml__Bioresponse__9910__fold_2,bioresponse-9910-fold-2
openml__Bioresponse__9910__fold_3,bioresponse-9910-fold-3
openml__Bioresponse__9910__fold_4,bioresponse-9910-fold-4
openml__Bioresponse__9910__fold_5,bioresponse-9910-fold-5
openml__Bioresponse__9910__fold_6,bioresponse-9910-fold-6
openml__Bioresponse__9910__fold_7,bioresponse-9910-fold-7
openml__Bioresponse__9910__fold_8,bioresponse-9910-fold-8
openml__Bioresponse__9910__fold_9,bioresponse-9910-fold-9
openml__eeg-eye-state__14951__fold_0,eeg-eye-state-14951-fold-0
openml__eeg-eye-state__14951__fold_1,eeg-eye-state-14951-fold-1
openml__eeg-eye-state__14951__fold_2,eeg-eye-state-14951-fold-2
openml__eeg-eye-state__14951__fold_3,eeg-eye-state-14951-fold-3
openml__eeg-eye-state__14951__fold_4,eeg-eye-state-14951-fold-4
openml__eeg-eye-state__14951__fold_5,eeg-eye-state-14951-fold-5
openml__eeg-eye-state__14951__fold_6,eeg-eye-state-14951-fold-6
openml__eeg-eye-state__14951__fold_7,eeg-eye-state-14951-fold-7
openml__eeg-eye-state__14951__fold_8,eeg-eye-state-14951-fold-8
openml__eeg-eye-state__14951__fold_9,eeg-eye-state-14951-fold-9
openml__covertype__7593__fold_0,covertype-7593-fold-0
openml__covertype__7593__fold_1,covertype-7593-fold-1
openml__covertype__7593__fold_2,covertype-7593-fold-2
openml__covertype__7593__fold_3,covertype-7593-fold-3
openml__covertype__7593__fold_4,covertype-7593-fold-4
openml__covertype__7593__fold_5,covertype-7593-fold-5
openml__covertype__7593__fold_6,covertype-7593-fold-6
openml__covertype__7593__fold_7,covertype-7593-fold-7
openml__covertype__7593__fold_8,covertype-7593-fold-8
openml__covertype__7593__fold_9,covertype-7593-fold-9
openml__philippine__190410__fold_0,philippine-190410-fold-0
openml__philippine__190410__fold_1,philippine-190410-fold-1
openml__philippine__190410__fold_2,philippine-190410-fold-2
openml__philippine__190410__fold_3,philippine-190410-fold-3
openml__philippine__190410__fold_4,philippine-190410-fold-4
openml__philippine__190410__fold_5,philippine-190410-fold-5
openml__philippine__190410__fold_6,philippine-190410-fold-6
openml__philippine__190410__fold_7,philippine-190410-fold-7
openml__philippine__190410__fold_8,philippine-190410-fold-8
openml__philippine__190410__fold_9,philippine-190410-fold-9
openml__qsar-biodeg__9957__fold_0,qsar-biodeg-9957-fold-0
openml__qsar-biodeg__9957__fold_1,qsar-biodeg-9957-fold-1
openml__qsar-biodeg__9957__fold_2,qsar-biodeg-9957-fold-2
openml__qsar-biodeg__9957__fold_3,qsar-biodeg-9957-fold-3
openml__qsar-biodeg__9957__fold_4,qsar-biodeg-9957-fold-4
openml__qsar-biodeg__9957__fold_5,qsar-biodeg-9957-fold-5
openml__qsar-biodeg__9957__fold_6,qsar-biodeg-9957-fold-6
openml__qsar-biodeg__9957__fold_7,qsar-biodeg-9957-fold-7
openml__qsar-biodeg__9957__fold_8,qsar-biodeg-9957-fold-8
openml__qsar-biodeg__9957__fold_9,qsar-biodeg-9957-fold-9
openml__texture__125922__fold_0,texture-125922-fold-0
openml__texture__125922__fold_1,texture-125922-fold-1
openml__texture__125922__fold_2,texture-125922-fold-2
openml__texture__125922__fold_3,texture-125922-fold-3
openml__texture__125922__fold_4,texture-125922-fold-4
openml__texture__125922__fold_5,texture-125922-fold-5
openml__texture__125922__fold_6,texture-125922-fold-6
openml__texture__125922__fold_7,texture-125922-fold-7
openml__texture__125922__fold_8,texture-125922-fold-8
openml__texture__125922__fold_9,texture-125922-fold-9
openml__credit-g__31__fold_0,credit-g-31-fold-0
openml__credit-g__31__fold_1,credit-g-31-fold-1
openml__credit-g__31__fold_2,credit-g-31-fold-2
openml__credit-g__31__fold_3,credit-g-31-fold-3
openml__credit-g__31__fold_4,credit-g-31-fold-4
openml__credit-g__31__fold_5,credit-g-31-fold-5
openml__credit-g__31__fold_6,credit-g-31-fold-6
openml__credit-g__31__fold_7,credit-g-31-fold-7
openml__credit-g__31__fold_8,credit-g-31-fold-8
openml__credit-g__31__fold_9,credit-g-31-fold-9
openml__nomao__9977__fold_0,nomao-9977-fold-0
openml__nomao__9977__fold_1,nomao-9977-fold-1
openml__nomao__9977__fold_2,nomao-9977-fold-2
openml__nomao__9977__fold_3,nomao-9977-fold-3
openml__nomao__9977__fold_4,nomao-9977-fold-4
openml__nomao__9977__fold_5,nomao-9977-fold-5
openml__nomao__9977__fold_6,nomao-9977-fold-6
openml__nomao__9977__fold_7,nomao-9977-fold-7
openml__nomao__9977__fold_8,nomao-9977-fold-8
openml__nomao__9977__fold_9,nomao-9977-fold-9
openml__guillermo__168337__fold_0,guillermo-168337-fold-0
openml__guillermo__168337__fold_1,guillermo-168337-fold-1
openml__guillermo__168337__fold_2,guillermo-168337-fold-2
openml__guillermo__168337__fold_3,guillermo-168337-fold-3
openml__guillermo__168337__fold_4,guillermo-168337-fold-4
openml__guillermo__168337__fold_5,guillermo-168337-fold-5
openml__guillermo__168337__fold_6,guillermo-168337-fold-6
openml__guillermo__168337__fold_7,guillermo-168337-fold-7
openml__guillermo__168337__fold_8,guillermo-168337-fold-8
openml__guillermo__168337__fold_9,guillermo-168337-fold-9
openml__sylvine__168912__fold_0,sylvine-168912-fold-0
openml__sylvine__168912__fold_1,sylvine-168912-fold-1
openml__sylvine__168912__fold_2,sylvine-168912-fold-2
openml__sylvine__168912__fold_3,sylvine-168912-fold-3
openml__sylvine__168912__fold_4,sylvine-168912-fold-4
openml__sylvine__168912__fold_5,sylvine-168912-fold-5
openml__sylvine__168912__fold_6,sylvine-168912-fold-6
openml__sylvine__168912__fold_7,sylvine-168912-fold-7
openml__sylvine__168912__fold_8,sylvine-168912-fold-8
openml__sylvine__168912__fold_9,sylvine-168912-fold-9
openml__analcatdata_authorship__3549__fold_0,analcatdata-authorship-3549-fold-0
openml__analcatdata_authorship__3549__fold_1,analcatdata-authorship-3549-fold-1
openml__analcatdata_authorship__3549__fold_2,analcatdata-authorship-3549-fold-2
openml__analcatdata_authorship__3549__fold_3,analcatdata-authorship-3549-fold-3
openml__analcatdata_authorship__3549__fold_4,analcatdata-authorship-3549-fold-4
openml__analcatdata_authorship__3549__fold_5,analcatdata-authorship-3549-fold-5
openml__analcatdata_authorship__3549__fold_6,analcatdata-authorship-3549-fold-6
openml__analcatdata_authorship__3549__fold_7,analcatdata-authorship-3549-fold-7
openml__analcatdata_authorship__3549__fold_8,analcatdata-authorship-3549-fold-8
openml__analcatdata_authorship__3549__fold_9,analcatdata-authorship-3549-fold-9
openml__jannis__168330__fold_0,jannis-168330-fold-0
openml__jannis__168330__fold_1,jannis-168330-fold-1
openml__jannis__168330__fold_2,jannis-168330-fold-2
openml__jannis__168330__fold_3,jannis-168330-fold-3
openml__jannis__168330__fold_4,jannis-168330-fold-4
openml__jannis__168330__fold_5,jannis-168330-fold-5
openml__jannis__168330__fold_6,jannis-168330-fold-6
openml__jannis__168330__fold_7,jannis-168330-fold-7
openml__jannis__168330__fold_8,jannis-168330-fold-8
openml__jannis__168330__fold_9,jannis-168330-fold-9
openml__blood-transfusion-service-center__145836__fold_0,blood-transfusion-service-center-145836-fold-0
openml__blood-transfusion-service-center__145836__fold_1,blood-transfusion-service-center-145836-fold-1
openml__blood-transfusion-service-center__145836__fold_2,blood-transfusion-service-center-145836-fold-2
openml__blood-transfusion-service-center__145836__fold_3,blood-transfusion-service-center-145836-fold-3
openml__blood-transfusion-service-center__145836__fold_4,blood-transfusion-service-center-145836-fold-4
openml__blood-transfusion-service-center__145836__fold_5,blood-transfusion-service-center-145836-fold-5
openml__blood-transfusion-service-center__145836__fold_6,blood-transfusion-service-center-145836-fold-6
openml__blood-transfusion-service-center__145836__fold_7,blood-transfusion-service-center-145836-fold-7
openml__blood-transfusion-service-center__145836__fold_8,blood-transfusion-service-center-145836-fold-8
openml__blood-transfusion-service-center__145836__fold_9,blood-transfusion-service-center-145836-fold-9
openml__mfeat-factors__12__fold_0,mfeat-factors-12-fold-0
openml__mfeat-factors__12__fold_1,mfeat-factors-12-fold-1
openml__mfeat-factors__12__fold_2,mfeat-factors-12-fold-2
openml__mfeat-factors__12__fold_3,mfeat-factors-12-fold-3
openml__mfeat-factors__12__fold_4,mfeat-factors-12-fold-4
openml__mfeat-factors__12__fold_5,mfeat-factors-12-fold-5
openml__mfeat-factors__12__fold_6,mfeat-factors-12-fold-6
openml__mfeat-factors__12__fold_7,mfeat-factors-12-fold-7
openml__mfeat-factors__12__fold_8,mfeat-factors-12-fold-8
openml__mfeat-factors__12__fold_9,mfeat-factors-12-fold-9
openml__airlines__189354__fold_0,airlines-189354-fold-0
openml__airlines__189354__fold_1,airlines-189354-fold-1
openml__airlines__189354__fold_2,airlines-189354-fold-2
openml__airlines__189354__fold_3,airlines-189354-fold-3
openml__airlines__189354__fold_4,airlines-189354-fold-4
openml__airlines__189354__fold_5,airlines-189354-fold-5
openml__airlines__189354__fold_6,airlines-189354-fold-6
openml__airlines__189354__fold_7,airlines-189354-fold-7
openml__airlines__189354__fold_8,airlines-189354-fold-8
openml__airlines__189354__fold_9,airlines-189354-fold-9
openml__wdbc__9946__fold_0,wdbc-9946-fold-0
openml__wdbc__9946__fold_1,wdbc-9946-fold-1
openml__wdbc__9946__fold_2,wdbc-9946-fold-2
openml__wdbc__9946__fold_3,wdbc-9946-fold-3
openml__wdbc__9946__fold_4,wdbc-9946-fold-4
openml__wdbc__9946__fold_5,wdbc-9946-fold-5
openml__wdbc__9946__fold_6,wdbc-9946-fold-6
openml__wdbc__9946__fold_7,wdbc-9946-fold-7
openml__wdbc__9946__fold_8,wdbc-9946-fold-8
openml__wdbc__9946__fold_9,wdbc-9946-fold-9
openml__soybean__41__fold_0,soybean-41-fold-0
openml__soybean__41__fold_1,soybean-41-fold-1
openml__soybean__41__fold_2,soybean-41-fold-2
openml__soybean__41__fold_3,soybean-41-fold-3
openml__soybean__41__fold_4,soybean-41-fold-4
openml__soybean__41__fold_5,soybean-41-fold-5
openml__soybean__41__fold_6,soybean-41-fold-6
openml__soybean__41__fold_7,soybean-41-fold-7
openml__soybean__41__fold_8,soybean-41-fold-8
openml__soybean__41__fold_9,soybean-41-fold-9
openml__steel-plates-fault__146817__fold_0,steel-plates-fault-146817-fold-0
openml__steel-plates-fault__146817__fold_1,steel-plates-fault-146817-fold-1
openml__steel-plates-fault__146817__fold_2,steel-plates-fault-146817-fold-2
openml__steel-plates-fault__146817__fold_3,steel-plates-fault-146817-fold-3
openml__steel-plates-fault__146817__fold_4,steel-plates-fault-146817-fold-4
openml__steel-plates-fault__146817__fold_5,steel-plates-fault-146817-fold-5
openml__steel-plates-fault__146817__fold_6,steel-plates-fault-146817-fold-6
openml__steel-plates-fault__146817__fold_7,steel-plates-fault-146817-fold-7
openml__steel-plates-fault__146817__fold_8,steel-plates-fault-146817-fold-8
openml__steel-plates-fault__146817__fold_9,steel-plates-fault-146817-fold-9
openml__Fashion-MNIST__146825__fold_0,fashion-mnist-146825-fold-0
openml__Fashion-MNIST__146825__fold_1,fashion-mnist-146825-fold-1
openml__Fashion-MNIST__146825__fold_2,fashion-mnist-146825-fold-2
openml__Fashion-MNIST__146825__fold_3,fashion-mnist-146825-fold-3
openml__Fashion-MNIST__146825__fold_4,fashion-mnist-146825-fold-4
openml__Fashion-MNIST__146825__fold_5,fashion-mnist-146825-fold-5
openml__Fashion-MNIST__146825__fold_6,fashion-mnist-146825-fold-6
openml__Fashion-MNIST__146825__fold_7,fashion-mnist-146825-fold-7
openml__Fashion-MNIST__146825__fold_8,fashion-mnist-146825-fold-8
openml__Fashion-MNIST__146825__fold_9,fashion-mnist-146825-fold-9
openml__house_16H__3686__fold_0,house-16h-3686-fold-0
openml__house_16H__3686__fold_1,house-16h-3686-fold-1
openml__house_16H__3686__fold_2,house-16h-3686-fold-2
openml__house_16H__3686__fold_3,house-16h-3686-fold-3
openml__house_16H__3686__fold_4,house-16h-3686-fold-4
openml__house_16H__3686__fold_5,house-16h-3686-fold-5
openml__house_16H__3686__fold_6,house-16h-3686-fold-6
openml__house_16H__3686__fold_7,house-16h-3686-fold-7
openml__house_16H__3686__fold_8,house-16h-3686-fold-8
openml__house_16H__3686__fold_9,house-16h-3686-fold-9
openml__mfeat-karhunen__16__fold_0,mfeat-karhunen-16-fold-0
openml__mfeat-karhunen__16__fold_1,mfeat-karhunen-16-fold-1
openml__mfeat-karhunen__16__fold_2,mfeat-karhunen-16-fold-2
openml__mfeat-karhunen__16__fold_3,mfeat-karhunen-16-fold-3
openml__mfeat-karhunen__16__fold_4,mfeat-karhunen-16-fold-4
openml__mfeat-karhunen__16__fold_5,mfeat-karhunen-16-fold-5
openml__mfeat-karhunen__16__fold_6,mfeat-karhunen-16-fold-6
openml__mfeat-karhunen__16__fold_7,mfeat-karhunen-16-fold-7
openml__mfeat-karhunen__16__fold_8,mfeat-karhunen-16-fold-8
openml__mfeat-karhunen__16__fold_9,mfeat-karhunen-16-fold-9
openml__satimage__2074__fold_0,satimage-2074-fold-0
openml__satimage__2074__fold_1,satimage-2074-fold-1
openml__satimage__2074__fold_2,satimage-2074-fold-2
openml__satimage__2074__fold_3,satimage-2074-fold-3
openml__satimage__2074__fold_4,satimage-2074-fold-4
openml__satimage__2074__fold_5,satimage-2074-fold-5
openml__satimage__2074__fold_6,satimage-2074-fold-6
openml__satimage__2074__fold_7,satimage-2074-fold-7
openml__satimage__2074__fold_8,satimage-2074-fold-8
openml__satimage__2074__fold_9,satimage-2074-fold-9
openml__cylinder-bands__14954__fold_0,cylinder-bands-14954-fold-0
openml__cylinder-bands__14954__fold_1,cylinder-bands-14954-fold-1
openml__cylinder-bands__14954__fold_2,cylinder-bands-14954-fold-2
openml__cylinder-bands__14954__fold_3,cylinder-bands-14954-fold-3
openml__cylinder-bands__14954__fold_4,cylinder-bands-14954-fold-4
openml__cylinder-bands__14954__fold_5,cylinder-bands-14954-fold-5
openml__cylinder-bands__14954__fold_6,cylinder-bands-14954-fold-6
openml__cylinder-bands__14954__fold_7,cylinder-bands-14954-fold-7
openml__cylinder-bands__14954__fold_8,cylinder-bands-14954-fold-8
openml__cylinder-bands__14954__fold_9,cylinder-bands-14954-fold-9
openml__breast-cancer__145799__fold_0,breast-cancer-145799-fold-0
openml__breast-cancer__145799__fold_1,breast-cancer-145799-fold-1
openml__breast-cancer__145799__fold_2,breast-cancer-145799-fold-2
openml__breast-cancer__145799__fold_3,breast-cancer-145799-fold-3
openml__breast-cancer__145799__fold_4,breast-cancer-145799-fold-4
openml__breast-cancer__145799__fold_5,breast-cancer-145799-fold-5
openml__breast-cancer__145799__fold_6,breast-cancer-145799-fold-6
openml__breast-cancer__145799__fold_7,breast-cancer-145799-fold-7
openml__breast-cancer__145799__fold_8,breast-cancer-145799-fold-8
openml__breast-cancer__145799__fold_9,breast-cancer-145799-fold-9
openml__spambase__43__fold_0,spambase-43-fold-0
openml__spambase__43__fold_1,spambase-43-fold-1
openml__spambase__43__fold_2,spambase-43-fold-2
openml__spambase__43__fold_3,spambase-43-fold-3
openml__spambase__43__fold_4,spambase-43-fold-4
openml__spambase__43__fold_5,spambase-43-fold-5
openml__spambase__43__fold_6,spambase-43-fold-6
openml__spambase__43__fold_7,spambase-43-fold-7
openml__spambase__43__fold_8,spambase-43-fold-8
openml__spambase__43__fold_9,spambase-43-fold-9
openml__analcatdata_dmft__3560__fold_0,analcatdata-dmft-3560-fold-0
openml__analcatdata_dmft__3560__fold_1,analcatdata-dmft-3560-fold-1
openml__analcatdata_dmft__3560__fold_2,analcatdata-dmft-3560-fold-2
openml__analcatdata_dmft__3560__fold_3,analcatdata-dmft-3560-fold-3
openml__analcatdata_dmft__3560__fold_4,analcatdata-dmft-3560-fold-4
openml__analcatdata_dmft__3560__fold_5,analcatdata-dmft-3560-fold-5
openml__analcatdata_dmft__3560__fold_6,analcatdata-dmft-3560-fold-6
openml__analcatdata_dmft__3560__fold_7,analcatdata-dmft-3560-fold-7
openml__analcatdata_dmft__3560__fold_8,analcatdata-dmft-3560-fold-8
openml__analcatdata_dmft__3560__fold_9,analcatdata-dmft-3560-fold-9
openml__vowel__3022__fold_0,vowel-3022-fold-0
openml__vowel__3022__fold_1,vowel-3022-fold-1
openml__vowel__3022__fold_2,vowel-3022-fold-2
openml__vowel__3022__fold_3,vowel-3022-fold-3
openml__vowel__3022__fold_4,vowel-3022-fold-4
openml__vowel__3022__fold_5,vowel-3022-fold-5
openml__vowel__3022__fold_6,vowel-3022-fold-6
openml__vowel__3022__fold_7,vowel-3022-fold-7
openml__vowel__3022__fold_8,vowel-3022-fold-8
openml__vowel__3022__fold_9,vowel-3022-fold-9
openml__eucalyptus__2079__fold_0,eucalyptus-2079-fold-0
openml__eucalyptus__2079__fold_1,eucalyptus-2079-fold-1
openml__eucalyptus__2079__fold_2,eucalyptus-2079-fold-2
openml__eucalyptus__2079__fold_3,eucalyptus-2079-fold-3
openml__eucalyptus__2079__fold_4,eucalyptus-2079-fold-4
openml__eucalyptus__2079__fold_5,eucalyptus-2079-fold-5
openml__eucalyptus__2079__fold_6,eucalyptus-2079-fold-6
openml__eucalyptus__2079__fold_7,eucalyptus-2079-fold-7
openml__eucalyptus__2079__fold_8,eucalyptus-2079-fold-8
openml__eucalyptus__2079__fold_9,eucalyptus-2079-fold-9
openml__adult__7592__fold_0,adult-7592-fold-0
openml__adult__7592__fold_1,adult-7592-fold-1
openml__adult__7592__fold_2,adult-7592-fold-2
openml__adult__7592__fold_3,adult-7592-fold-3
openml__adult__7592__fold_4,adult-7592-fold-4
openml__adult__7592__fold_5,adult-7592-fold-5
openml__adult__7592__fold_6,adult-7592-fold-6
openml__adult__7592__fold_7,adult-7592-fold-7
openml__adult__7592__fold_8,adult-7592-fold-8
openml__adult__7592__fold_9,adult-7592-fold-9
openml__electricity__219__fold_0,electricity-219-fold-0
openml__electricity__219__fold_1,electricity-219-fold-1
openml__electricity__219__fold_2,electricity-219-fold-2
openml__electricity__219__fold_3,electricity-219-fold-3
openml__electricity__219__fold_4,electricity-219-fold-4
openml__electricity__219__fold_5,electricity-219-fold-5
openml__electricity__219__fold_6,electricity-219-fold-6
openml__electricity__219__fold_7,electricity-219-fold-7
openml__electricity__219__fold_8,electricity-219-fold-8
openml__electricity__219__fold_9,electricity-219-fold-9
openml__eye_movements__3897__fold_0,eye-movements-3897-fold-0
openml__eye_movements__3897__fold_1,eye-movements-3897-fold-1
openml__eye_movements__3897__fold_2,eye-movements-3897-fold-2
openml__eye_movements__3897__fold_3,eye-movements-3897-fold-3
openml__eye_movements__3897__fold_4,eye-movements-3897-fold-4
openml__eye_movements__3897__fold_5,eye-movements-3897-fold-5
openml__eye_movements__3897__fold_6,eye-movements-3897-fold-6
openml__eye_movements__3897__fold_7,eye-movements-3897-fold-7
openml__eye_movements__3897__fold_8,eye-movements-3897-fold-8
openml__eye_movements__3897__fold_9,eye-movements-3897-fold-9
openml__mfeat-zernike__22__fold_0,mfeat-zernike-22-fold-0
openml__mfeat-zernike__22__fold_1,mfeat-zernike-22-fold-1
openml__mfeat-zernike__22__fold_2,mfeat-zernike-22-fold-2
openml__mfeat-zernike__22__fold_3,mfeat-zernike-22-fold-3
openml__mfeat-zernike__22__fold_4,mfeat-zernike-22-fold-4
openml__mfeat-zernike__22__fold_5,mfeat-zernike-22-fold-5
openml__mfeat-zernike__22__fold_6,mfeat-zernike-22-fold-6
openml__mfeat-zernike__22__fold_7,mfeat-zernike-22-fold-7
openml__mfeat-zernike__22__fold_8,mfeat-zernike-22-fold-8
openml__mfeat-zernike__22__fold_9,mfeat-zernike-22-fold-9
openml__bank-marketing__14965__fold_0,bank-marketing-14965-fold-0
openml__bank-marketing__14965__fold_1,bank-marketing-14965-fold-1
openml__bank-marketing__14965__fold_2,bank-marketing-14965-fold-2
openml__bank-marketing__14965__fold_3,bank-marketing-14965-fold-3
openml__bank-marketing__14965__fold_4,bank-marketing-14965-fold-4
openml__bank-marketing__14965__fold_5,bank-marketing-14965-fold-5
openml__bank-marketing__14965__fold_6,bank-marketing-14965-fold-6
openml__bank-marketing__14965__fold_7,bank-marketing-14965-fold-7
openml__bank-marketing__14965__fold_8,bank-marketing-14965-fold-8
openml__bank-marketing__14965__fold_9,bank-marketing-14965-fold-9
openml__connect-4__146195__fold_0,connect-4-146195-fold-0
openml__connect-4__146195__fold_1,connect-4-146195-fold-1
openml__connect-4__146195__fold_2,connect-4-146195-fold-2
openml__connect-4__146195__fold_3,connect-4-146195-fold-3
openml__connect-4__146195__fold_4,connect-4-146195-fold-4
openml__connect-4__146195__fold_5,connect-4-146195-fold-5
openml__connect-4__146195__fold_6,connect-4-146195-fold-6
openml__connect-4__146195__fold_7,connect-4-146195-fold-7
openml__connect-4__146195__fold_8,connect-4-146195-fold-8
openml__connect-4__146195__fold_9,connect-4-146195-fold-9
openml__albert__189356__fold_0,albert-189356-fold-0
openml__albert__189356__fold_1,albert-189356-fold-1
openml__albert__189356__fold_2,albert-189356-fold-2
openml__albert__189356__fold_3,albert-189356-fold-3
openml__albert__189356__fold_4,albert-189356-fold-4
openml__albert__189356__fold_5,albert-189356-fold-5
openml__albert__189356__fold_6,albert-189356-fold-6
openml__albert__189356__fold_7,albert-189356-fold-7
openml__albert__189356__fold_8,albert-189356-fold-8
openml__albert__189356__fold_9,albert-189356-fold-9
openml__dilbert__168909__fold_0,dilbert-168909-fold-0
openml__dilbert__168909__fold_1,dilbert-168909-fold-1
openml__dilbert__168909__fold_2,dilbert-168909-fold-2
openml__dilbert__168909__fold_3,dilbert-168909-fold-3
openml__dilbert__168909__fold_4,dilbert-168909-fold-4
openml__dilbert__168909__fold_5,dilbert-168909-fold-5
openml__dilbert__168909__fold_6,dilbert-168909-fold-6
openml__dilbert__168909__fold_7,dilbert-168909-fold-7
openml__dilbert__168909__fold_8,dilbert-168909-fold-8
openml__dilbert__168909__fold_9,dilbert-168909-fold-9
openml__segment__146822__fold_0,segment-146822-fold-0
openml__segment__146822__fold_1,segment-146822-fold-1
openml__segment__146822__fold_2,segment-146822-fold-2
openml__segment__146822__fold_3,segment-146822-fold-3
openml__segment__146822__fold_4,segment-146822-fold-4
openml__segment__146822__fold_5,segment-146822-fold-5
openml__segment__146822__fold_6,segment-146822-fold-6
openml__segment__146822__fold_7,segment-146822-fold-7
openml__segment__146822__fold_8,segment-146822-fold-8
openml__segment__146822__fold_9,segment-146822-fold-9
openml__PhishingWebsites__14952__fold_0,phishingwebsites-14952-fold-0
openml__PhishingWebsites__14952__fold_1,phishingwebsites-14952-fold-1
openml__PhishingWebsites__14952__fold_2,phishingwebsites-14952-fold-2
openml__PhishingWebsites__14952__fold_3,phishingwebsites-14952-fold-3
openml__PhishingWebsites__14952__fold_4,phishingwebsites-14952-fold-4
openml__PhishingWebsites__14952__fold_5,phishingwebsites-14952-fold-5
openml__PhishingWebsites__14952__fold_6,phishingwebsites-14952-fold-6
openml__PhishingWebsites__14952__fold_7,phishingwebsites-14952-fold-7
openml__PhishingWebsites__14952__fold_8,phishingwebsites-14952-fold-8
openml__PhishingWebsites__14952__fold_9,phishingwebsites-14952-fold-9
